Unity Editor version:    2022.3.62f1 (4af31df58517)
Branch:                  2022.3/staging
Build type:              Release
Batch mode:              YES
macOS version:           Version 15.6 (Build 24G84)
Darwin version:          24.6.0
Architecture:            arm64
Running under Rosetta:   NO
Available memory:        8192 MB
Using pre-set license
Pro License: YES

COMMAND LINE ARGUMENTS:
/Applications/Unity/Hub/Editor/2022.3.62f1/Unity.app/Contents/MacOS/Unity
-adb2
-batchMode
-noUpm
-name
AssetImportWorker1
-projectPath
/Users/opsystem/My project
-logFile
Logs/AssetImportWorker1.log
-srvPort
59873
Successfully changed project path to: /Users/opsystem/My project
/Users/opsystem/My project
[UnityMemory] Configuration Parameters - Can be set up in boot.config
    "memorysetup-bucket-allocator-granularity=16"
    "memorysetup-bucket-allocator-bucket-count=8"
    "memorysetup-bucket-allocator-block-size=33554432"
    "memorysetup-bucket-allocator-block-count=8"
    "memorysetup-main-allocator-block-size=16777216"
    "memorysetup-thread-allocator-block-size=16777216"
    "memorysetup-gfx-main-allocator-block-size=16777216"
    "memorysetup-gfx-thread-allocator-block-size=16777216"
    "memorysetup-cache-allocator-block-size=4194304"
    "memorysetup-typetree-allocator-block-size=2097152"
    "memorysetup-profiler-bucket-allocator-granularity=16"
    "memorysetup-profiler-bucket-allocator-bucket-count=8"
    "memorysetup-profiler-bucket-allocator-block-size=33554432"
    "memorysetup-profiler-bucket-allocator-block-count=8"
    "memorysetup-profiler-allocator-block-size=16777216"
    "memorysetup-profiler-editor-allocator-block-size=1048576"
    "memorysetup-temp-allocator-size-main=16777216"
    "memorysetup-job-temp-allocator-block-size=2097152"
    "memorysetup-job-temp-allocator-block-size-background=1048576"
    "memorysetup-job-temp-allocator-reduction-small-platforms=262144"
    "memorysetup-allocator-temp-initial-block-size-main=262144"
    "memorysetup-allocator-temp-initial-block-size-worker=262144"
    "memorysetup-temp-allocator-size-background-worker=32768"
    "memorysetup-temp-allocator-size-job-worker=262144"
    "memorysetup-temp-allocator-size-preload-manager=33554432"
    "memorysetup-temp-allocator-size-nav-mesh-worker=65536"
    "memorysetup-temp-allocator-size-audio-worker=65536"
    "memorysetup-temp-allocator-size-cloud-worker=32768"
    "memorysetup-temp-allocator-size-gi-baking-worker=262144"
    "memorysetup-temp-allocator-size-gfx=262144"
Player connection [8683102400]  Target information:

Player connection [8683102400]  * "[IP] 10.22.163.82 [Port] 0 [Flags] 2 [Guid] 3232247268 [EditorId] 3232247268 [Version] 1048832 [Id] OSXEditor(0,Brunos-MacBook-Pro-5.local) [Debug] 1 [PackageName] OSXEditor [ProjectName] Editor" 

Player connection [8683102400] Host joined multi-casting on [225.0.0.222:54997]...
Player connection [8683102400] Host joined alternative multi-casting on [225.0.0.222:34997]...
Input System module state changed to: Initialized.
[PhysX] Initialized MultithreadedTaskDispatcher with 8 workers.
Refreshing native plugins compatible for Editor in 8.24 ms, found 2 plugins.
Preloading 0 native plugins for Editor in 0.00 ms.
Initialize engine version: 2022.3.62f1 (4af31df58517)
[Subsystems] Discovering subsystems at path /Applications/Unity/Hub/Editor/2022.3.62f1/Unity.app/Contents/Resources/UnitySubsystems
[Subsystems] Discovering subsystems at path /Users/opsystem/My project/Assets
GfxDevice: creating device client; threaded=0; jobified=0
 preferred device: Apple M1 (high power)
Metal devices available: 1
0: Apple M1 (high power)
Using device Apple M1 (high power)
Initializing Metal device caps: Apple M1
Initialize mono
Mono path[0] = '/Applications/Unity/Hub/Editor/2022.3.62f1/Unity.app/Contents/Managed'
Mono path[1] = '/Applications/Unity/Hub/Editor/2022.3.62f1/Unity.app/Contents/MonoBleedingEdge/lib/mono/unityjit-macos'
Mono config path = '/Applications/Unity/Hub/Editor/2022.3.62f1/Unity.app/Contents/MonoBleedingEdge/etc'
Using monoOptions --debugger-agent=transport=dt_socket,embedding=1,server=y,suspend=n,address=127.0.0.1:56544
Begin MonoManager ReloadAssembly
Registering precompiled unity dll's ...
Register platform support module: /Applications/Unity/Hub/Editor/2022.3.62f1/Unity.app/Contents/PlaybackEngines/MacStandaloneSupport/UnityEditor.OSXStandalone.Extensions.dll
Registered in 0.001957 seconds.
- Loaded All Assemblies, in  0.258 seconds
Native extension for OSXStandalone target not found
Mono: successfully reloaded assembly
- Finished resetting the current domain, in  0.161 seconds
Domain Reload Profiling: 420ms
	BeginReloadAssembly (87ms)
		ExecutionOrderSort (0ms)
		DisableScriptedObjects (0ms)
		BackupInstance (0ms)
		ReleaseScriptingObjects (0ms)
		CreateAndSetChildDomain (0ms)
	RebuildCommonClasses (26ms)
	RebuildNativeTypeToScriptingClass (8ms)
	initialDomainReloadingComplete (32ms)
	LoadAllAssembliesAndSetupDomain (106ms)
		LoadAssemblies (87ms)
		RebuildTransferFunctionScriptingTraits (0ms)
		AnalyzeDomain (103ms)
			TypeCache.Refresh (102ms)
				TypeCache.ScanAssembly (90ms)
			ScanForSourceGeneratedMonoScriptInfo (0ms)
			ResolveRequiredComponents (1ms)
	FinalizeReload (161ms)
		ReleaseScriptCaches (0ms)
		RebuildScriptCaches (0ms)
		SetupLoadedEditorAssemblies (131ms)
			LogAssemblyErrors (0ms)
			InitializePlatformSupportModulesInManaged (6ms)
			SetLoadedEditorAssemblies (4ms)
			RefreshPlugins (0ms)
			BeforeProcessingInitializeOnLoad (2ms)
			ProcessInitializeOnLoadAttributes (90ms)
			ProcessInitializeOnLoadMethodAttributes (28ms)
			AfterProcessingInitializeOnLoad (0ms)
			EditorAssembliesLoaded (0ms)
		ExecutionOrderSort2 (0ms)
		AwakeInstancesAfterBackupRestoration (0ms)
========================================================================
Worker process is ready to serve import requests
Caller must complete domain reload
Begin MonoManager ReloadAssembly
- Loaded All Assemblies, in  0.405 seconds
Native extension for OSXStandalone target not found
Mono: successfully reloaded assembly
- Finished resetting the current domain, in  0.434 seconds
Domain Reload Profiling: 836ms
	BeginReloadAssembly (83ms)
		ExecutionOrderSort (0ms)
		DisableScriptedObjects (3ms)
		BackupInstance (0ms)
		ReleaseScriptingObjects (0ms)
		CreateAndSetChildDomain (18ms)
	RebuildCommonClasses (23ms)
	RebuildNativeTypeToScriptingClass (8ms)
	initialDomainReloadingComplete (21ms)
	LoadAllAssembliesAndSetupDomain (266ms)
		LoadAssemblies (173ms)
		RebuildTransferFunctionScriptingTraits (0ms)
		AnalyzeDomain (132ms)
			TypeCache.Refresh (121ms)
				TypeCache.ScanAssembly (101ms)
			ScanForSourceGeneratedMonoScriptInfo (7ms)
			ResolveRequiredComponents (3ms)
	FinalizeReload (434ms)
		ReleaseScriptCaches (0ms)
		RebuildScriptCaches (0ms)
		SetupLoadedEditorAssemblies (350ms)
			LogAssemblyErrors (0ms)
			InitializePlatformSupportModulesInManaged (3ms)
			SetLoadedEditorAssemblies (2ms)
			RefreshPlugins (0ms)
			BeforeProcessingInitializeOnLoad (29ms)
			ProcessInitializeOnLoadAttributes (305ms)
			ProcessInitializeOnLoadMethodAttributes (10ms)
			AfterProcessingInitializeOnLoad (1ms)
			EditorAssembliesLoaded (0ms)
		ExecutionOrderSort2 (0ms)
		AwakeInstancesAfterBackupRestoration (2ms)
Launching external process: /Applications/Unity/Hub/Editor/2022.3.62f1/Unity.app/Contents/Tools/UnityShaderCompiler
Launched and connected shader compiler UnityShaderCompiler after 0.16 seconds
Refreshing native plugins compatible for Editor in 0.62 ms, found 2 plugins.
Preloading 0 native plugins for Editor in 0.00 ms.
Unloading 3232 Unused Serialized files (Serialized files now loaded: 0)
Unloading 19 unused Assets / (48.9 KB). Loaded Objects now: 3698.
Memory consumption went from 129.5 MB to 129.5 MB.
Total: 2.688458 ms (FindLiveObjects: 0.120792 ms CreateObjectMapping: 0.041917 ms MarkObjects: 2.423625 ms  DeleteObjects: 0.101375 ms)

AssetImportParameters requested are different than current active one (requested -> active):
  custom:container-demuxer-ogg: 62fdf1f143b41e24485cea50d1cbac27 -> 
  custom:video-decoder-ogg-theora: a1e56fd34408186e4bbccfd4996cb3dc -> 
  custom:CustomObjectIndexerAttribute: 9a22284fe3817be447336de3de66b15e -> 
  custom:container-demuxer-webm: 4f35f7cbe854078d1ac9338744f61a02 -> 
  custom:container-muxer-webm: aa71ff27fc2769a1b78a27578f13a17b -> 
  custom:video-decoder-webm-vp8: 9c59270c3fd7afecdb556c50c9e8de78 -> 
  custom:SearchIndexIgnoredProperties: e643bd26f0fe6173181afceb89e7c659 -> 
  custom:AudioImporter_EditorPlatform: 3918e3fc78b5a79bad01e8451be0beb8 -> 
  custom:framework-osx-AVFoundation: e770b220cccbd017edd2c1fefb359320 -> 
  custom:video-encoder-webm-vp8: eb34c28f22e8b96e1ab97ce403110664 -> 
  custom:audio-decoder-ogg-vorbis: bf7c407c2cedff20999df2af8eb42d56 -> 
  custom:audio-encoder-webm-vorbis: bf7c407c2cedff20999df2af8eb42d56 -> 
========================================================================
Received Import Request.
  Time since last request: 195638.103969 seconds.
  path: Assets/Scripts
  artifactKey: Guid(b2ce445263ff4424096f2df4b11fa098) Importer(815301076,1909f56bfc062723c751e8b465ee728b)
Start importing Assets/Scripts using Guid(b2ce445263ff4424096f2df4b11fa098) Importer(815301076,1909f56bfc062723c751e8b465ee728b) [PhysX] Initialized MultithreadedTaskDispatcher with 8 workers.
 -> (artifact id: 'c1b5b49cf75ffd0fd1880537a54060e3') in 0.001152 seconds
Number of updated asset objects reloaded before import = 0
Number of asset objects unloaded after import = 0
========================================================================
Received Prepare
Caller must complete domain reload
Begin MonoManager ReloadAssembly
Thread 0x16d39f000 may have been prematurely finalized
- Loaded All Assemblies, in  0.313 seconds
Native extension for OSXStandalone target not found
Mono: successfully reloaded assembly
- Finished resetting the current domain, in  0.707 seconds
Domain Reload Profiling: 1020ms
	BeginReloadAssembly (104ms)
		ExecutionOrderSort (0ms)
		DisableScriptedObjects (3ms)
		BackupInstance (0ms)
		ReleaseScriptingObjects (0ms)
		CreateAndSetChildDomain (41ms)
	RebuildCommonClasses (24ms)
	RebuildNativeTypeToScriptingClass (8ms)
	initialDomainReloadingComplete (18ms)
	LoadAllAssembliesAndSetupDomain (159ms)
		LoadAssemblies (168ms)
		RebuildTransferFunctionScriptingTraits (0ms)
		AnalyzeDomain (27ms)
			TypeCache.Refresh (15ms)
				TypeCache.ScanAssembly (0ms)
			ScanForSourceGeneratedMonoScriptInfo (7ms)
			ResolveRequiredComponents (4ms)
	FinalizeReload (707ms)
		ReleaseScriptCaches (0ms)
		RebuildScriptCaches (0ms)
		SetupLoadedEditorAssemblies (321ms)
			LogAssemblyErrors (0ms)
			InitializePlatformSupportModulesInManaged (3ms)
			SetLoadedEditorAssemblies (3ms)
			RefreshPlugins (0ms)
			BeforeProcessingInitializeOnLoad (30ms)
			ProcessInitializeOnLoadAttributes (275ms)
			ProcessInitializeOnLoadMethodAttributes (10ms)
			AfterProcessingInitializeOnLoad (1ms)
			EditorAssembliesLoaded (0ms)
		ExecutionOrderSort2 (0ms)
		AwakeInstancesAfterBackupRestoration (2ms)
Refreshing native plugins compatible for Editor in 0.62 ms, found 2 plugins.
Preloading 0 native plugins for Editor in 0.00 ms.
Unloading 3225 Unused Serialized files (Serialized files now loaded: 0)
Unloading 14 unused Assets / (28.5 KB). Loaded Objects now: 3702.
Memory consumption went from 136.9 MB to 136.9 MB.
Total: 2.503583 ms (FindLiveObjects: 0.128000 ms CreateObjectMapping: 0.040958 ms MarkObjects: 2.301750 ms  DeleteObjects: 0.032208 ms)

Prepare: number of updated asset objects reloaded= 0
AssetImportParameters requested are different than current active one (requested -> active):
  custom:container-demuxer-ogg: 62fdf1f143b41e24485cea50d1cbac27 -> 
  custom:video-decoder-ogg-theora: a1e56fd34408186e4bbccfd4996cb3dc -> 
  custom:CustomObjectIndexerAttribute: 9a22284fe3817be447336de3de66b15e -> 
  custom:container-demuxer-webm: 4f35f7cbe854078d1ac9338744f61a02 -> 
  custom:container-muxer-webm: aa71ff27fc2769a1b78a27578f13a17b -> 
  custom:video-decoder-webm-vp8: 9c59270c3fd7afecdb556c50c9e8de78 -> 
  custom:SearchIndexIgnoredProperties: e643bd26f0fe6173181afceb89e7c659 -> 
  custom:AudioImporter_EditorPlatform: 3918e3fc78b5a79bad01e8451be0beb8 -> 
  custom:framework-osx-AVFoundation: e770b220cccbd017edd2c1fefb359320 -> 
  custom:video-encoder-webm-vp8: eb34c28f22e8b96e1ab97ce403110664 -> 
  custom:audio-decoder-ogg-vorbis: bf7c407c2cedff20999df2af8eb42d56 -> 
  custom:scripting/monoscript/fileName/Models.cs: 2f1d24887745f24a1cc5659ec6eec06d -> 
  custom:audio-encoder-webm-vorbis: bf7c407c2cedff20999df2af8eb42d56 -> 
  custom:scripting/precompiled-assembly-types:Assembly-CSharp: cb34b20a4d0ac0361c79f70ae834c474 -> 
========================================================================
Received Prepare
Caller must complete domain reload
Begin MonoManager ReloadAssembly
Thread 0x16d39f000 may have been prematurely finalized
- Loaded All Assemblies, in  0.305 seconds
Native extension for OSXStandalone target not found
Mono: successfully reloaded assembly
- Finished resetting the current domain, in  0.741 seconds
Domain Reload Profiling: 1046ms
	BeginReloadAssembly (92ms)
		ExecutionOrderSort (0ms)
		DisableScriptedObjects (3ms)
		BackupInstance (0ms)
		ReleaseScriptingObjects (0ms)
		CreateAndSetChildDomain (30ms)
	RebuildCommonClasses (23ms)
	RebuildNativeTypeToScriptingClass (8ms)
	initialDomainReloadingComplete (17ms)
	LoadAllAssembliesAndSetupDomain (164ms)
		LoadAssemblies (166ms)
		RebuildTransferFunctionScriptingTraits (0ms)
		AnalyzeDomain (35ms)
			TypeCache.Refresh (23ms)
				TypeCache.ScanAssembly (0ms)
			ScanForSourceGeneratedMonoScriptInfo (7ms)
			ResolveRequiredComponents (4ms)
	FinalizeReload (741ms)
		ReleaseScriptCaches (0ms)
		RebuildScriptCaches (0ms)
		SetupLoadedEditorAssemblies (336ms)
			LogAssemblyErrors (0ms)
			InitializePlatformSupportModulesInManaged (3ms)
			SetLoadedEditorAssemblies (3ms)
			RefreshPlugins (0ms)
			BeforeProcessingInitializeOnLoad (31ms)
			ProcessInitializeOnLoadAttributes (289ms)
			ProcessInitializeOnLoadMethodAttributes (10ms)
			AfterProcessingInitializeOnLoad (1ms)
			EditorAssembliesLoaded (0ms)
		ExecutionOrderSort2 (0ms)
		AwakeInstancesAfterBackupRestoration (2ms)
Refreshing native plugins compatible for Editor in 0.68 ms, found 2 plugins.
Preloading 0 native plugins for Editor in 0.00 ms.
Unloading 3227 Unused Serialized files (Serialized files now loaded: 0)
Unloading 14 unused Assets / (28.5 KB). Loaded Objects now: 3706.
Memory consumption went from 145.8 MB to 145.8 MB.
Total: 2.909667 ms (FindLiveObjects: 0.138958 ms CreateObjectMapping: 0.044583 ms MarkObjects: 2.670584 ms  DeleteObjects: 0.054875 ms)

Prepare: number of updated asset objects reloaded= 0
AssetImportParameters requested are different than current active one (requested -> active):
  custom:scripting/monoscript/fileName/ObjectAgent.cs: 78bbbb551987f8aebfa3783f3092d5f1 -> 
  custom:container-demuxer-ogg: 62fdf1f143b41e24485cea50d1cbac27 -> 
  custom:video-decoder-ogg-theora: a1e56fd34408186e4bbccfd4996cb3dc -> 
  custom:CustomObjectIndexerAttribute: 9a22284fe3817be447336de3de66b15e -> 
  custom:container-demuxer-webm: 4f35f7cbe854078d1ac9338744f61a02 -> 
  custom:container-muxer-webm: aa71ff27fc2769a1b78a27578f13a17b -> 
  custom:video-decoder-webm-vp8: 9c59270c3fd7afecdb556c50c9e8de78 -> 
  custom:SearchIndexIgnoredProperties: e643bd26f0fe6173181afceb89e7c659 -> 
  custom:AudioImporter_EditorPlatform: 3918e3fc78b5a79bad01e8451be0beb8 -> 
  custom:framework-osx-AVFoundation: e770b220cccbd017edd2c1fefb359320 -> 
  custom:video-encoder-webm-vp8: eb34c28f22e8b96e1ab97ce403110664 -> 
  custom:audio-decoder-ogg-vorbis: bf7c407c2cedff20999df2af8eb42d56 -> 
  custom:scripting/monoscript/fileName/Models.cs: 2f1d24887745f24a1cc5659ec6eec06d -> 
  custom:audio-encoder-webm-vorbis: bf7c407c2cedff20999df2af8eb42d56 -> 
  custom:scripting/precompiled-assembly-types:Assembly-CSharp: 3aa175bb8b9bf02329fce5800cd5bb05 -> 
========================================================================
Received Import Request.
  Time since last request: 48.455512 seconds.
  path: Assets/Scripts/ObjectAgent.cs
  artifactKey: Guid(c19e41cc1a5254575a4f5b98517f88dc) Importer(815301076,1909f56bfc062723c751e8b465ee728b)
Start importing Assets/Scripts/ObjectAgent.cs using Guid(c19e41cc1a5254575a4f5b98517f88dc) Importer(815301076,1909f56bfc062723c751e8b465ee728b) [PhysX] Initialized MultithreadedTaskDispatcher with 8 workers.
 -> (artifact id: '02e239026abb6f14f1a7427ddfdc6c33') in 0.001303 seconds
Number of updated asset objects reloaded before import = 0
Number of asset objects unloaded after import = 0
========================================================================
Received Prepare
Caller must complete domain reload
Begin MonoManager ReloadAssembly
Thread 0x16d39f000 may have been prematurely finalized
- Loaded All Assemblies, in  0.270 seconds
Native extension for OSXStandalone target not found
Mono: successfully reloaded assembly
- Finished resetting the current domain, in  0.744 seconds
Domain Reload Profiling: 1015ms
	BeginReloadAssembly (96ms)
		ExecutionOrderSort (0ms)
		DisableScriptedObjects (3ms)
		BackupInstance (0ms)
		ReleaseScriptingObjects (0ms)
		CreateAndSetChildDomain (33ms)
	RebuildCommonClasses (23ms)
	RebuildNativeTypeToScriptingClass (8ms)
	initialDomainReloadingComplete (14ms)
	LoadAllAssembliesAndSetupDomain (129ms)
		LoadAssemblies (149ms)
		RebuildTransferFunctionScriptingTraits (0ms)
		AnalyzeDomain (18ms)
			TypeCache.Refresh (9ms)
				TypeCache.ScanAssembly (0ms)
			ScanForSourceGeneratedMonoScriptInfo (5ms)
			ResolveRequiredComponents (4ms)
	FinalizeReload (745ms)
		ReleaseScriptCaches (0ms)
		RebuildScriptCaches (0ms)
		SetupLoadedEditorAssemblies (335ms)
			LogAssemblyErrors (0ms)
			InitializePlatformSupportModulesInManaged (3ms)
			SetLoadedEditorAssemblies (3ms)
			RefreshPlugins (0ms)
			BeforeProcessingInitializeOnLoad (30ms)
			ProcessInitializeOnLoadAttributes (289ms)
			ProcessInitializeOnLoadMethodAttributes (10ms)
			AfterProcessingInitializeOnLoad (1ms)
			EditorAssembliesLoaded (0ms)
		ExecutionOrderSort2 (0ms)
		AwakeInstancesAfterBackupRestoration (2ms)
Refreshing native plugins compatible for Editor in 0.78 ms, found 2 plugins.
Preloading 0 native plugins for Editor in 0.00 ms.
Unloading 3227 Unused Serialized files (Serialized files now loaded: 0)
Unloading 14 unused Assets / (28.5 KB). Loaded Objects now: 3710.
Memory consumption went from 154.2 MB to 154.2 MB.
Total: 2.507083 ms (FindLiveObjects: 0.112041 ms CreateObjectMapping: 0.039250 ms MarkObjects: 2.317916 ms  DeleteObjects: 0.036959 ms)

Prepare: number of updated asset objects reloaded= 0
AssetImportParameters requested are different than current active one (requested -> active):
  custom:scripting/monoscript/fileName/ObjectAgent.cs: 78bbbb551987f8aebfa3783f3092d5f1 -> 
  custom:container-demuxer-ogg: 62fdf1f143b41e24485cea50d1cbac27 -> 
  custom:video-decoder-ogg-theora: a1e56fd34408186e4bbccfd4996cb3dc -> 
  custom:CustomObjectIndexerAttribute: 9a22284fe3817be447336de3de66b15e -> 
  custom:container-demuxer-webm: 4f35f7cbe854078d1ac9338744f61a02 -> 
  custom:container-muxer-webm: aa71ff27fc2769a1b78a27578f13a17b -> 
  custom:video-decoder-webm-vp8: 9c59270c3fd7afecdb556c50c9e8de78 -> 
  custom:SearchIndexIgnoredProperties: e643bd26f0fe6173181afceb89e7c659 -> 
  custom:AudioImporter_EditorPlatform: 3918e3fc78b5a79bad01e8451be0beb8 -> 
  custom:framework-osx-AVFoundation: e770b220cccbd017edd2c1fefb359320 -> 
  custom:video-encoder-webm-vp8: eb34c28f22e8b96e1ab97ce403110664 -> 
  custom:audio-decoder-ogg-vorbis: bf7c407c2cedff20999df2af8eb42d56 -> 
  custom:scripting/monoscript/fileName/Models.cs: 2f1d24887745f24a1cc5659ec6eec06d -> 
  custom:scripting/monoscript/fileName/CoordinatePoller.cs: c9ac2ca40c1a1dc312a717df933e1b50 -> 
  custom:audio-encoder-webm-vorbis: bf7c407c2cedff20999df2af8eb42d56 -> 
  custom:scripting/precompiled-assembly-types:Assembly-CSharp: 71604855b9287df4f9241f7469cb7650 -> 
========================================================================
Received Prepare
Caller must complete domain reload
Begin MonoManager ReloadAssembly
Thread 0x16d39f000 may have been prematurely finalized
- Loaded All Assemblies, in  0.319 seconds
Native extension for OSXStandalone target not found
Mono: successfully reloaded assembly
- Finished resetting the current domain, in  0.780 seconds
Domain Reload Profiling: 1099ms
	BeginReloadAssembly (103ms)
		ExecutionOrderSort (0ms)
		DisableScriptedObjects (3ms)
		BackupInstance (0ms)
		ReleaseScriptingObjects (0ms)
		CreateAndSetChildDomain (39ms)
	RebuildCommonClasses (24ms)
	RebuildNativeTypeToScriptingClass (8ms)
	initialDomainReloadingComplete (21ms)
	LoadAllAssembliesAndSetupDomain (163ms)
		LoadAssemblies (171ms)
		RebuildTransferFunctionScriptingTraits (0ms)
		AnalyzeDomain (29ms)
			TypeCache.Refresh (17ms)
				TypeCache.ScanAssembly (0ms)
			ScanForSourceGeneratedMonoScriptInfo (7ms)
			ResolveRequiredComponents (5ms)
	FinalizeReload (780ms)
		ReleaseScriptCaches (0ms)
		RebuildScriptCaches (0ms)
		SetupLoadedEditorAssemblies (337ms)
			LogAssemblyErrors (0ms)
			InitializePlatformSupportModulesInManaged (3ms)
			SetLoadedEditorAssemblies (3ms)
			RefreshPlugins (0ms)
			BeforeProcessingInitializeOnLoad (31ms)
			ProcessInitializeOnLoadAttributes (289ms)
			ProcessInitializeOnLoadMethodAttributes (11ms)
			AfterProcessingInitializeOnLoad (1ms)
			EditorAssembliesLoaded (0ms)
		ExecutionOrderSort2 (0ms)
		AwakeInstancesAfterBackupRestoration (2ms)
Refreshing native plugins compatible for Editor in 0.62 ms, found 2 plugins.
Preloading 0 native plugins for Editor in 0.00 ms.
Unloading 3228 Unused Serialized files (Serialized files now loaded: 0)
Unloading 14 unused Assets / (28.5 KB). Loaded Objects now: 3713.
Memory consumption went from 163.0 MB to 163.0 MB.
Total: 2.544208 ms (FindLiveObjects: 0.121791 ms CreateObjectMapping: 0.040250 ms MarkObjects: 2.345208 ms  DeleteObjects: 0.036375 ms)

Prepare: number of updated asset objects reloaded= 0
AssetImportParameters requested are different than current active one (requested -> active):
  custom:scripting/monoscript/fileName/ObjectAgent.cs: 78bbbb551987f8aebfa3783f3092d5f1 -> 
  custom:container-demuxer-ogg: 62fdf1f143b41e24485cea50d1cbac27 -> 
  custom:video-decoder-ogg-theora: a1e56fd34408186e4bbccfd4996cb3dc -> 
  custom:CustomObjectIndexerAttribute: 9a22284fe3817be447336de3de66b15e -> 
  custom:container-demuxer-webm: 4f35f7cbe854078d1ac9338744f61a02 -> 
  custom:container-muxer-webm: aa71ff27fc2769a1b78a27578f13a17b -> 
  custom:video-decoder-webm-vp8: 9c59270c3fd7afecdb556c50c9e8de78 -> 
  custom:SearchIndexIgnoredProperties: e643bd26f0fe6173181afceb89e7c659 -> 
  custom:AudioImporter_EditorPlatform: 3918e3fc78b5a79bad01e8451be0beb8 -> 
  custom:framework-osx-AVFoundation: e770b220cccbd017edd2c1fefb359320 -> 
  custom:video-encoder-webm-vp8: eb34c28f22e8b96e1ab97ce403110664 -> 
  custom:audio-decoder-ogg-vorbis: bf7c407c2cedff20999df2af8eb42d56 -> 
  custom:scripting/monoscript/fileName/Models.cs: 72a9bccda329dd678eddccf95c3a65ef -> 
  custom:scripting/monoscript/fileName/CoordinatePoller.cs: c9ac2ca40c1a1dc312a717df933e1b50 -> 
  custom:audio-encoder-webm-vorbis: bf7c407c2cedff20999df2af8eb42d56 -> 
  custom:scripting/precompiled-assembly-types:Assembly-CSharp: 32393dde5ec6450a2ed0948bbd760735 -> 
========================================================================
Received Prepare
Caller must complete domain reload
Begin MonoManager ReloadAssembly
Thread 0x16d39f000 may have been prematurely finalized
- Loaded All Assemblies, in  0.615 seconds
Native extension for OSXStandalone target not found
Mono: successfully reloaded assembly
- Finished resetting the current domain, in  0.872 seconds
Domain Reload Profiling: 1488ms
	BeginReloadAssembly (311ms)
		ExecutionOrderSort (0ms)
		DisableScriptedObjects (5ms)
		BackupInstance (0ms)
		ReleaseScriptingObjects (0ms)
		CreateAndSetChildDomain (133ms)
	RebuildCommonClasses (28ms)
	RebuildNativeTypeToScriptingClass (12ms)
	initialDomainReloadingComplete (27ms)
	LoadAllAssembliesAndSetupDomain (237ms)
		LoadAssemblies (350ms)
		RebuildTransferFunctionScriptingTraits (0ms)
		AnalyzeDomain (18ms)
			TypeCache.Refresh (11ms)
				TypeCache.ScanAssembly (0ms)
			ScanForSourceGeneratedMonoScriptInfo (0ms)
			ResolveRequiredComponents (7ms)
	FinalizeReload (873ms)
		ReleaseScriptCaches (0ms)
		RebuildScriptCaches (0ms)
		SetupLoadedEditorAssemblies (392ms)
			LogAssemblyErrors (0ms)
			InitializePlatformSupportModulesInManaged (5ms)
			SetLoadedEditorAssemblies (4ms)
			RefreshPlugins (0ms)
			BeforeProcessingInitializeOnLoad (34ms)
			ProcessInitializeOnLoadAttributes (336ms)
			ProcessInitializeOnLoadMethodAttributes (12ms)
			AfterProcessingInitializeOnLoad (1ms)
			EditorAssembliesLoaded (0ms)
		ExecutionOrderSort2 (0ms)
		AwakeInstancesAfterBackupRestoration (3ms)
Refreshing native plugins compatible for Editor in 0.73 ms, found 2 plugins.
Preloading 0 native plugins for Editor in 0.00 ms.
Unloading 3228 Unused Serialized files (Serialized files now loaded: 0)
Unloading 14 unused Assets / (28.6 KB). Loaded Objects now: 3716.
Memory consumption went from 171.6 MB to 171.5 MB.
Total: 3.580583 ms (FindLiveObjects: 0.260500 ms CreateObjectMapping: 0.046625 ms MarkObjects: 3.183208 ms  DeleteObjects: 0.089375 ms)

Prepare: number of updated asset objects reloaded= 0
AssetImportParameters requested are different than current active one (requested -> active):
  custom:scripting/monoscript/fileName/ObjectAgent.cs: 78bbbb551987f8aebfa3783f3092d5f1 -> 
  custom:container-demuxer-ogg: 62fdf1f143b41e24485cea50d1cbac27 -> 
  custom:video-decoder-ogg-theora: a1e56fd34408186e4bbccfd4996cb3dc -> 
  custom:CustomObjectIndexerAttribute: 9a22284fe3817be447336de3de66b15e -> 
  custom:container-demuxer-webm: 4f35f7cbe854078d1ac9338744f61a02 -> 
  custom:container-muxer-webm: aa71ff27fc2769a1b78a27578f13a17b -> 
  custom:video-decoder-webm-vp8: 9c59270c3fd7afecdb556c50c9e8de78 -> 
  custom:SearchIndexIgnoredProperties: e643bd26f0fe6173181afceb89e7c659 -> 
  custom:AudioImporter_EditorPlatform: 3918e3fc78b5a79bad01e8451be0beb8 -> 
  custom:framework-osx-AVFoundation: e770b220cccbd017edd2c1fefb359320 -> 
  custom:video-encoder-webm-vp8: eb34c28f22e8b96e1ab97ce403110664 -> 
  custom:audio-decoder-ogg-vorbis: bf7c407c2cedff20999df2af8eb42d56 -> 
  custom:scripting/monoscript/fileName/Models.cs: 72a9bccda329dd678eddccf95c3a65ef -> 
  custom:scripting/monoscript/fileName/CoordinatePoller.cs: c9ac2ca40c1a1dc312a717df933e1b50 -> 
  custom:audio-encoder-webm-vorbis: bf7c407c2cedff20999df2af8eb42d56 -> 
  custom:scripting/precompiled-assembly-types:Assembly-CSharp: 32393dde5ec6450a2ed0948bbd760735 -> 
========================================================================
Received Prepare
Caller must complete domain reload
Begin MonoManager ReloadAssembly
Thread 0x16d5c7000 may have been prematurely finalized
- Loaded All Assemblies, in  0.324 seconds
Native extension for OSXStandalone target not found
Mono: successfully reloaded assembly
- Finished resetting the current domain, in  0.621 seconds
Domain Reload Profiling: 948ms
	BeginReloadAssembly (109ms)
		ExecutionOrderSort (0ms)
		DisableScriptedObjects (3ms)
		BackupInstance (0ms)
		ReleaseScriptingObjects (0ms)
		CreateAndSetChildDomain (43ms)
	RebuildCommonClasses (24ms)
	RebuildNativeTypeToScriptingClass (8ms)
	initialDomainReloadingComplete (16ms)
	LoadAllAssembliesAndSetupDomain (170ms)
		LoadAssemblies (145ms)
		RebuildTransferFunctionScriptingTraits (0ms)
		AnalyzeDomain (60ms)
			TypeCache.Refresh (38ms)
				TypeCache.ScanAssembly (0ms)
			ScanForSourceGeneratedMonoScriptInfo (0ms)
			ResolveRequiredComponents (19ms)
	FinalizeReload (621ms)
		ReleaseScriptCaches (0ms)
		RebuildScriptCaches (0ms)
		SetupLoadedEditorAssemblies (378ms)
			LogAssemblyErrors (0ms)
			InitializePlatformSupportModulesInManaged (3ms)
			SetLoadedEditorAssemblies (3ms)
			RefreshPlugins (0ms)
			BeforeProcessingInitializeOnLoad (34ms)
			ProcessInitializeOnLoadAttributes (325ms)
			ProcessInitializeOnLoadMethodAttributes (11ms)
			AfterProcessingInitializeOnLoad (1ms)
			EditorAssembliesLoaded (0ms)
		ExecutionOrderSort2 (0ms)
		AwakeInstancesAfterBackupRestoration (2ms)
Refreshing native plugins compatible for Editor in 0.81 ms, found 2 plugins.
Preloading 0 native plugins for Editor in 0.00 ms.
Unloading 3228 Unused Serialized files (Serialized files now loaded: 0)
Unloading 14 unused Assets / (28.6 KB). Loaded Objects now: 3719.
Memory consumption went from 180.2 MB to 180.1 MB.
Total: 3.225959 ms (FindLiveObjects: 0.163750 ms CreateObjectMapping: 0.042458 ms MarkObjects: 2.972375 ms  DeleteObjects: 0.046750 ms)

Prepare: number of updated asset objects reloaded= 0
AssetImportParameters requested are different than current active one (requested -> active):
  custom:scripting/monoscript/fileName/ObjectAgent.cs: 78bbbb551987f8aebfa3783f3092d5f1 -> 
  custom:container-demuxer-ogg: 62fdf1f143b41e24485cea50d1cbac27 -> 
  custom:video-decoder-ogg-theora: a1e56fd34408186e4bbccfd4996cb3dc -> 
  custom:CustomObjectIndexerAttribute: 9a22284fe3817be447336de3de66b15e -> 
  custom:container-demuxer-webm: 4f35f7cbe854078d1ac9338744f61a02 -> 
  custom:container-muxer-webm: aa71ff27fc2769a1b78a27578f13a17b -> 
  custom:video-decoder-webm-vp8: 9c59270c3fd7afecdb556c50c9e8de78 -> 
  custom:SearchIndexIgnoredProperties: e643bd26f0fe6173181afceb89e7c659 -> 
  custom:AudioImporter_EditorPlatform: 3918e3fc78b5a79bad01e8451be0beb8 -> 
  custom:framework-osx-AVFoundation: e770b220cccbd017edd2c1fefb359320 -> 
  custom:video-encoder-webm-vp8: eb34c28f22e8b96e1ab97ce403110664 -> 
  custom:audio-decoder-ogg-vorbis: bf7c407c2cedff20999df2af8eb42d56 -> 
  custom:scripting/monoscript/fileName/Models.cs: 72a9bccda329dd678eddccf95c3a65ef -> 
  custom:scripting/monoscript/fileName/CoordinatePoller.cs: c9ac2ca40c1a1dc312a717df933e1b50 -> 
  custom:audio-encoder-webm-vorbis: bf7c407c2cedff20999df2af8eb42d56 -> 
  custom:scripting/precompiled-assembly-types:Assembly-CSharp: 32393dde5ec6450a2ed0948bbd760735 -> 
========================================================================
Received Prepare
Caller must complete domain reload
Begin MonoManager ReloadAssembly
Thread 0x16d39f000 may have been prematurely finalized
- Loaded All Assemblies, in  0.373 seconds
Native extension for OSXStandalone target not found
Mono: successfully reloaded assembly
- Finished resetting the current domain, in  0.928 seconds
Domain Reload Profiling: 1302ms
	BeginReloadAssembly (126ms)
		ExecutionOrderSort (0ms)
		DisableScriptedObjects (4ms)
		BackupInstance (0ms)
		ReleaseScriptingObjects (0ms)
		CreateAndSetChildDomain (49ms)
	RebuildCommonClasses (24ms)
	RebuildNativeTypeToScriptingClass (8ms)
	initialDomainReloadingComplete (19ms)
	LoadAllAssembliesAndSetupDomain (196ms)
		LoadAssemblies (222ms)
		RebuildTransferFunctionScriptingTraits (0ms)
		AnalyzeDomain (15ms)
			TypeCache.Refresh (10ms)
				TypeCache.ScanAssembly (0ms)
			ScanForSourceGeneratedMonoScriptInfo (0ms)
			ResolveRequiredComponents (4ms)
	FinalizeReload (928ms)
		ReleaseScriptCaches (0ms)
		RebuildScriptCaches (0ms)
		SetupLoadedEditorAssemblies (385ms)
			LogAssemblyErrors (0ms)
			InitializePlatformSupportModulesInManaged (4ms)
			SetLoadedEditorAssemblies (3ms)
			RefreshPlugins (0ms)
			BeforeProcessingInitializeOnLoad (35ms)
			ProcessInitializeOnLoadAttributes (330ms)
			ProcessInitializeOnLoadMethodAttributes (12ms)
			AfterProcessingInitializeOnLoad (1ms)
			EditorAssembliesLoaded (0ms)
		ExecutionOrderSort2 (0ms)
		AwakeInstancesAfterBackupRestoration (3ms)
Refreshing native plugins compatible for Editor in 0.92 ms, found 2 plugins.
Preloading 0 native plugins for Editor in 0.00 ms.
Unloading 3228 Unused Serialized files (Serialized files now loaded: 0)
Unloading 14 unused Assets / (28.6 KB). Loaded Objects now: 3722.
Memory consumption went from 188.7 MB to 188.7 MB.
Total: 3.021625 ms (FindLiveObjects: 0.131375 ms CreateObjectMapping: 0.049208 ms MarkObjects: 2.791583 ms  DeleteObjects: 0.048667 ms)

Prepare: number of updated asset objects reloaded= 0
AssetImportParameters requested are different than current active one (requested -> active):
  custom:scripting/monoscript/fileName/ObjectAgent.cs: 78bbbb551987f8aebfa3783f3092d5f1 -> 
  custom:container-demuxer-ogg: 62fdf1f143b41e24485cea50d1cbac27 -> 
  custom:video-decoder-ogg-theora: a1e56fd34408186e4bbccfd4996cb3dc -> 
  custom:CustomObjectIndexerAttribute: 9a22284fe3817be447336de3de66b15e -> 
  custom:container-demuxer-webm: 4f35f7cbe854078d1ac9338744f61a02 -> 
  custom:container-muxer-webm: aa71ff27fc2769a1b78a27578f13a17b -> 
  custom:video-decoder-webm-vp8: 9c59270c3fd7afecdb556c50c9e8de78 -> 
  custom:SearchIndexIgnoredProperties: e643bd26f0fe6173181afceb89e7c659 -> 
  custom:AudioImporter_EditorPlatform: 3918e3fc78b5a79bad01e8451be0beb8 -> 
  custom:framework-osx-AVFoundation: e770b220cccbd017edd2c1fefb359320 -> 
  custom:video-encoder-webm-vp8: eb34c28f22e8b96e1ab97ce403110664 -> 
  custom:audio-decoder-ogg-vorbis: bf7c407c2cedff20999df2af8eb42d56 -> 
  custom:scripting/monoscript/fileName/Models.cs: 72a9bccda329dd678eddccf95c3a65ef -> 
  custom:scripting/monoscript/fileName/CoordinatePoller.cs: c9ac2ca40c1a1dc312a717df933e1b50 -> 
  custom:audio-encoder-webm-vorbis: bf7c407c2cedff20999df2af8eb42d56 -> 
  custom:scripting/precompiled-assembly-types:Assembly-CSharp: 32393dde5ec6450a2ed0948bbd760735 -> 
========================================================================
Received Prepare
Caller must complete domain reload
Begin MonoManager ReloadAssembly
Thread 0x16c587000 may have been prematurely finalized
- Loaded All Assemblies, in  0.336 seconds
Native extension for OSXStandalone target not found
Mono: successfully reloaded assembly
- Finished resetting the current domain, in  0.878 seconds
Domain Reload Profiling: 1215ms
	BeginReloadAssembly (99ms)
		ExecutionOrderSort (0ms)
		DisableScriptedObjects (3ms)
		BackupInstance (0ms)
		ReleaseScriptingObjects (0ms)
		CreateAndSetChildDomain (35ms)
	RebuildCommonClasses (27ms)
	RebuildNativeTypeToScriptingClass (8ms)
	initialDomainReloadingComplete (24ms)
	LoadAllAssembliesAndSetupDomain (178ms)
		LoadAssemblies (185ms)
		RebuildTransferFunctionScriptingTraits (0ms)
		AnalyzeDomain (28ms)
			TypeCache.Refresh (22ms)
				TypeCache.ScanAssembly (0ms)
			ScanForSourceGeneratedMonoScriptInfo (0ms)
			ResolveRequiredComponents (6ms)
	FinalizeReload (879ms)
		ReleaseScriptCaches (0ms)
		RebuildScriptCaches (0ms)
		SetupLoadedEditorAssemblies (372ms)
			LogAssemblyErrors (0ms)
			InitializePlatformSupportModulesInManaged (3ms)
			SetLoadedEditorAssemblies (3ms)
			RefreshPlugins (0ms)
			BeforeProcessingInitializeOnLoad (33ms)
			ProcessInitializeOnLoadAttributes (321ms)
			ProcessInitializeOnLoadMethodAttributes (11ms)
			AfterProcessingInitializeOnLoad (1ms)
			EditorAssembliesLoaded (0ms)
		ExecutionOrderSort2 (0ms)
		AwakeInstancesAfterBackupRestoration (3ms)
Refreshing native plugins compatible for Editor in 0.65 ms, found 2 plugins.
Preloading 0 native plugins for Editor in 0.00 ms.
Unloading 3228 Unused Serialized files (Serialized files now loaded: 0)
Unloading 14 unused Assets / (28.5 KB). Loaded Objects now: 3725.
Memory consumption went from 197.3 MB to 197.3 MB.
Total: 2.992875 ms (FindLiveObjects: 0.222083 ms CreateObjectMapping: 0.042750 ms MarkObjects: 2.685250 ms  DeleteObjects: 0.042000 ms)

Prepare: number of updated asset objects reloaded= 0
AssetImportParameters requested are different than current active one (requested -> active):
  custom:scripting/monoscript/fileName/ObjectAgent.cs: 78bbbb551987f8aebfa3783f3092d5f1 -> 
  custom:container-demuxer-ogg: 62fdf1f143b41e24485cea50d1cbac27 -> 
  custom:video-decoder-ogg-theora: a1e56fd34408186e4bbccfd4996cb3dc -> 
  custom:CustomObjectIndexerAttribute: 9a22284fe3817be447336de3de66b15e -> 
  custom:container-demuxer-webm: 4f35f7cbe854078d1ac9338744f61a02 -> 
  custom:container-muxer-webm: aa71ff27fc2769a1b78a27578f13a17b -> 
  custom:video-decoder-webm-vp8: 9c59270c3fd7afecdb556c50c9e8de78 -> 
  custom:SearchIndexIgnoredProperties: e643bd26f0fe6173181afceb89e7c659 -> 
  custom:AudioImporter_EditorPlatform: 3918e3fc78b5a79bad01e8451be0beb8 -> 
  custom:framework-osx-AVFoundation: e770b220cccbd017edd2c1fefb359320 -> 
  custom:video-encoder-webm-vp8: eb34c28f22e8b96e1ab97ce403110664 -> 
  custom:audio-decoder-ogg-vorbis: bf7c407c2cedff20999df2af8eb42d56 -> 
  custom:scripting/monoscript/fileName/Models.cs: 72a9bccda329dd678eddccf95c3a65ef -> 
  custom:scripting/monoscript/fileName/CoordinatePoller.cs: c9ac2ca40c1a1dc312a717df933e1b50 -> 
  custom:audio-encoder-webm-vorbis: bf7c407c2cedff20999df2af8eb42d56 -> 
  custom:scripting/precompiled-assembly-types:Assembly-CSharp: 32393dde5ec6450a2ed0948bbd760735 -> 
========================================================================
Received Prepare
Caller must complete domain reload
Begin MonoManager ReloadAssembly
Thread 0x16c587000 may have been prematurely finalized
- Loaded All Assemblies, in  0.373 seconds
Native extension for OSXStandalone target not found
Mono: successfully reloaded assembly
- Finished resetting the current domain, in  0.911 seconds
Domain Reload Profiling: 1286ms
	BeginReloadAssembly (115ms)
		ExecutionOrderSort (0ms)
		DisableScriptedObjects (6ms)
		BackupInstance (0ms)
		ReleaseScriptingObjects (0ms)
		CreateAndSetChildDomain (42ms)
	RebuildCommonClasses (26ms)
	RebuildNativeTypeToScriptingClass (9ms)
	initialDomainReloadingComplete (43ms)
	LoadAllAssembliesAndSetupDomain (182ms)
		LoadAssemblies (194ms)
		RebuildTransferFunctionScriptingTraits (0ms)
		AnalyzeDomain (23ms)
			TypeCache.Refresh (19ms)
				TypeCache.ScanAssembly (0ms)
			ScanForSourceGeneratedMonoScriptInfo (0ms)
			ResolveRequiredComponents (4ms)
	FinalizeReload (911ms)
		ReleaseScriptCaches (0ms)
		RebuildScriptCaches (0ms)
		SetupLoadedEditorAssemblies (380ms)
			LogAssemblyErrors (0ms)
			InitializePlatformSupportModulesInManaged (4ms)
			SetLoadedEditorAssemblies (3ms)
			RefreshPlugins (0ms)
			BeforeProcessingInitializeOnLoad (34ms)
			ProcessInitializeOnLoadAttributes (325ms)
			ProcessInitializeOnLoadMethodAttributes (12ms)
			AfterProcessingInitializeOnLoad (1ms)
			EditorAssembliesLoaded (1ms)
		ExecutionOrderSort2 (0ms)
		AwakeInstancesAfterBackupRestoration (3ms)
Refreshing native plugins compatible for Editor in 0.55 ms, found 2 plugins.
Preloading 0 native plugins for Editor in 0.00 ms.
Unloading 3228 Unused Serialized files (Serialized files now loaded: 0)
Unloading 14 unused Assets / (28.5 KB). Loaded Objects now: 3728.
Memory consumption went from 205.9 MB to 205.9 MB.
Total: 3.360167 ms (FindLiveObjects: 0.144916 ms CreateObjectMapping: 0.040792 ms MarkObjects: 3.110833 ms  DeleteObjects: 0.063167 ms)

Prepare: number of updated asset objects reloaded= 0
AssetImportParameters requested are different than current active one (requested -> active):
  custom:scripting/monoscript/fileName/ObjectAgent.cs: 78bbbb551987f8aebfa3783f3092d5f1 -> 
  custom:container-demuxer-ogg: 62fdf1f143b41e24485cea50d1cbac27 -> 
  custom:video-decoder-ogg-theora: a1e56fd34408186e4bbccfd4996cb3dc -> 
  custom:CustomObjectIndexerAttribute: 9a22284fe3817be447336de3de66b15e -> 
  custom:container-demuxer-webm: 4f35f7cbe854078d1ac9338744f61a02 -> 
  custom:container-muxer-webm: aa71ff27fc2769a1b78a27578f13a17b -> 
  custom:video-decoder-webm-vp8: 9c59270c3fd7afecdb556c50c9e8de78 -> 
  custom:SearchIndexIgnoredProperties: e643bd26f0fe6173181afceb89e7c659 -> 
  custom:AudioImporter_EditorPlatform: 3918e3fc78b5a79bad01e8451be0beb8 -> 
  custom:framework-osx-AVFoundation: e770b220cccbd017edd2c1fefb359320 -> 
  custom:video-encoder-webm-vp8: eb34c28f22e8b96e1ab97ce403110664 -> 
  custom:audio-decoder-ogg-vorbis: bf7c407c2cedff20999df2af8eb42d56 -> 
  custom:scripting/monoscript/fileName/Models.cs: 72a9bccda329dd678eddccf95c3a65ef -> 
  custom:scripting/monoscript/fileName/CoordinatePoller.cs: c9ac2ca40c1a1dc312a717df933e1b50 -> 
  custom:audio-encoder-webm-vorbis: bf7c407c2cedff20999df2af8eb42d56 -> 
  custom:scripting/precompiled-assembly-types:Assembly-CSharp: 32393dde5ec6450a2ed0948bbd760735 -> 
========================================================================
Received Prepare
Caller must complete domain reload
Begin MonoManager ReloadAssembly
Thread 0x16c587000 may have been prematurely finalized
- Loaded All Assemblies, in  0.346 seconds
Native extension for OSXStandalone target not found
Mono: successfully reloaded assembly
- Finished resetting the current domain, in  0.827 seconds
Domain Reload Profiling: 1174ms
	BeginReloadAssembly (114ms)
		ExecutionOrderSort (0ms)
		DisableScriptedObjects (9ms)
		BackupInstance (0ms)
		ReleaseScriptingObjects (0ms)
		CreateAndSetChildDomain (41ms)
	RebuildCommonClasses (27ms)
	RebuildNativeTypeToScriptingClass (10ms)
	initialDomainReloadingComplete (16ms)
	LoadAllAssembliesAndSetupDomain (180ms)
		LoadAssemblies (195ms)
		RebuildTransferFunctionScriptingTraits (0ms)
		AnalyzeDomain (20ms)
			TypeCache.Refresh (15ms)
				TypeCache.ScanAssembly (0ms)
			ScanForSourceGeneratedMonoScriptInfo (0ms)
			ResolveRequiredComponents (5ms)
	FinalizeReload (827ms)
		ReleaseScriptCaches (0ms)
		RebuildScriptCaches (0ms)
		SetupLoadedEditorAssemblies (372ms)
			LogAssemblyErrors (0ms)
			InitializePlatformSupportModulesInManaged (3ms)
			SetLoadedEditorAssemblies (4ms)
			RefreshPlugins (0ms)
			BeforeProcessingInitializeOnLoad (33ms)
			ProcessInitializeOnLoadAttributes (319ms)
			ProcessInitializeOnLoadMethodAttributes (12ms)
			AfterProcessingInitializeOnLoad (1ms)
			EditorAssembliesLoaded (0ms)
		ExecutionOrderSort2 (0ms)
		AwakeInstancesAfterBackupRestoration (3ms)
Refreshing native plugins compatible for Editor in 0.54 ms, found 2 plugins.
Preloading 0 native plugins for Editor in 0.00 ms.
Unloading 3228 Unused Serialized files (Serialized files now loaded: 0)
Unloading 14 unused Assets / (28.6 KB). Loaded Objects now: 3731.
Memory consumption went from 214.5 MB to 214.4 MB.
Total: 3.089667 ms (FindLiveObjects: 0.129625 ms CreateObjectMapping: 0.043834 ms MarkObjects: 2.860667 ms  DeleteObjects: 0.054875 ms)

Prepare: number of updated asset objects reloaded= 0
AssetImportParameters requested are different than current active one (requested -> active):
  custom:scripting/monoscript/fileName/ObjectAgent.cs: 78bbbb551987f8aebfa3783f3092d5f1 -> 
  custom:container-demuxer-ogg: 62fdf1f143b41e24485cea50d1cbac27 -> 
  custom:video-decoder-ogg-theora: a1e56fd34408186e4bbccfd4996cb3dc -> 
  custom:CustomObjectIndexerAttribute: 9a22284fe3817be447336de3de66b15e -> 
  custom:container-demuxer-webm: 4f35f7cbe854078d1ac9338744f61a02 -> 
  custom:container-muxer-webm: aa71ff27fc2769a1b78a27578f13a17b -> 
  custom:video-decoder-webm-vp8: 9c59270c3fd7afecdb556c50c9e8de78 -> 
  custom:SearchIndexIgnoredProperties: e643bd26f0fe6173181afceb89e7c659 -> 
  custom:AudioImporter_EditorPlatform: 3918e3fc78b5a79bad01e8451be0beb8 -> 
  custom:framework-osx-AVFoundation: e770b220cccbd017edd2c1fefb359320 -> 
  custom:video-encoder-webm-vp8: eb34c28f22e8b96e1ab97ce403110664 -> 
  custom:audio-decoder-ogg-vorbis: bf7c407c2cedff20999df2af8eb42d56 -> 
  custom:scripting/monoscript/fileName/Models.cs: 72a9bccda329dd678eddccf95c3a65ef -> 
  custom:scripting/monoscript/fileName/CoordinatePoller.cs: c9ac2ca40c1a1dc312a717df933e1b50 -> 
  custom:audio-encoder-webm-vorbis: bf7c407c2cedff20999df2af8eb42d56 -> 
  custom:scripting/precompiled-assembly-types:Assembly-CSharp: 32393dde5ec6450a2ed0948bbd760735 -> 
========================================================================
Received Prepare
Caller must complete domain reload
Begin MonoManager ReloadAssembly
Thread 0x16c587000 may have been prematurely finalized
- Loaded All Assemblies, in  0.333 seconds
Native extension for OSXStandalone target not found
Mono: successfully reloaded assembly
- Finished resetting the current domain, in  0.843 seconds
Domain Reload Profiling: 1176ms
	BeginReloadAssembly (113ms)
		ExecutionOrderSort (0ms)
		DisableScriptedObjects (3ms)
		BackupInstance (0ms)
		ReleaseScriptingObjects (0ms)
		CreateAndSetChildDomain (46ms)
	RebuildCommonClasses (24ms)
	RebuildNativeTypeToScriptingClass (8ms)
	initialDomainReloadingComplete (18ms)
	LoadAllAssembliesAndSetupDomain (170ms)
		LoadAssemblies (167ms)
		RebuildTransferFunctionScriptingTraits (0ms)
		AnalyzeDomain (40ms)
			TypeCache.Refresh (34ms)
				TypeCache.ScanAssembly (0ms)
			ScanForSourceGeneratedMonoScriptInfo (0ms)
			ResolveRequiredComponents (5ms)
	FinalizeReload (843ms)
		ReleaseScriptCaches (0ms)
		RebuildScriptCaches (0ms)
		SetupLoadedEditorAssemblies (372ms)
			LogAssemblyErrors (0ms)
			InitializePlatformSupportModulesInManaged (3ms)
			SetLoadedEditorAssemblies (3ms)
			RefreshPlugins (0ms)
			BeforeProcessingInitializeOnLoad (32ms)
			ProcessInitializeOnLoadAttributes (321ms)
			ProcessInitializeOnLoadMethodAttributes (11ms)
			AfterProcessingInitializeOnLoad (1ms)
			EditorAssembliesLoaded (0ms)
		ExecutionOrderSort2 (0ms)
		AwakeInstancesAfterBackupRestoration (3ms)
Refreshing native plugins compatible for Editor in 0.53 ms, found 2 plugins.
Preloading 0 native plugins for Editor in 0.00 ms.
Unloading 3228 Unused Serialized files (Serialized files now loaded: 0)
Unloading 14 unused Assets / (28.5 KB). Loaded Objects now: 3734.
Memory consumption went from 223.0 MB to 223.0 MB.
Total: 2.968917 ms (FindLiveObjects: 0.137417 ms CreateObjectMapping: 0.045583 ms MarkObjects: 2.746292 ms  DeleteObjects: 0.039125 ms)

Prepare: number of updated asset objects reloaded= 0
AssetImportParameters requested are different than current active one (requested -> active):
  custom:scripting/monoscript/fileName/ObjectAgent.cs: 78bbbb551987f8aebfa3783f3092d5f1 -> 
  custom:container-demuxer-ogg: 62fdf1f143b41e24485cea50d1cbac27 -> 
  custom:video-decoder-ogg-theora: a1e56fd34408186e4bbccfd4996cb3dc -> 
  custom:CustomObjectIndexerAttribute: 9a22284fe3817be447336de3de66b15e -> 
  custom:container-demuxer-webm: 4f35f7cbe854078d1ac9338744f61a02 -> 
  custom:container-muxer-webm: aa71ff27fc2769a1b78a27578f13a17b -> 
  custom:video-decoder-webm-vp8: 9c59270c3fd7afecdb556c50c9e8de78 -> 
  custom:SearchIndexIgnoredProperties: e643bd26f0fe6173181afceb89e7c659 -> 
  custom:AudioImporter_EditorPlatform: 3918e3fc78b5a79bad01e8451be0beb8 -> 
  custom:framework-osx-AVFoundation: e770b220cccbd017edd2c1fefb359320 -> 
  custom:video-encoder-webm-vp8: eb34c28f22e8b96e1ab97ce403110664 -> 
  custom:audio-decoder-ogg-vorbis: bf7c407c2cedff20999df2af8eb42d56 -> 
  custom:scripting/monoscript/fileName/Models.cs: 72a9bccda329dd678eddccf95c3a65ef -> 
  custom:scripting/monoscript/fileName/CoordinatePoller.cs: c9ac2ca40c1a1dc312a717df933e1b50 -> 
  custom:audio-encoder-webm-vorbis: bf7c407c2cedff20999df2af8eb42d56 -> 
  custom:scripting/precompiled-assembly-types:Assembly-CSharp: 32393dde5ec6450a2ed0948bbd760735 -> 
========================================================================
Received Prepare
Caller must complete domain reload
Begin MonoManager ReloadAssembly
Thread 0x16c587000 may have been prematurely finalized
- Loaded All Assemblies, in  0.236 seconds
Native extension for OSXStandalone target not found
Mono: successfully reloaded assembly
- Finished resetting the current domain, in  0.619 seconds
Domain Reload Profiling: 855ms
	BeginReloadAssembly (87ms)
		ExecutionOrderSort (0ms)
		DisableScriptedObjects (4ms)
		BackupInstance (0ms)
		ReleaseScriptingObjects (0ms)
		CreateAndSetChildDomain (27ms)
	RebuildCommonClasses (23ms)
	RebuildNativeTypeToScriptingClass (8ms)
	initialDomainReloadingComplete (14ms)
	LoadAllAssembliesAndSetupDomain (104ms)
		LoadAssemblies (127ms)
		RebuildTransferFunctionScriptingTraits (0ms)
		AnalyzeDomain (12ms)
			TypeCache.Refresh (6ms)
				TypeCache.ScanAssembly (0ms)
			ScanForSourceGeneratedMonoScriptInfo (0ms)
			ResolveRequiredComponents (4ms)
	FinalizeReload (619ms)
		ReleaseScriptCaches (0ms)
		RebuildScriptCaches (0ms)
		SetupLoadedEditorAssemblies (381ms)
			LogAssemblyErrors (0ms)
			InitializePlatformSupportModulesInManaged (3ms)
			SetLoadedEditorAssemblies (3ms)
			RefreshPlugins (0ms)
			BeforeProcessingInitializeOnLoad (33ms)
			ProcessInitializeOnLoadAttributes (330ms)
			ProcessInitializeOnLoadMethodAttributes (11ms)
			AfterProcessingInitializeOnLoad (1ms)
			EditorAssembliesLoaded (0ms)
		ExecutionOrderSort2 (0ms)
		AwakeInstancesAfterBackupRestoration (3ms)
Refreshing native plugins compatible for Editor in 0.68 ms, found 2 plugins.
Preloading 0 native plugins for Editor in 0.00 ms.
Unloading 3228 Unused Serialized files (Serialized files now loaded: 0)
Unloading 14 unused Assets / (28.5 KB). Loaded Objects now: 3737.
Memory consumption went from 231.6 MB to 231.6 MB.
Total: 2.798000 ms (FindLiveObjects: 0.137916 ms CreateObjectMapping: 0.040917 ms MarkObjects: 2.580291 ms  DeleteObjects: 0.038042 ms)

Prepare: number of updated asset objects reloaded= 0
AssetImportParameters requested are different than current active one (requested -> active):
  custom:scripting/monoscript/fileName/ObjectAgent.cs: 78bbbb551987f8aebfa3783f3092d5f1 -> 
  custom:container-demuxer-ogg: 62fdf1f143b41e24485cea50d1cbac27 -> 
  custom:video-decoder-ogg-theora: a1e56fd34408186e4bbccfd4996cb3dc -> 
  custom:CustomObjectIndexerAttribute: 9a22284fe3817be447336de3de66b15e -> 
  custom:container-demuxer-webm: 4f35f7cbe854078d1ac9338744f61a02 -> 
  custom:container-muxer-webm: aa71ff27fc2769a1b78a27578f13a17b -> 
  custom:video-decoder-webm-vp8: 9c59270c3fd7afecdb556c50c9e8de78 -> 
  custom:SearchIndexIgnoredProperties: e643bd26f0fe6173181afceb89e7c659 -> 
  custom:AudioImporter_EditorPlatform: 3918e3fc78b5a79bad01e8451be0beb8 -> 
  custom:framework-osx-AVFoundation: e770b220cccbd017edd2c1fefb359320 -> 
  custom:video-encoder-webm-vp8: eb34c28f22e8b96e1ab97ce403110664 -> 
  custom:audio-decoder-ogg-vorbis: bf7c407c2cedff20999df2af8eb42d56 -> 
  custom:scripting/monoscript/fileName/Models.cs: 72a9bccda329dd678eddccf95c3a65ef -> 
  custom:scripting/monoscript/fileName/CoordinatePoller.cs: c9ac2ca40c1a1dc312a717df933e1b50 -> 
  custom:audio-encoder-webm-vorbis: bf7c407c2cedff20999df2af8eb42d56 -> 
  custom:scripting/precompiled-assembly-types:Assembly-CSharp: 32393dde5ec6450a2ed0948bbd760735 -> 
========================================================================
Received Prepare
Caller must complete domain reload
Begin MonoManager ReloadAssembly
Thread 0x16c587000 may have been prematurely finalized
- Loaded All Assemblies, in  0.365 seconds
Native extension for OSXStandalone target not found
Mono: successfully reloaded assembly
- Finished resetting the current domain, in  0.874 seconds
Domain Reload Profiling: 1239ms
	BeginReloadAssembly (137ms)
		ExecutionOrderSort (0ms)
		DisableScriptedObjects (17ms)
		BackupInstance (0ms)
		ReleaseScriptingObjects (0ms)
		CreateAndSetChildDomain (50ms)
	RebuildCommonClasses (26ms)
	RebuildNativeTypeToScriptingClass (9ms)
	initialDomainReloadingComplete (15ms)
	LoadAllAssembliesAndSetupDomain (178ms)
		LoadAssemblies (197ms)
		RebuildTransferFunctionScriptingTraits (0ms)
		AnalyzeDomain (22ms)
			TypeCache.Refresh (17ms)
				TypeCache.ScanAssembly (0ms)
			ScanForSourceGeneratedMonoScriptInfo (0ms)
			ResolveRequiredComponents (5ms)
	FinalizeReload (875ms)
		ReleaseScriptCaches (0ms)
		RebuildScriptCaches (0ms)
		SetupLoadedEditorAssemblies (382ms)
			LogAssemblyErrors (0ms)
			InitializePlatformSupportModulesInManaged (3ms)
			SetLoadedEditorAssemblies (3ms)
			RefreshPlugins (0ms)
			BeforeProcessingInitializeOnLoad (34ms)
			ProcessInitializeOnLoadAttributes (329ms)
			ProcessInitializeOnLoadMethodAttributes (12ms)
			AfterProcessingInitializeOnLoad (1ms)
			EditorAssembliesLoaded (0ms)
		ExecutionOrderSort2 (0ms)
		AwakeInstancesAfterBackupRestoration (3ms)
Refreshing native plugins compatible for Editor in 0.53 ms, found 2 plugins.
Preloading 0 native plugins for Editor in 0.00 ms.
Unloading 3228 Unused Serialized files (Serialized files now loaded: 0)
Unloading 14 unused Assets / (28.5 KB). Loaded Objects now: 3740.
Memory consumption went from 240.2 MB to 240.2 MB.
Total: 2.949292 ms (FindLiveObjects: 0.202041 ms CreateObjectMapping: 0.068917 ms MarkObjects: 2.637666 ms  DeleteObjects: 0.039917 ms)

Prepare: number of updated asset objects reloaded= 0
AssetImportParameters requested are different than current active one (requested -> active):
  custom:scripting/monoscript/fileName/ObjectAgent.cs: 78bbbb551987f8aebfa3783f3092d5f1 -> 
  custom:container-demuxer-ogg: 62fdf1f143b41e24485cea50d1cbac27 -> 
  custom:video-decoder-ogg-theora: a1e56fd34408186e4bbccfd4996cb3dc -> 
  custom:CustomObjectIndexerAttribute: 9a22284fe3817be447336de3de66b15e -> 
  custom:container-demuxer-webm: 4f35f7cbe854078d1ac9338744f61a02 -> 
  custom:container-muxer-webm: aa71ff27fc2769a1b78a27578f13a17b -> 
  custom:video-decoder-webm-vp8: 9c59270c3fd7afecdb556c50c9e8de78 -> 
  custom:SearchIndexIgnoredProperties: e643bd26f0fe6173181afceb89e7c659 -> 
  custom:AudioImporter_EditorPlatform: 3918e3fc78b5a79bad01e8451be0beb8 -> 
  custom:framework-osx-AVFoundation: e770b220cccbd017edd2c1fefb359320 -> 
  custom:video-encoder-webm-vp8: eb34c28f22e8b96e1ab97ce403110664 -> 
  custom:audio-decoder-ogg-vorbis: bf7c407c2cedff20999df2af8eb42d56 -> 
  custom:scripting/monoscript/fileName/Models.cs: 72a9bccda329dd678eddccf95c3a65ef -> 
  custom:scripting/monoscript/fileName/CoordinatePoller.cs: c9ac2ca40c1a1dc312a717df933e1b50 -> 
  custom:audio-encoder-webm-vorbis: bf7c407c2cedff20999df2af8eb42d56 -> 
  custom:scripting/precompiled-assembly-types:Assembly-CSharp: 32393dde5ec6450a2ed0948bbd760735 -> 
========================================================================
Received Prepare
Caller must complete domain reload
Begin MonoManager ReloadAssembly
Thread 0x16c587000 may have been prematurely finalized
- Loaded All Assemblies, in  0.265 seconds
Native extension for OSXStandalone target not found
Mono: successfully reloaded assembly
- Finished resetting the current domain, in  0.856 seconds
Domain Reload Profiling: 1121ms
	BeginReloadAssembly (95ms)
		ExecutionOrderSort (0ms)
		DisableScriptedObjects (3ms)
		BackupInstance (0ms)
		ReleaseScriptingObjects (0ms)
		CreateAndSetChildDomain (31ms)
	RebuildCommonClasses (24ms)
	RebuildNativeTypeToScriptingClass (8ms)
	initialDomainReloadingComplete (22ms)
	LoadAllAssembliesAndSetupDomain (116ms)
		LoadAssemblies (143ms)
		RebuildTransferFunctionScriptingTraits (0ms)
		AnalyzeDomain (11ms)
			TypeCache.Refresh (6ms)
				TypeCache.ScanAssembly (0ms)
			ScanForSourceGeneratedMonoScriptInfo (0ms)
			ResolveRequiredComponents (4ms)
	FinalizeReload (856ms)
		ReleaseScriptCaches (0ms)
		RebuildScriptCaches (0ms)
		SetupLoadedEditorAssemblies (367ms)
			LogAssemblyErrors (0ms)
			InitializePlatformSupportModulesInManaged (3ms)
			SetLoadedEditorAssemblies (3ms)
			RefreshPlugins (0ms)
			BeforeProcessingInitializeOnLoad (33ms)
			ProcessInitializeOnLoadAttributes (316ms)
			ProcessInitializeOnLoadMethodAttributes (11ms)
			AfterProcessingInitializeOnLoad (1ms)
			EditorAssembliesLoaded (0ms)
		ExecutionOrderSort2 (0ms)
		AwakeInstancesAfterBackupRestoration (3ms)
Refreshing native plugins compatible for Editor in 0.75 ms, found 2 plugins.
Preloading 0 native plugins for Editor in 0.00 ms.
Unloading 3228 Unused Serialized files (Serialized files now loaded: 0)
Unloading 14 unused Assets / (28.5 KB). Loaded Objects now: 3743.
Memory consumption went from 248.8 MB to 248.7 MB.
Total: 2.928917 ms (FindLiveObjects: 0.139916 ms CreateObjectMapping: 0.040292 ms MarkObjects: 2.703166 ms  DeleteObjects: 0.044416 ms)

Prepare: number of updated asset objects reloaded= 0
AssetImportParameters requested are different than current active one (requested -> active):
  custom:scripting/monoscript/fileName/ObjectAgent.cs: 78bbbb551987f8aebfa3783f3092d5f1 -> 
  custom:container-demuxer-ogg: 62fdf1f143b41e24485cea50d1cbac27 -> 
  custom:video-decoder-ogg-theora: a1e56fd34408186e4bbccfd4996cb3dc -> 
  custom:CustomObjectIndexerAttribute: 9a22284fe3817be447336de3de66b15e -> 
  custom:container-demuxer-webm: 4f35f7cbe854078d1ac9338744f61a02 -> 
  custom:container-muxer-webm: aa71ff27fc2769a1b78a27578f13a17b -> 
  custom:video-decoder-webm-vp8: 9c59270c3fd7afecdb556c50c9e8de78 -> 
  custom:SearchIndexIgnoredProperties: e643bd26f0fe6173181afceb89e7c659 -> 
  custom:AudioImporter_EditorPlatform: 3918e3fc78b5a79bad01e8451be0beb8 -> 
  custom:framework-osx-AVFoundation: e770b220cccbd017edd2c1fefb359320 -> 
  custom:video-encoder-webm-vp8: eb34c28f22e8b96e1ab97ce403110664 -> 
  custom:audio-decoder-ogg-vorbis: bf7c407c2cedff20999df2af8eb42d56 -> 
  custom:scripting/monoscript/fileName/Models.cs: 72a9bccda329dd678eddccf95c3a65ef -> 
  custom:scripting/monoscript/fileName/CoordinatePoller.cs: c9ac2ca40c1a1dc312a717df933e1b50 -> 
  custom:audio-encoder-webm-vorbis: bf7c407c2cedff20999df2af8eb42d56 -> 
  custom:scripting/precompiled-assembly-types:Assembly-CSharp: 32393dde5ec6450a2ed0948bbd760735 -> 
========================================================================
Received Prepare
Caller must complete domain reload
Begin MonoManager ReloadAssembly
Thread 0x16c587000 may have been prematurely finalized
- Loaded All Assemblies, in  0.327 seconds
Native extension for OSXStandalone target not found
Mono: successfully reloaded assembly
- Finished resetting the current domain, in  0.856 seconds
Domain Reload Profiling: 1183ms
	BeginReloadAssembly (102ms)
		ExecutionOrderSort (0ms)
		DisableScriptedObjects (3ms)
		BackupInstance (0ms)
		ReleaseScriptingObjects (0ms)
		CreateAndSetChildDomain (36ms)
	RebuildCommonClasses (24ms)
	RebuildNativeTypeToScriptingClass (9ms)
	initialDomainReloadingComplete (15ms)
	LoadAllAssembliesAndSetupDomain (177ms)
		LoadAssemblies (194ms)
		RebuildTransferFunctionScriptingTraits (0ms)
		AnalyzeDomain (21ms)
			TypeCache.Refresh (15ms)
				TypeCache.ScanAssembly (0ms)
			ScanForSourceGeneratedMonoScriptInfo (0ms)
			ResolveRequiredComponents (5ms)
	FinalizeReload (856ms)
		ReleaseScriptCaches (0ms)
		RebuildScriptCaches (0ms)
		SetupLoadedEditorAssemblies (369ms)
			LogAssemblyErrors (0ms)
			InitializePlatformSupportModulesInManaged (3ms)
			SetLoadedEditorAssemblies (3ms)
			RefreshPlugins (0ms)
			BeforeProcessingInitializeOnLoad (33ms)
			ProcessInitializeOnLoadAttributes (317ms)
			ProcessInitializeOnLoadMethodAttributes (11ms)
			AfterProcessingInitializeOnLoad (1ms)
			EditorAssembliesLoaded (0ms)
		ExecutionOrderSort2 (0ms)
		AwakeInstancesAfterBackupRestoration (3ms)
Refreshing native plugins compatible for Editor in 0.64 ms, found 2 plugins.
Preloading 0 native plugins for Editor in 0.00 ms.
Unloading 3228 Unused Serialized files (Serialized files now loaded: 0)
Unloading 14 unused Assets / (28.5 KB). Loaded Objects now: 3746.
Memory consumption went from 257.3 MB to 257.3 MB.
Total: 3.070250 ms (FindLiveObjects: 0.201417 ms CreateObjectMapping: 0.047333 ms MarkObjects: 2.763959 ms  DeleteObjects: 0.056167 ms)

Prepare: number of updated asset objects reloaded= 0
AssetImportParameters requested are different than current active one (requested -> active):
  custom:scripting/monoscript/fileName/ObjectAgent.cs: 78bbbb551987f8aebfa3783f3092d5f1 -> 
  custom:container-demuxer-ogg: 62fdf1f143b41e24485cea50d1cbac27 -> 
  custom:video-decoder-ogg-theora: a1e56fd34408186e4bbccfd4996cb3dc -> 
  custom:CustomObjectIndexerAttribute: 9a22284fe3817be447336de3de66b15e -> 
  custom:container-demuxer-webm: 4f35f7cbe854078d1ac9338744f61a02 -> 
  custom:container-muxer-webm: aa71ff27fc2769a1b78a27578f13a17b -> 
  custom:video-decoder-webm-vp8: 9c59270c3fd7afecdb556c50c9e8de78 -> 
  custom:SearchIndexIgnoredProperties: e643bd26f0fe6173181afceb89e7c659 -> 
  custom:AudioImporter_EditorPlatform: 3918e3fc78b5a79bad01e8451be0beb8 -> 
  custom:framework-osx-AVFoundation: e770b220cccbd017edd2c1fefb359320 -> 
  custom:video-encoder-webm-vp8: eb34c28f22e8b96e1ab97ce403110664 -> 
  custom:audio-decoder-ogg-vorbis: bf7c407c2cedff20999df2af8eb42d56 -> 
  custom:scripting/monoscript/fileName/Models.cs: 72a9bccda329dd678eddccf95c3a65ef -> 
  custom:scripting/monoscript/fileName/CoordinatePoller.cs: c9ac2ca40c1a1dc312a717df933e1b50 -> 
  custom:audio-encoder-webm-vorbis: bf7c407c2cedff20999df2af8eb42d56 -> 
  custom:scripting/precompiled-assembly-types:Assembly-CSharp: 32393dde5ec6450a2ed0948bbd760735 -> 
========================================================================
Received Prepare
Caller must complete domain reload
Begin MonoManager ReloadAssembly
Thread 0x16c587000 may have been prematurely finalized
- Loaded All Assemblies, in  0.355 seconds
Native extension for OSXStandalone target not found
Mono: successfully reloaded assembly
- Finished resetting the current domain, in  0.848 seconds
Domain Reload Profiling: 1204ms
	BeginReloadAssembly (106ms)
		ExecutionOrderSort (0ms)
		DisableScriptedObjects (3ms)
		BackupInstance (0ms)
		ReleaseScriptingObjects (0ms)
		CreateAndSetChildDomain (37ms)
	RebuildCommonClasses (23ms)
	RebuildNativeTypeToScriptingClass (8ms)
	initialDomainReloadingComplete (18ms)
	LoadAllAssembliesAndSetupDomain (200ms)
		LoadAssemblies (167ms)
		RebuildTransferFunctionScriptingTraits (0ms)
		AnalyzeDomain (67ms)
			TypeCache.Refresh (59ms)
				TypeCache.ScanAssembly (0ms)
			ScanForSourceGeneratedMonoScriptInfo (0ms)
			ResolveRequiredComponents (7ms)
	FinalizeReload (848ms)
		ReleaseScriptCaches (0ms)
		RebuildScriptCaches (0ms)
		SetupLoadedEditorAssemblies (379ms)
			LogAssemblyErrors (0ms)
			InitializePlatformSupportModulesInManaged (3ms)
			SetLoadedEditorAssemblies (3ms)
			RefreshPlugins (0ms)
			BeforeProcessingInitializeOnLoad (35ms)
			ProcessInitializeOnLoadAttributes (325ms)
			ProcessInitializeOnLoadMethodAttributes (12ms)
			AfterProcessingInitializeOnLoad (1ms)
			EditorAssembliesLoaded (0ms)
		ExecutionOrderSort2 (0ms)
		AwakeInstancesAfterBackupRestoration (3ms)
Refreshing native plugins compatible for Editor in 0.66 ms, found 2 plugins.
Preloading 0 native plugins for Editor in 0.00 ms.
Unloading 3228 Unused Serialized files (Serialized files now loaded: 0)
Unloading 14 unused Assets / (28.5 KB). Loaded Objects now: 3749.
Memory consumption went from 265.9 MB to 265.9 MB.
Total: 3.849042 ms (FindLiveObjects: 0.217541 ms CreateObjectMapping: 0.042167 ms MarkObjects: 3.524750 ms  DeleteObjects: 0.063875 ms)

Prepare: number of updated asset objects reloaded= 0
AssetImportParameters requested are different than current active one (requested -> active):
  custom:scripting/monoscript/fileName/ObjectAgent.cs: 78bbbb551987f8aebfa3783f3092d5f1 -> 
  custom:container-demuxer-ogg: 62fdf1f143b41e24485cea50d1cbac27 -> 
  custom:video-decoder-ogg-theora: a1e56fd34408186e4bbccfd4996cb3dc -> 
  custom:CustomObjectIndexerAttribute: 9a22284fe3817be447336de3de66b15e -> 
  custom:container-demuxer-webm: 4f35f7cbe854078d1ac9338744f61a02 -> 
  custom:container-muxer-webm: aa71ff27fc2769a1b78a27578f13a17b -> 
  custom:video-decoder-webm-vp8: 9c59270c3fd7afecdb556c50c9e8de78 -> 
  custom:SearchIndexIgnoredProperties: e643bd26f0fe6173181afceb89e7c659 -> 
  custom:AudioImporter_EditorPlatform: 3918e3fc78b5a79bad01e8451be0beb8 -> 
  custom:framework-osx-AVFoundation: e770b220cccbd017edd2c1fefb359320 -> 
  custom:video-encoder-webm-vp8: eb34c28f22e8b96e1ab97ce403110664 -> 
  custom:audio-decoder-ogg-vorbis: bf7c407c2cedff20999df2af8eb42d56 -> 
  custom:scripting/monoscript/fileName/Models.cs: 72a9bccda329dd678eddccf95c3a65ef -> 
  custom:scripting/monoscript/fileName/CoordinatePoller.cs: c9ac2ca40c1a1dc312a717df933e1b50 -> 
  custom:audio-encoder-webm-vorbis: bf7c407c2cedff20999df2af8eb42d56 -> 
  custom:scripting/precompiled-assembly-types:Assembly-CSharp: 32393dde5ec6450a2ed0948bbd760735 -> 
========================================================================
Received Prepare
Caller must complete domain reload
Begin MonoManager ReloadAssembly
Thread 0x16c587000 may have been prematurely finalized
- Loaded All Assemblies, in  0.407 seconds
Native extension for OSXStandalone target not found
Mono: successfully reloaded assembly
- Finished resetting the current domain, in  0.773 seconds
Domain Reload Profiling: 1181ms
	BeginReloadAssembly (139ms)
		ExecutionOrderSort (0ms)
		DisableScriptedObjects (4ms)
		BackupInstance (0ms)
		ReleaseScriptingObjects (0ms)
		CreateAndSetChildDomain (48ms)
	RebuildCommonClasses (25ms)
	RebuildNativeTypeToScriptingClass (10ms)
	initialDomainReloadingComplete (20ms)
	LoadAllAssembliesAndSetupDomain (213ms)
		LoadAssemblies (229ms)
		RebuildTransferFunctionScriptingTraits (0ms)
		AnalyzeDomain (41ms)
			TypeCache.Refresh (22ms)
				TypeCache.ScanAssembly (0ms)
			ScanForSourceGeneratedMonoScriptInfo (15ms)
			ResolveRequiredComponents (4ms)
	FinalizeReload (773ms)
		ReleaseScriptCaches (0ms)
		RebuildScriptCaches (0ms)
		SetupLoadedEditorAssemblies (346ms)
			LogAssemblyErrors (0ms)
			InitializePlatformSupportModulesInManaged (3ms)
			SetLoadedEditorAssemblies (3ms)
			RefreshPlugins (0ms)
			BeforeProcessingInitializeOnLoad (31ms)
			ProcessInitializeOnLoadAttributes (298ms)
			ProcessInitializeOnLoadMethodAttributes (11ms)
			AfterProcessingInitializeOnLoad (1ms)
			EditorAssembliesLoaded (0ms)
		ExecutionOrderSort2 (0ms)
		AwakeInstancesAfterBackupRestoration (2ms)
Refreshing native plugins compatible for Editor in 0.53 ms, found 2 plugins.
Preloading 0 native plugins for Editor in 0.00 ms.
Unloading 3228 Unused Serialized files (Serialized files now loaded: 0)
Unloading 14 unused Assets / (28.5 KB). Loaded Objects now: 3752.
Memory consumption went from 274.5 MB to 274.4 MB.
Total: 2.590083 ms (FindLiveObjects: 0.120458 ms CreateObjectMapping: 0.044000 ms MarkObjects: 2.373834 ms  DeleteObjects: 0.051250 ms)

Prepare: number of updated asset objects reloaded= 0
AssetImportParameters requested are different than current active one (requested -> active):
  custom:scripting/monoscript/fileName/ObjectAgent.cs: 78bbbb551987f8aebfa3783f3092d5f1 -> 
  custom:container-demuxer-ogg: 62fdf1f143b41e24485cea50d1cbac27 -> 
  custom:video-decoder-ogg-theora: a1e56fd34408186e4bbccfd4996cb3dc -> 
  custom:CustomObjectIndexerAttribute: 9a22284fe3817be447336de3de66b15e -> 
  custom:container-demuxer-webm: 4f35f7cbe854078d1ac9338744f61a02 -> 
  custom:container-muxer-webm: aa71ff27fc2769a1b78a27578f13a17b -> 
  custom:video-decoder-webm-vp8: 9c59270c3fd7afecdb556c50c9e8de78 -> 
  custom:SearchIndexIgnoredProperties: e643bd26f0fe6173181afceb89e7c659 -> 
  custom:AudioImporter_EditorPlatform: 3918e3fc78b5a79bad01e8451be0beb8 -> 
  custom:framework-osx-AVFoundation: e770b220cccbd017edd2c1fefb359320 -> 
  custom:video-encoder-webm-vp8: eb34c28f22e8b96e1ab97ce403110664 -> 
  custom:audio-decoder-ogg-vorbis: bf7c407c2cedff20999df2af8eb42d56 -> 
  custom:scripting/monoscript/fileName/Models.cs: 72a9bccda329dd678eddccf95c3a65ef -> 
  custom:scripting/monoscript/fileName/CoordinatePoller.cs: c9ac2ca40c1a1dc312a717df933e1b50 -> 
  custom:audio-encoder-webm-vorbis: bf7c407c2cedff20999df2af8eb42d56 -> 
  custom:scripting/precompiled-assembly-types:Assembly-CSharp: 8dfefbe94a32698fcd344bd444313170 -> 
========================================================================
Received Prepare
Caller must complete domain reload
Begin MonoManager ReloadAssembly
Thread 0x16c587000 may have been prematurely finalized
- Loaded All Assemblies, in  0.344 seconds
Native extension for OSXStandalone target not found
Mono: successfully reloaded assembly
- Finished resetting the current domain, in  0.770 seconds
Domain Reload Profiling: 1114ms
	BeginReloadAssembly (116ms)
		ExecutionOrderSort (0ms)
		DisableScriptedObjects (4ms)
		BackupInstance (0ms)
		ReleaseScriptingObjects (0ms)
		CreateAndSetChildDomain (48ms)
	RebuildCommonClasses (25ms)
	RebuildNativeTypeToScriptingClass (8ms)
	initialDomainReloadingComplete (31ms)
	LoadAllAssembliesAndSetupDomain (164ms)
		LoadAssemblies (189ms)
		RebuildTransferFunctionScriptingTraits (0ms)
		AnalyzeDomain (16ms)
			TypeCache.Refresh (12ms)
				TypeCache.ScanAssembly (0ms)
			ScanForSourceGeneratedMonoScriptInfo (0ms)
			ResolveRequiredComponents (4ms)
	FinalizeReload (770ms)
		ReleaseScriptCaches (0ms)
		RebuildScriptCaches (0ms)
		SetupLoadedEditorAssemblies (343ms)
			LogAssemblyErrors (0ms)
			InitializePlatformSupportModulesInManaged (3ms)
			SetLoadedEditorAssemblies (3ms)
			RefreshPlugins (0ms)
			BeforeProcessingInitializeOnLoad (32ms)
			ProcessInitializeOnLoadAttributes (293ms)
			ProcessInitializeOnLoadMethodAttributes (11ms)
			AfterProcessingInitializeOnLoad (1ms)
			EditorAssembliesLoaded (0ms)
		ExecutionOrderSort2 (0ms)
		AwakeInstancesAfterBackupRestoration (2ms)
Refreshing native plugins compatible for Editor in 0.98 ms, found 2 plugins.
Preloading 0 native plugins for Editor in 0.00 ms.
Unloading 3228 Unused Serialized files (Serialized files now loaded: 0)
Unloading 14 unused Assets / (28.6 KB). Loaded Objects now: 3755.
Memory consumption went from 283.1 MB to 283.0 MB.
Total: 2.834667 ms (FindLiveObjects: 0.126417 ms CreateObjectMapping: 0.043750 ms MarkObjects: 2.623625 ms  DeleteObjects: 0.039917 ms)

Prepare: number of updated asset objects reloaded= 0
AssetImportParameters requested are different than current active one (requested -> active):
  custom:scripting/monoscript/fileName/ObjectAgent.cs: 78bbbb551987f8aebfa3783f3092d5f1 -> 
  custom:container-demuxer-ogg: 62fdf1f143b41e24485cea50d1cbac27 -> 
  custom:video-decoder-ogg-theora: a1e56fd34408186e4bbccfd4996cb3dc -> 
  custom:CustomObjectIndexerAttribute: 9a22284fe3817be447336de3de66b15e -> 
  custom:container-demuxer-webm: 4f35f7cbe854078d1ac9338744f61a02 -> 
  custom:container-muxer-webm: aa71ff27fc2769a1b78a27578f13a17b -> 
  custom:video-decoder-webm-vp8: 9c59270c3fd7afecdb556c50c9e8de78 -> 
  custom:SearchIndexIgnoredProperties: e643bd26f0fe6173181afceb89e7c659 -> 
  custom:AudioImporter_EditorPlatform: 3918e3fc78b5a79bad01e8451be0beb8 -> 
  custom:framework-osx-AVFoundation: e770b220cccbd017edd2c1fefb359320 -> 
  custom:video-encoder-webm-vp8: eb34c28f22e8b96e1ab97ce403110664 -> 
  custom:audio-decoder-ogg-vorbis: bf7c407c2cedff20999df2af8eb42d56 -> 
  custom:scripting/monoscript/fileName/Models.cs: 72a9bccda329dd678eddccf95c3a65ef -> 
  custom:scripting/monoscript/fileName/CoordinatePoller.cs: c9ac2ca40c1a1dc312a717df933e1b50 -> 
  custom:audio-encoder-webm-vorbis: bf7c407c2cedff20999df2af8eb42d56 -> 
  custom:scripting/precompiled-assembly-types:Assembly-CSharp: 8dfefbe94a32698fcd344bd444313170 -> 
========================================================================
Received Prepare
Caller must complete domain reload
Begin MonoManager ReloadAssembly
Thread 0x16c587000 may have been prematurely finalized
- Loaded All Assemblies, in  0.321 seconds
Native extension for OSXStandalone target not found
Mono: successfully reloaded assembly
- Finished resetting the current domain, in  0.606 seconds
Domain Reload Profiling: 928ms
	BeginReloadAssembly (109ms)
		ExecutionOrderSort (0ms)
		DisableScriptedObjects (3ms)
		BackupInstance (0ms)
		ReleaseScriptingObjects (0ms)
		CreateAndSetChildDomain (42ms)
	RebuildCommonClasses (24ms)
	RebuildNativeTypeToScriptingClass (8ms)
	initialDomainReloadingComplete (16ms)
	LoadAllAssembliesAndSetupDomain (165ms)
		LoadAssemblies (177ms)
		RebuildTransferFunctionScriptingTraits (0ms)
		AnalyzeDomain (24ms)
			TypeCache.Refresh (19ms)
				TypeCache.ScanAssembly (0ms)
			ScanForSourceGeneratedMonoScriptInfo (0ms)
			ResolveRequiredComponents (4ms)
	FinalizeReload (606ms)
		ReleaseScriptCaches (0ms)
		RebuildScriptCaches (0ms)
		SetupLoadedEditorAssemblies (378ms)
			LogAssemblyErrors (0ms)
			InitializePlatformSupportModulesInManaged (3ms)
			SetLoadedEditorAssemblies (3ms)
			RefreshPlugins (0ms)
			BeforeProcessingInitializeOnLoad (33ms)
			ProcessInitializeOnLoadAttributes (326ms)
			ProcessInitializeOnLoadMethodAttributes (12ms)
			AfterProcessingInitializeOnLoad (1ms)
			EditorAssembliesLoaded (0ms)
		ExecutionOrderSort2 (0ms)
		AwakeInstancesAfterBackupRestoration (3ms)
Refreshing native plugins compatible for Editor in 0.72 ms, found 2 plugins.
Preloading 0 native plugins for Editor in 0.00 ms.
Unloading 3228 Unused Serialized files (Serialized files now loaded: 0)
Unloading 14 unused Assets / (28.5 KB). Loaded Objects now: 3758.
Memory consumption went from 291.6 MB to 291.6 MB.
Total: 2.901208 ms (FindLiveObjects: 0.114125 ms CreateObjectMapping: 0.039958 ms MarkObjects: 2.389334 ms  DeleteObjects: 0.356875 ms)

Prepare: number of updated asset objects reloaded= 0
AssetImportParameters requested are different than current active one (requested -> active):
  custom:scripting/monoscript/fileName/ObjectAgent.cs: 78bbbb551987f8aebfa3783f3092d5f1 -> 
  custom:container-demuxer-ogg: 62fdf1f143b41e24485cea50d1cbac27 -> 
  custom:video-decoder-ogg-theora: a1e56fd34408186e4bbccfd4996cb3dc -> 
  custom:CustomObjectIndexerAttribute: 9a22284fe3817be447336de3de66b15e -> 
  custom:container-demuxer-webm: 4f35f7cbe854078d1ac9338744f61a02 -> 
  custom:container-muxer-webm: aa71ff27fc2769a1b78a27578f13a17b -> 
  custom:video-decoder-webm-vp8: 9c59270c3fd7afecdb556c50c9e8de78 -> 
  custom:SearchIndexIgnoredProperties: e643bd26f0fe6173181afceb89e7c659 -> 
  custom:AudioImporter_EditorPlatform: 3918e3fc78b5a79bad01e8451be0beb8 -> 
  custom:framework-osx-AVFoundation: e770b220cccbd017edd2c1fefb359320 -> 
  custom:video-encoder-webm-vp8: eb34c28f22e8b96e1ab97ce403110664 -> 
  custom:audio-decoder-ogg-vorbis: bf7c407c2cedff20999df2af8eb42d56 -> 
  custom:scripting/monoscript/fileName/Models.cs: 72a9bccda329dd678eddccf95c3a65ef -> 
  custom:scripting/monoscript/fileName/CoordinatePoller.cs: c9ac2ca40c1a1dc312a717df933e1b50 -> 
  custom:audio-encoder-webm-vorbis: bf7c407c2cedff20999df2af8eb42d56 -> 
  custom:scripting/precompiled-assembly-types:Assembly-CSharp: 8dfefbe94a32698fcd344bd444313170 -> 
========================================================================
Received Prepare
Caller must complete domain reload
Begin MonoManager ReloadAssembly
Thread 0x16c587000 may have been prematurely finalized
- Loaded All Assemblies, in  0.371 seconds
Native extension for OSXStandalone target not found
Mono: successfully reloaded assembly
- Finished resetting the current domain, in  0.801 seconds
Domain Reload Profiling: 1172ms
	BeginReloadAssembly (101ms)
		ExecutionOrderSort (0ms)
		DisableScriptedObjects (3ms)
		BackupInstance (0ms)
		ReleaseScriptingObjects (0ms)
		CreateAndSetChildDomain (38ms)
	RebuildCommonClasses (24ms)
	RebuildNativeTypeToScriptingClass (9ms)
	initialDomainReloadingComplete (42ms)
	LoadAllAssembliesAndSetupDomain (195ms)
		LoadAssemblies (218ms)
		RebuildTransferFunctionScriptingTraits (0ms)
		AnalyzeDomain (14ms)
			TypeCache.Refresh (9ms)
				TypeCache.ScanAssembly (0ms)
			ScanForSourceGeneratedMonoScriptInfo (0ms)
			ResolveRequiredComponents (4ms)
	FinalizeReload (801ms)
		ReleaseScriptCaches (0ms)
		RebuildScriptCaches (0ms)
		SetupLoadedEditorAssemblies (368ms)
			LogAssemblyErrors (0ms)
			InitializePlatformSupportModulesInManaged (5ms)
			SetLoadedEditorAssemblies (3ms)
			RefreshPlugins (0ms)
			BeforeProcessingInitializeOnLoad (33ms)
			ProcessInitializeOnLoadAttributes (315ms)
			ProcessInitializeOnLoadMethodAttributes (11ms)
			AfterProcessingInitializeOnLoad (1ms)
			EditorAssembliesLoaded (0ms)
		ExecutionOrderSort2 (0ms)
		AwakeInstancesAfterBackupRestoration (3ms)
Refreshing native plugins compatible for Editor in 0.64 ms, found 2 plugins.
Preloading 0 native plugins for Editor in 0.00 ms.
Unloading 3228 Unused Serialized files (Serialized files now loaded: 0)
Unloading 14 unused Assets / (28.6 KB). Loaded Objects now: 3761.
Memory consumption went from 300.2 MB to 300.2 MB.
Total: 2.990667 ms (FindLiveObjects: 0.145334 ms CreateObjectMapping: 0.044166 ms MarkObjects: 2.734584 ms  DeleteObjects: 0.065959 ms)

Prepare: number of updated asset objects reloaded= 0
AssetImportParameters requested are different than current active one (requested -> active):
  custom:scripting/monoscript/fileName/ObjectAgent.cs: 78bbbb551987f8aebfa3783f3092d5f1 -> 
  custom:container-demuxer-ogg: 62fdf1f143b41e24485cea50d1cbac27 -> 
  custom:video-decoder-ogg-theora: a1e56fd34408186e4bbccfd4996cb3dc -> 
  custom:CustomObjectIndexerAttribute: 9a22284fe3817be447336de3de66b15e -> 
  custom:container-demuxer-webm: 4f35f7cbe854078d1ac9338744f61a02 -> 
  custom:container-muxer-webm: aa71ff27fc2769a1b78a27578f13a17b -> 
  custom:video-decoder-webm-vp8: 9c59270c3fd7afecdb556c50c9e8de78 -> 
  custom:SearchIndexIgnoredProperties: e643bd26f0fe6173181afceb89e7c659 -> 
  custom:AudioImporter_EditorPlatform: 3918e3fc78b5a79bad01e8451be0beb8 -> 
  custom:framework-osx-AVFoundation: e770b220cccbd017edd2c1fefb359320 -> 
  custom:video-encoder-webm-vp8: eb34c28f22e8b96e1ab97ce403110664 -> 
  custom:audio-decoder-ogg-vorbis: bf7c407c2cedff20999df2af8eb42d56 -> 
  custom:scripting/monoscript/fileName/Models.cs: 72a9bccda329dd678eddccf95c3a65ef -> 
  custom:scripting/monoscript/fileName/CoordinatePoller.cs: c9ac2ca40c1a1dc312a717df933e1b50 -> 
  custom:audio-encoder-webm-vorbis: bf7c407c2cedff20999df2af8eb42d56 -> 
  custom:scripting/precompiled-assembly-types:Assembly-CSharp: 8dfefbe94a32698fcd344bd444313170 -> 
========================================================================
Received Prepare
Caller must complete domain reload
Begin MonoManager ReloadAssembly
Thread 0x16b14b000 may have been prematurely finalized
- Loaded All Assemblies, in  0.318 seconds
Native extension for OSXStandalone target not found
Mono: successfully reloaded assembly
- Finished resetting the current domain, in  0.813 seconds
Domain Reload Profiling: 1131ms
	BeginReloadAssembly (106ms)
		ExecutionOrderSort (0ms)
		DisableScriptedObjects (3ms)
		BackupInstance (0ms)
		ReleaseScriptingObjects (0ms)
		CreateAndSetChildDomain (41ms)
	RebuildCommonClasses (24ms)
	RebuildNativeTypeToScriptingClass (8ms)
	initialDomainReloadingComplete (32ms)
	LoadAllAssembliesAndSetupDomain (149ms)
		LoadAssemblies (167ms)
		RebuildTransferFunctionScriptingTraits (0ms)
		AnalyzeDomain (20ms)
			TypeCache.Refresh (15ms)
				TypeCache.ScanAssembly (0ms)
			ScanForSourceGeneratedMonoScriptInfo (0ms)
			ResolveRequiredComponents (4ms)
	FinalizeReload (813ms)
		ReleaseScriptCaches (0ms)
		RebuildScriptCaches (0ms)
		SetupLoadedEditorAssemblies (369ms)
			LogAssemblyErrors (0ms)
			InitializePlatformSupportModulesInManaged (3ms)
			SetLoadedEditorAssemblies (3ms)
			RefreshPlugins (0ms)
			BeforeProcessingInitializeOnLoad (33ms)
			ProcessInitializeOnLoadAttributes (317ms)
			ProcessInitializeOnLoadMethodAttributes (12ms)
			AfterProcessingInitializeOnLoad (1ms)
			EditorAssembliesLoaded (0ms)
		ExecutionOrderSort2 (0ms)
		AwakeInstancesAfterBackupRestoration (3ms)
Refreshing native plugins compatible for Editor in 0.59 ms, found 2 plugins.
Preloading 0 native plugins for Editor in 0.00 ms.
Unloading 3228 Unused Serialized files (Serialized files now loaded: 0)
Unloading 14 unused Assets / (28.6 KB). Loaded Objects now: 3764.
Memory consumption went from 308.8 MB to 308.8 MB.
Total: 2.924625 ms (FindLiveObjects: 0.144708 ms CreateObjectMapping: 0.044167 ms MarkObjects: 2.687292 ms  DeleteObjects: 0.047792 ms)

Prepare: number of updated asset objects reloaded= 0
AssetImportParameters requested are different than current active one (requested -> active):
  custom:scripting/monoscript/fileName/ObjectAgent.cs: 78bbbb551987f8aebfa3783f3092d5f1 -> 
  custom:container-demuxer-ogg: 62fdf1f143b41e24485cea50d1cbac27 -> 
  custom:video-decoder-ogg-theora: a1e56fd34408186e4bbccfd4996cb3dc -> 
  custom:CustomObjectIndexerAttribute: 9a22284fe3817be447336de3de66b15e -> 
  custom:container-demuxer-webm: 4f35f7cbe854078d1ac9338744f61a02 -> 
  custom:container-muxer-webm: aa71ff27fc2769a1b78a27578f13a17b -> 
  custom:video-decoder-webm-vp8: 9c59270c3fd7afecdb556c50c9e8de78 -> 
  custom:SearchIndexIgnoredProperties: e643bd26f0fe6173181afceb89e7c659 -> 
  custom:AudioImporter_EditorPlatform: 3918e3fc78b5a79bad01e8451be0beb8 -> 
  custom:framework-osx-AVFoundation: e770b220cccbd017edd2c1fefb359320 -> 
  custom:video-encoder-webm-vp8: eb34c28f22e8b96e1ab97ce403110664 -> 
  custom:audio-decoder-ogg-vorbis: bf7c407c2cedff20999df2af8eb42d56 -> 
  custom:scripting/monoscript/fileName/Models.cs: 72a9bccda329dd678eddccf95c3a65ef -> 
  custom:scripting/monoscript/fileName/CoordinatePoller.cs: c9ac2ca40c1a1dc312a717df933e1b50 -> 
  custom:audio-encoder-webm-vorbis: bf7c407c2cedff20999df2af8eb42d56 -> 
  custom:scripting/precompiled-assembly-types:Assembly-CSharp: 8dfefbe94a32698fcd344bd444313170 -> 
========================================================================
Received Prepare
Caller must complete domain reload
Begin MonoManager ReloadAssembly
Thread 0x16b14b000 may have been prematurely finalized
- Loaded All Assemblies, in  0.325 seconds
Native extension for OSXStandalone target not found
Mono: successfully reloaded assembly
- Finished resetting the current domain, in  0.800 seconds
Domain Reload Profiling: 1126ms
	BeginReloadAssembly (102ms)
		ExecutionOrderSort (0ms)
		DisableScriptedObjects (5ms)
		BackupInstance (0ms)
		ReleaseScriptingObjects (0ms)
		CreateAndSetChildDomain (38ms)
	RebuildCommonClasses (24ms)
	RebuildNativeTypeToScriptingClass (8ms)
	initialDomainReloadingComplete (15ms)
	LoadAllAssembliesAndSetupDomain (176ms)
		LoadAssemblies (185ms)
		RebuildTransferFunctionScriptingTraits (0ms)
		AnalyzeDomain (26ms)
			TypeCache.Refresh (21ms)
				TypeCache.ScanAssembly (0ms)
			ScanForSourceGeneratedMonoScriptInfo (0ms)
			ResolveRequiredComponents (4ms)
	FinalizeReload (800ms)
		ReleaseScriptCaches (0ms)
		RebuildScriptCaches (0ms)
		SetupLoadedEditorAssemblies (361ms)
			LogAssemblyErrors (0ms)
			InitializePlatformSupportModulesInManaged (3ms)
			SetLoadedEditorAssemblies (3ms)
			RefreshPlugins (0ms)
			BeforeProcessingInitializeOnLoad (32ms)
			ProcessInitializeOnLoadAttributes (312ms)
			ProcessInitializeOnLoadMethodAttributes (11ms)
			AfterProcessingInitializeOnLoad (1ms)
			EditorAssembliesLoaded (0ms)
		ExecutionOrderSort2 (0ms)
		AwakeInstancesAfterBackupRestoration (3ms)
Refreshing native plugins compatible for Editor in 0.62 ms, found 2 plugins.
Preloading 0 native plugins for Editor in 0.00 ms.
Unloading 3228 Unused Serialized files (Serialized files now loaded: 0)
Unloading 14 unused Assets / (28.5 KB). Loaded Objects now: 3767.
Memory consumption went from 317.4 MB to 317.3 MB.
Total: 2.926875 ms (FindLiveObjects: 0.124375 ms CreateObjectMapping: 0.039833 ms MarkObjects: 2.710125 ms  DeleteObjects: 0.051875 ms)

Prepare: number of updated asset objects reloaded= 0
AssetImportParameters requested are different than current active one (requested -> active):
  custom:scripting/monoscript/fileName/ObjectAgent.cs: 78bbbb551987f8aebfa3783f3092d5f1 -> 
  custom:container-demuxer-ogg: 62fdf1f143b41e24485cea50d1cbac27 -> 
  custom:video-decoder-ogg-theora: a1e56fd34408186e4bbccfd4996cb3dc -> 
  custom:CustomObjectIndexerAttribute: 9a22284fe3817be447336de3de66b15e -> 
  custom:container-demuxer-webm: 4f35f7cbe854078d1ac9338744f61a02 -> 
  custom:container-muxer-webm: aa71ff27fc2769a1b78a27578f13a17b -> 
  custom:video-decoder-webm-vp8: 9c59270c3fd7afecdb556c50c9e8de78 -> 
  custom:SearchIndexIgnoredProperties: e643bd26f0fe6173181afceb89e7c659 -> 
  custom:AudioImporter_EditorPlatform: 3918e3fc78b5a79bad01e8451be0beb8 -> 
  custom:framework-osx-AVFoundation: e770b220cccbd017edd2c1fefb359320 -> 
  custom:video-encoder-webm-vp8: eb34c28f22e8b96e1ab97ce403110664 -> 
  custom:audio-decoder-ogg-vorbis: bf7c407c2cedff20999df2af8eb42d56 -> 
  custom:scripting/monoscript/fileName/Models.cs: 72a9bccda329dd678eddccf95c3a65ef -> 
  custom:scripting/monoscript/fileName/CoordinatePoller.cs: c9ac2ca40c1a1dc312a717df933e1b50 -> 
  custom:audio-encoder-webm-vorbis: bf7c407c2cedff20999df2af8eb42d56 -> 
  custom:scripting/precompiled-assembly-types:Assembly-CSharp: 8dfefbe94a32698fcd344bd444313170 -> 
========================================================================
Received Prepare
Caller must complete domain reload
Begin MonoManager ReloadAssembly
Thread 0x16b14b000 may have been prematurely finalized
- Loaded All Assemblies, in  0.366 seconds
Native extension for OSXStandalone target not found
Mono: successfully reloaded assembly
- Finished resetting the current domain, in  0.962 seconds
Domain Reload Profiling: 1329ms
	BeginReloadAssembly (123ms)
		ExecutionOrderSort (0ms)
		DisableScriptedObjects (6ms)
		BackupInstance (0ms)
		ReleaseScriptingObjects (0ms)
		CreateAndSetChildDomain (46ms)
	RebuildCommonClasses (26ms)
	RebuildNativeTypeToScriptingClass (11ms)
	initialDomainReloadingComplete (44ms)
	LoadAllAssembliesAndSetupDomain (163ms)
		LoadAssemblies (191ms)
		RebuildTransferFunctionScriptingTraits (0ms)
		AnalyzeDomain (15ms)
			TypeCache.Refresh (10ms)
				TypeCache.ScanAssembly (0ms)
			ScanForSourceGeneratedMonoScriptInfo (0ms)
			ResolveRequiredComponents (4ms)
	FinalizeReload (962ms)
		ReleaseScriptCaches (0ms)
		RebuildScriptCaches (0ms)
		SetupLoadedEditorAssemblies (391ms)
			LogAssemblyErrors (0ms)
			InitializePlatformSupportModulesInManaged (3ms)
			SetLoadedEditorAssemblies (3ms)
			RefreshPlugins (0ms)
			BeforeProcessingInitializeOnLoad (35ms)
			ProcessInitializeOnLoadAttributes (337ms)
			ProcessInitializeOnLoadMethodAttributes (12ms)
			AfterProcessingInitializeOnLoad (1ms)
			EditorAssembliesLoaded (0ms)
		ExecutionOrderSort2 (0ms)
		AwakeInstancesAfterBackupRestoration (3ms)
Refreshing native plugins compatible for Editor in 0.79 ms, found 2 plugins.
Preloading 0 native plugins for Editor in 0.00 ms.
Unloading 3228 Unused Serialized files (Serialized files now loaded: 0)
Unloading 14 unused Assets / (28.6 KB). Loaded Objects now: 3770.
Memory consumption went from 325.9 MB to 325.9 MB.
Total: 5.746917 ms (FindLiveObjects: 0.200500 ms CreateObjectMapping: 0.041083 ms MarkObjects: 5.416625 ms  DeleteObjects: 0.087625 ms)

Prepare: number of updated asset objects reloaded= 0
AssetImportParameters requested are different than current active one (requested -> active):
  custom:scripting/monoscript/fileName/ObjectAgent.cs: 78bbbb551987f8aebfa3783f3092d5f1 -> 
  custom:container-demuxer-ogg: 62fdf1f143b41e24485cea50d1cbac27 -> 
  custom:video-decoder-ogg-theora: a1e56fd34408186e4bbccfd4996cb3dc -> 
  custom:CustomObjectIndexerAttribute: 9a22284fe3817be447336de3de66b15e -> 
  custom:container-demuxer-webm: 4f35f7cbe854078d1ac9338744f61a02 -> 
  custom:container-muxer-webm: aa71ff27fc2769a1b78a27578f13a17b -> 
  custom:video-decoder-webm-vp8: 9c59270c3fd7afecdb556c50c9e8de78 -> 
  custom:SearchIndexIgnoredProperties: e643bd26f0fe6173181afceb89e7c659 -> 
  custom:AudioImporter_EditorPlatform: 3918e3fc78b5a79bad01e8451be0beb8 -> 
  custom:framework-osx-AVFoundation: e770b220cccbd017edd2c1fefb359320 -> 
  custom:video-encoder-webm-vp8: eb34c28f22e8b96e1ab97ce403110664 -> 
  custom:audio-decoder-ogg-vorbis: bf7c407c2cedff20999df2af8eb42d56 -> 
  custom:scripting/monoscript/fileName/Models.cs: 72a9bccda329dd678eddccf95c3a65ef -> 
  custom:scripting/monoscript/fileName/CoordinatePoller.cs: c9ac2ca40c1a1dc312a717df933e1b50 -> 
  custom:audio-encoder-webm-vorbis: bf7c407c2cedff20999df2af8eb42d56 -> 
  custom:scripting/precompiled-assembly-types:Assembly-CSharp: 8dfefbe94a32698fcd344bd444313170 -> 
========================================================================
Received Prepare
Caller must complete domain reload
Begin MonoManager ReloadAssembly
Thread 0x16b14b000 may have been prematurely finalized
- Loaded All Assemblies, in  0.472 seconds
Native extension for OSXStandalone target not found
Mono: successfully reloaded assembly
- Finished resetting the current domain, in  1.015 seconds
Domain Reload Profiling: 1488ms
	BeginReloadAssembly (163ms)
		ExecutionOrderSort (0ms)
		DisableScriptedObjects (7ms)
		BackupInstance (0ms)
		ReleaseScriptingObjects (0ms)
		CreateAndSetChildDomain (73ms)
	RebuildCommonClasses (51ms)
	RebuildNativeTypeToScriptingClass (19ms)
	initialDomainReloadingComplete (42ms)
	LoadAllAssembliesAndSetupDomain (198ms)
		LoadAssemblies (213ms)
		RebuildTransferFunctionScriptingTraits (0ms)
		AnalyzeDomain (31ms)
			TypeCache.Refresh (22ms)
				TypeCache.ScanAssembly (0ms)
			ScanForSourceGeneratedMonoScriptInfo (0ms)
			ResolveRequiredComponents (8ms)
	FinalizeReload (1015ms)
		ReleaseScriptCaches (0ms)
		RebuildScriptCaches (0ms)
		SetupLoadedEditorAssemblies (426ms)
			LogAssemblyErrors (0ms)
			InitializePlatformSupportModulesInManaged (4ms)
			SetLoadedEditorAssemblies (8ms)
			RefreshPlugins (0ms)
			BeforeProcessingInitializeOnLoad (43ms)
			ProcessInitializeOnLoadAttributes (359ms)
			ProcessInitializeOnLoadMethodAttributes (12ms)
			AfterProcessingInitializeOnLoad (1ms)
			EditorAssembliesLoaded (0ms)
		ExecutionOrderSort2 (0ms)
		AwakeInstancesAfterBackupRestoration (3ms)
Refreshing native plugins compatible for Editor in 0.90 ms, found 2 plugins.
Preloading 0 native plugins for Editor in 0.00 ms.
Unloading 3228 Unused Serialized files (Serialized files now loaded: 0)
Unloading 14 unused Assets / (28.6 KB). Loaded Objects now: 3773.
Memory consumption went from 334.6 MB to 334.5 MB.
Total: 3.007125 ms (FindLiveObjects: 0.186542 ms CreateObjectMapping: 0.042334 ms MarkObjects: 2.736166 ms  DeleteObjects: 0.040959 ms)

Prepare: number of updated asset objects reloaded= 0
AssetImportParameters requested are different than current active one (requested -> active):
  custom:scripting/monoscript/fileName/ObjectAgent.cs: 78bbbb551987f8aebfa3783f3092d5f1 -> 
  custom:container-demuxer-ogg: 62fdf1f143b41e24485cea50d1cbac27 -> 
  custom:video-decoder-ogg-theora: a1e56fd34408186e4bbccfd4996cb3dc -> 
  custom:CustomObjectIndexerAttribute: 9a22284fe3817be447336de3de66b15e -> 
  custom:container-demuxer-webm: 4f35f7cbe854078d1ac9338744f61a02 -> 
  custom:container-muxer-webm: aa71ff27fc2769a1b78a27578f13a17b -> 
  custom:video-decoder-webm-vp8: 9c59270c3fd7afecdb556c50c9e8de78 -> 
  custom:SearchIndexIgnoredProperties: e643bd26f0fe6173181afceb89e7c659 -> 
  custom:AudioImporter_EditorPlatform: 3918e3fc78b5a79bad01e8451be0beb8 -> 
  custom:framework-osx-AVFoundation: e770b220cccbd017edd2c1fefb359320 -> 
  custom:video-encoder-webm-vp8: eb34c28f22e8b96e1ab97ce403110664 -> 
  custom:audio-decoder-ogg-vorbis: bf7c407c2cedff20999df2af8eb42d56 -> 
  custom:scripting/monoscript/fileName/Models.cs: 72a9bccda329dd678eddccf95c3a65ef -> 
  custom:scripting/monoscript/fileName/CoordinatePoller.cs: c9ac2ca40c1a1dc312a717df933e1b50 -> 
  custom:audio-encoder-webm-vorbis: bf7c407c2cedff20999df2af8eb42d56 -> 
  custom:scripting/precompiled-assembly-types:Assembly-CSharp: 8dfefbe94a32698fcd344bd444313170 -> 
========================================================================
Received Prepare
Caller must complete domain reload
Begin MonoManager ReloadAssembly
Thread 0x16b14b000 may have been prematurely finalized
- Loaded All Assemblies, in  0.385 seconds
Native extension for OSXStandalone target not found
Mono: successfully reloaded assembly
- Finished resetting the current domain, in  1.205 seconds
Domain Reload Profiling: 1591ms
	BeginReloadAssembly (141ms)
		ExecutionOrderSort (0ms)
		DisableScriptedObjects (3ms)
		BackupInstance (0ms)
		ReleaseScriptingObjects (0ms)
		CreateAndSetChildDomain (71ms)
	RebuildCommonClasses (29ms)
	RebuildNativeTypeToScriptingClass (11ms)
	initialDomainReloadingComplete (37ms)
	LoadAllAssembliesAndSetupDomain (167ms)
		LoadAssemblies (189ms)
		RebuildTransferFunctionScriptingTraits (0ms)
		AnalyzeDomain (19ms)
			TypeCache.Refresh (14ms)
				TypeCache.ScanAssembly (0ms)
			ScanForSourceGeneratedMonoScriptInfo (0ms)
			ResolveRequiredComponents (4ms)
	FinalizeReload (1206ms)
		ReleaseScriptCaches (0ms)
		RebuildScriptCaches (0ms)
		SetupLoadedEditorAssemblies (547ms)
			LogAssemblyErrors (0ms)
			InitializePlatformSupportModulesInManaged (20ms)
			SetLoadedEditorAssemblies (8ms)
			RefreshPlugins (0ms)
			BeforeProcessingInitializeOnLoad (66ms)
			ProcessInitializeOnLoadAttributes (438ms)
			ProcessInitializeOnLoadMethodAttributes (14ms)
			AfterProcessingInitializeOnLoad (1ms)
			EditorAssembliesLoaded (0ms)
		ExecutionOrderSort2 (0ms)
		AwakeInstancesAfterBackupRestoration (3ms)
Refreshing native plugins compatible for Editor in 0.84 ms, found 2 plugins.
Preloading 0 native plugins for Editor in 0.00 ms.
Unloading 3228 Unused Serialized files (Serialized files now loaded: 0)
Unloading 14 unused Assets / (28.6 KB). Loaded Objects now: 3776.
Memory consumption went from 343.1 MB to 343.1 MB.
Total: 3.068209 ms (FindLiveObjects: 0.213875 ms CreateObjectMapping: 0.045208 ms MarkObjects: 2.734750 ms  DeleteObjects: 0.073750 ms)

Prepare: number of updated asset objects reloaded= 0
AssetImportParameters requested are different than current active one (requested -> active):
  custom:scripting/monoscript/fileName/ObjectAgent.cs: 78bbbb551987f8aebfa3783f3092d5f1 -> 
  custom:container-demuxer-ogg: 62fdf1f143b41e24485cea50d1cbac27 -> 
  custom:video-decoder-ogg-theora: a1e56fd34408186e4bbccfd4996cb3dc -> 
  custom:CustomObjectIndexerAttribute: 9a22284fe3817be447336de3de66b15e -> 
  custom:container-demuxer-webm: 4f35f7cbe854078d1ac9338744f61a02 -> 
  custom:container-muxer-webm: aa71ff27fc2769a1b78a27578f13a17b -> 
  custom:video-decoder-webm-vp8: 9c59270c3fd7afecdb556c50c9e8de78 -> 
  custom:SearchIndexIgnoredProperties: e643bd26f0fe6173181afceb89e7c659 -> 
  custom:AudioImporter_EditorPlatform: 3918e3fc78b5a79bad01e8451be0beb8 -> 
  custom:framework-osx-AVFoundation: e770b220cccbd017edd2c1fefb359320 -> 
  custom:video-encoder-webm-vp8: eb34c28f22e8b96e1ab97ce403110664 -> 
  custom:audio-decoder-ogg-vorbis: bf7c407c2cedff20999df2af8eb42d56 -> 
  custom:scripting/monoscript/fileName/Models.cs: 72a9bccda329dd678eddccf95c3a65ef -> 
  custom:scripting/monoscript/fileName/CoordinatePoller.cs: c9ac2ca40c1a1dc312a717df933e1b50 -> 
  custom:audio-encoder-webm-vorbis: bf7c407c2cedff20999df2af8eb42d56 -> 
  custom:scripting/precompiled-assembly-types:Assembly-CSharp: 8dfefbe94a32698fcd344bd444313170 -> 
========================================================================
Received Prepare
Caller must complete domain reload
Begin MonoManager ReloadAssembly
Thread 0x16b14b000 may have been prematurely finalized
- Loaded All Assemblies, in  0.415 seconds
Native extension for OSXStandalone target not found
Mono: successfully reloaded assembly
- Finished resetting the current domain, in  1.022 seconds
Domain Reload Profiling: 1438ms
	BeginReloadAssembly (133ms)
		ExecutionOrderSort (0ms)
		DisableScriptedObjects (4ms)
		BackupInstance (0ms)
		ReleaseScriptingObjects (0ms)
		CreateAndSetChildDomain (50ms)
	RebuildCommonClasses (33ms)
	RebuildNativeTypeToScriptingClass (10ms)
	initialDomainReloadingComplete (49ms)
	LoadAllAssembliesAndSetupDomain (190ms)
		LoadAssemblies (215ms)
		RebuildTransferFunctionScriptingTraits (0ms)
		AnalyzeDomain (17ms)
			TypeCache.Refresh (12ms)
				TypeCache.ScanAssembly (0ms)
			ScanForSourceGeneratedMonoScriptInfo (0ms)
			ResolveRequiredComponents (5ms)
	FinalizeReload (1022ms)
		ReleaseScriptCaches (0ms)
		RebuildScriptCaches (0ms)
		SetupLoadedEditorAssemblies (470ms)
			LogAssemblyErrors (0ms)
			InitializePlatformSupportModulesInManaged (3ms)
			SetLoadedEditorAssemblies (3ms)
			RefreshPlugins (0ms)
			BeforeProcessingInitializeOnLoad (34ms)
			ProcessInitializeOnLoadAttributes (416ms)
			ProcessInitializeOnLoadMethodAttributes (12ms)
			AfterProcessingInitializeOnLoad (1ms)
			EditorAssembliesLoaded (0ms)
		ExecutionOrderSort2 (0ms)
		AwakeInstancesAfterBackupRestoration (3ms)
Refreshing native plugins compatible for Editor in 0.58 ms, found 2 plugins.
Preloading 0 native plugins for Editor in 0.00 ms.
Unloading 3228 Unused Serialized files (Serialized files now loaded: 0)
Unloading 14 unused Assets / (28.6 KB). Loaded Objects now: 3779.
Memory consumption went from 351.7 MB to 351.7 MB.
Total: 3.326583 ms (FindLiveObjects: 0.209667 ms CreateObjectMapping: 0.046500 ms MarkObjects: 3.024458 ms  DeleteObjects: 0.044500 ms)

Prepare: number of updated asset objects reloaded= 0
AssetImportParameters requested are different than current active one (requested -> active):
  custom:scripting/monoscript/fileName/ObjectAgent.cs: 78bbbb551987f8aebfa3783f3092d5f1 -> 
  custom:container-demuxer-ogg: 62fdf1f143b41e24485cea50d1cbac27 -> 
  custom:video-decoder-ogg-theora: a1e56fd34408186e4bbccfd4996cb3dc -> 
  custom:CustomObjectIndexerAttribute: 9a22284fe3817be447336de3de66b15e -> 
  custom:container-demuxer-webm: 4f35f7cbe854078d1ac9338744f61a02 -> 
  custom:container-muxer-webm: aa71ff27fc2769a1b78a27578f13a17b -> 
  custom:video-decoder-webm-vp8: 9c59270c3fd7afecdb556c50c9e8de78 -> 
  custom:SearchIndexIgnoredProperties: e643bd26f0fe6173181afceb89e7c659 -> 
  custom:AudioImporter_EditorPlatform: 3918e3fc78b5a79bad01e8451be0beb8 -> 
  custom:framework-osx-AVFoundation: e770b220cccbd017edd2c1fefb359320 -> 
  custom:video-encoder-webm-vp8: eb34c28f22e8b96e1ab97ce403110664 -> 
  custom:audio-decoder-ogg-vorbis: bf7c407c2cedff20999df2af8eb42d56 -> 
  custom:scripting/monoscript/fileName/Models.cs: 72a9bccda329dd678eddccf95c3a65ef -> 
  custom:scripting/monoscript/fileName/CoordinatePoller.cs: c9ac2ca40c1a1dc312a717df933e1b50 -> 
  custom:audio-encoder-webm-vorbis: bf7c407c2cedff20999df2af8eb42d56 -> 
  custom:scripting/precompiled-assembly-types:Assembly-CSharp: 8dfefbe94a32698fcd344bd444313170 -> 
========================================================================
Received Prepare
Caller must complete domain reload
Begin MonoManager ReloadAssembly
Thread 0x16b14b000 may have been prematurely finalized
- Loaded All Assemblies, in  0.353 seconds
Native extension for OSXStandalone target not found
Mono: successfully reloaded assembly
- Finished resetting the current domain, in  0.866 seconds
Domain Reload Profiling: 1220ms
	BeginReloadAssembly (121ms)
		ExecutionOrderSort (0ms)
		DisableScriptedObjects (6ms)
		BackupInstance (0ms)
		ReleaseScriptingObjects (0ms)
		CreateAndSetChildDomain (39ms)
	RebuildCommonClasses (25ms)
	RebuildNativeTypeToScriptingClass (11ms)
	initialDomainReloadingComplete (42ms)
	LoadAllAssembliesAndSetupDomain (154ms)
		LoadAssemblies (181ms)
		RebuildTransferFunctionScriptingTraits (0ms)
		AnalyzeDomain (21ms)
			TypeCache.Refresh (16ms)
				TypeCache.ScanAssembly (0ms)
			ScanForSourceGeneratedMonoScriptInfo (0ms)
			ResolveRequiredComponents (5ms)
	FinalizeReload (867ms)
		ReleaseScriptCaches (0ms)
		RebuildScriptCaches (0ms)
		SetupLoadedEditorAssemblies (389ms)
			LogAssemblyErrors (0ms)
			InitializePlatformSupportModulesInManaged (3ms)
			SetLoadedEditorAssemblies (3ms)
			RefreshPlugins (0ms)
			BeforeProcessingInitializeOnLoad (32ms)
			ProcessInitializeOnLoadAttributes (339ms)
			ProcessInitializeOnLoadMethodAttributes (11ms)
			AfterProcessingInitializeOnLoad (1ms)
			EditorAssembliesLoaded (0ms)
		ExecutionOrderSort2 (0ms)
		AwakeInstancesAfterBackupRestoration (2ms)
Refreshing native plugins compatible for Editor in 0.59 ms, found 2 plugins.
Preloading 0 native plugins for Editor in 0.00 ms.
Unloading 3228 Unused Serialized files (Serialized files now loaded: 0)
Unloading 14 unused Assets / (28.6 KB). Loaded Objects now: 3782.
Memory consumption went from 360.3 MB to 360.3 MB.
Total: 3.004625 ms (FindLiveObjects: 0.144708 ms CreateObjectMapping: 0.041625 ms MarkObjects: 2.773417 ms  DeleteObjects: 0.044000 ms)

Prepare: number of updated asset objects reloaded= 0
AssetImportParameters requested are different than current active one (requested -> active):
  custom:scripting/monoscript/fileName/ObjectAgent.cs: 78bbbb551987f8aebfa3783f3092d5f1 -> 
  custom:container-demuxer-ogg: 62fdf1f143b41e24485cea50d1cbac27 -> 
  custom:video-decoder-ogg-theora: a1e56fd34408186e4bbccfd4996cb3dc -> 
  custom:CustomObjectIndexerAttribute: 9a22284fe3817be447336de3de66b15e -> 
  custom:container-demuxer-webm: 4f35f7cbe854078d1ac9338744f61a02 -> 
  custom:container-muxer-webm: aa71ff27fc2769a1b78a27578f13a17b -> 
  custom:video-decoder-webm-vp8: 9c59270c3fd7afecdb556c50c9e8de78 -> 
  custom:SearchIndexIgnoredProperties: e643bd26f0fe6173181afceb89e7c659 -> 
  custom:AudioImporter_EditorPlatform: 3918e3fc78b5a79bad01e8451be0beb8 -> 
  custom:framework-osx-AVFoundation: e770b220cccbd017edd2c1fefb359320 -> 
  custom:video-encoder-webm-vp8: eb34c28f22e8b96e1ab97ce403110664 -> 
  custom:audio-decoder-ogg-vorbis: bf7c407c2cedff20999df2af8eb42d56 -> 
  custom:scripting/monoscript/fileName/Models.cs: 72a9bccda329dd678eddccf95c3a65ef -> 
  custom:scripting/monoscript/fileName/CoordinatePoller.cs: c9ac2ca40c1a1dc312a717df933e1b50 -> 
  custom:audio-encoder-webm-vorbis: bf7c407c2cedff20999df2af8eb42d56 -> 
  custom:scripting/precompiled-assembly-types:Assembly-CSharp: 8dfefbe94a32698fcd344bd444313170 -> 
========================================================================
Received Prepare
Caller must complete domain reload
Begin MonoManager ReloadAssembly
Thread 0x16b14b000 may have been prematurely finalized
- Loaded All Assemblies, in  0.361 seconds
Native extension for OSXStandalone target not found
Mono: successfully reloaded assembly
- Finished resetting the current domain, in  0.860 seconds
Domain Reload Profiling: 1222ms
	BeginReloadAssembly (108ms)
		ExecutionOrderSort (0ms)
		DisableScriptedObjects (5ms)
		BackupInstance (0ms)
		ReleaseScriptingObjects (0ms)
		CreateAndSetChildDomain (42ms)
	RebuildCommonClasses (24ms)
	RebuildNativeTypeToScriptingClass (8ms)
	initialDomainReloadingComplete (22ms)
	LoadAllAssembliesAndSetupDomain (199ms)
		LoadAssemblies (215ms)
		RebuildTransferFunctionScriptingTraits (0ms)
		AnalyzeDomain (20ms)
			TypeCache.Refresh (14ms)
				TypeCache.ScanAssembly (0ms)
			ScanForSourceGeneratedMonoScriptInfo (0ms)
			ResolveRequiredComponents (5ms)
	FinalizeReload (860ms)
		ReleaseScriptCaches (0ms)
		RebuildScriptCaches (0ms)
		SetupLoadedEditorAssemblies (368ms)
			LogAssemblyErrors (0ms)
			InitializePlatformSupportModulesInManaged (3ms)
			SetLoadedEditorAssemblies (3ms)
			RefreshPlugins (0ms)
			BeforeProcessingInitializeOnLoad (33ms)
			ProcessInitializeOnLoadAttributes (315ms)
			ProcessInitializeOnLoadMethodAttributes (13ms)
			AfterProcessingInitializeOnLoad (1ms)
			EditorAssembliesLoaded (0ms)
		ExecutionOrderSort2 (0ms)
		AwakeInstancesAfterBackupRestoration (3ms)
Refreshing native plugins compatible for Editor in 0.52 ms, found 2 plugins.
Preloading 0 native plugins for Editor in 0.00 ms.
Unloading 3228 Unused Serialized files (Serialized files now loaded: 0)
Unloading 14 unused Assets / (28.6 KB). Loaded Objects now: 3785.
Memory consumption went from 368.9 MB to 368.8 MB.
Total: 2.889875 ms (FindLiveObjects: 0.189792 ms CreateObjectMapping: 0.056458 ms MarkObjects: 2.591792 ms  DeleteObjects: 0.051208 ms)

Prepare: number of updated asset objects reloaded= 0
AssetImportParameters requested are different than current active one (requested -> active):
  custom:scripting/monoscript/fileName/ObjectAgent.cs: 78bbbb551987f8aebfa3783f3092d5f1 -> 
  custom:container-demuxer-ogg: 62fdf1f143b41e24485cea50d1cbac27 -> 
  custom:video-decoder-ogg-theora: a1e56fd34408186e4bbccfd4996cb3dc -> 
  custom:CustomObjectIndexerAttribute: 9a22284fe3817be447336de3de66b15e -> 
  custom:container-demuxer-webm: 4f35f7cbe854078d1ac9338744f61a02 -> 
  custom:container-muxer-webm: aa71ff27fc2769a1b78a27578f13a17b -> 
  custom:video-decoder-webm-vp8: 9c59270c3fd7afecdb556c50c9e8de78 -> 
  custom:SearchIndexIgnoredProperties: e643bd26f0fe6173181afceb89e7c659 -> 
  custom:AudioImporter_EditorPlatform: 3918e3fc78b5a79bad01e8451be0beb8 -> 
  custom:framework-osx-AVFoundation: e770b220cccbd017edd2c1fefb359320 -> 
  custom:video-encoder-webm-vp8: eb34c28f22e8b96e1ab97ce403110664 -> 
  custom:audio-decoder-ogg-vorbis: bf7c407c2cedff20999df2af8eb42d56 -> 
  custom:scripting/monoscript/fileName/Models.cs: 72a9bccda329dd678eddccf95c3a65ef -> 
  custom:scripting/monoscript/fileName/CoordinatePoller.cs: c9ac2ca40c1a1dc312a717df933e1b50 -> 
  custom:audio-encoder-webm-vorbis: bf7c407c2cedff20999df2af8eb42d56 -> 
  custom:scripting/precompiled-assembly-types:Assembly-CSharp: 8dfefbe94a32698fcd344bd444313170 -> 
========================================================================
Received Prepare
Caller must complete domain reload
Begin MonoManager ReloadAssembly
Thread 0x16b14b000 may have been prematurely finalized
- Loaded All Assemblies, in  0.373 seconds
Native extension for OSXStandalone target not found
Mono: successfully reloaded assembly
- Finished resetting the current domain, in  0.852 seconds
Domain Reload Profiling: 1226ms
	BeginReloadAssembly (136ms)
		ExecutionOrderSort (0ms)
		DisableScriptedObjects (3ms)
		BackupInstance (0ms)
		ReleaseScriptingObjects (0ms)
		CreateAndSetChildDomain (71ms)
	RebuildCommonClasses (25ms)
	RebuildNativeTypeToScriptingClass (9ms)
	initialDomainReloadingComplete (20ms)
	LoadAllAssembliesAndSetupDomain (184ms)
		LoadAssemblies (196ms)
		RebuildTransferFunctionScriptingTraits (0ms)
		AnalyzeDomain (25ms)
			TypeCache.Refresh (14ms)
				TypeCache.ScanAssembly (0ms)
			ScanForSourceGeneratedMonoScriptInfo (6ms)
			ResolveRequiredComponents (4ms)
	FinalizeReload (853ms)
		ReleaseScriptCaches (0ms)
		RebuildScriptCaches (0ms)
		SetupLoadedEditorAssemblies (360ms)
			LogAssemblyErrors (0ms)
			InitializePlatformSupportModulesInManaged (4ms)
			SetLoadedEditorAssemblies (2ms)
			RefreshPlugins (0ms)
			BeforeProcessingInitializeOnLoad (33ms)
			ProcessInitializeOnLoadAttributes (310ms)
			ProcessInitializeOnLoadMethodAttributes (11ms)
			AfterProcessingInitializeOnLoad (1ms)
			EditorAssembliesLoaded (0ms)
		ExecutionOrderSort2 (0ms)
		AwakeInstancesAfterBackupRestoration (3ms)
Refreshing native plugins compatible for Editor in 0.62 ms, found 2 plugins.
Preloading 0 native plugins for Editor in 0.00 ms.
Unloading 3228 Unused Serialized files (Serialized files now loaded: 0)
Unloading 14 unused Assets / (28.5 KB). Loaded Objects now: 3788.
Memory consumption went from 377.4 MB to 377.4 MB.
Total: 2.788833 ms (FindLiveObjects: 0.140375 ms CreateObjectMapping: 0.046500 ms MarkObjects: 2.560417 ms  DeleteObjects: 0.040875 ms)

Prepare: number of updated asset objects reloaded= 0
AssetImportParameters requested are different than current active one (requested -> active):
  custom:scripting/monoscript/fileName/ObjectAgent.cs: 78bbbb551987f8aebfa3783f3092d5f1 -> 
  custom:container-demuxer-ogg: 62fdf1f143b41e24485cea50d1cbac27 -> 
  custom:video-decoder-ogg-theora: a1e56fd34408186e4bbccfd4996cb3dc -> 
  custom:CustomObjectIndexerAttribute: 9a22284fe3817be447336de3de66b15e -> 
  custom:container-demuxer-webm: 4f35f7cbe854078d1ac9338744f61a02 -> 
  custom:container-muxer-webm: aa71ff27fc2769a1b78a27578f13a17b -> 
  custom:video-decoder-webm-vp8: 9c59270c3fd7afecdb556c50c9e8de78 -> 
  custom:SearchIndexIgnoredProperties: e643bd26f0fe6173181afceb89e7c659 -> 
  custom:AudioImporter_EditorPlatform: 3918e3fc78b5a79bad01e8451be0beb8 -> 
  custom:framework-osx-AVFoundation: e770b220cccbd017edd2c1fefb359320 -> 
  custom:video-encoder-webm-vp8: eb34c28f22e8b96e1ab97ce403110664 -> 
  custom:audio-decoder-ogg-vorbis: bf7c407c2cedff20999df2af8eb42d56 -> 
  custom:scripting/monoscript/fileName/Models.cs: 72a9bccda329dd678eddccf95c3a65ef -> 
  custom:scripting/monoscript/fileName/CoordinatePoller.cs: c9ac2ca40c1a1dc312a717df933e1b50 -> 
  custom:audio-encoder-webm-vorbis: bf7c407c2cedff20999df2af8eb42d56 -> 
  custom:scripting/precompiled-assembly-types:Assembly-CSharp: 8dfefbe94a32698fcd344bd444313170 -> 
========================================================================
Received Prepare
Caller must complete domain reload
Begin MonoManager ReloadAssembly
Thread 0x16b14b000 may have been prematurely finalized
- Loaded All Assemblies, in  0.371 seconds
Native extension for OSXStandalone target not found
Mono: successfully reloaded assembly
- Finished resetting the current domain, in  0.893 seconds
Domain Reload Profiling: 1264ms
	BeginReloadAssembly (128ms)
		ExecutionOrderSort (0ms)
		DisableScriptedObjects (4ms)
		BackupInstance (0ms)
		ReleaseScriptingObjects (0ms)
		CreateAndSetChildDomain (57ms)
	RebuildCommonClasses (24ms)
	RebuildNativeTypeToScriptingClass (8ms)
	initialDomainReloadingComplete (15ms)
	LoadAllAssembliesAndSetupDomain (195ms)
		LoadAssemblies (214ms)
		RebuildTransferFunctionScriptingTraits (0ms)
		AnalyzeDomain (18ms)
			TypeCache.Refresh (13ms)
				TypeCache.ScanAssembly (0ms)
			ScanForSourceGeneratedMonoScriptInfo (0ms)
			ResolveRequiredComponents (5ms)
	FinalizeReload (893ms)
		ReleaseScriptCaches (0ms)
		RebuildScriptCaches (0ms)
		SetupLoadedEditorAssemblies (409ms)
			LogAssemblyErrors (0ms)
			InitializePlatformSupportModulesInManaged (3ms)
			SetLoadedEditorAssemblies (2ms)
			RefreshPlugins (0ms)
			BeforeProcessingInitializeOnLoad (34ms)
			ProcessInitializeOnLoadAttributes (356ms)
			ProcessInitializeOnLoadMethodAttributes (12ms)
			AfterProcessingInitializeOnLoad (1ms)
			EditorAssembliesLoaded (0ms)
		ExecutionOrderSort2 (0ms)
		AwakeInstancesAfterBackupRestoration (3ms)
Refreshing native plugins compatible for Editor in 0.65 ms, found 2 plugins.
Preloading 0 native plugins for Editor in 0.00 ms.
Unloading 3228 Unused Serialized files (Serialized files now loaded: 0)
Unloading 14 unused Assets / (28.5 KB). Loaded Objects now: 3791.
Memory consumption went from 386.0 MB to 386.0 MB.
Total: 3.033250 ms (FindLiveObjects: 0.138333 ms CreateObjectMapping: 0.040291 ms MarkObjects: 2.810417 ms  DeleteObjects: 0.043416 ms)

Prepare: number of updated asset objects reloaded= 0
AssetImportParameters requested are different than current active one (requested -> active):
  custom:scripting/monoscript/fileName/ObjectAgent.cs: 78bbbb551987f8aebfa3783f3092d5f1 -> 
  custom:container-demuxer-ogg: 62fdf1f143b41e24485cea50d1cbac27 -> 
  custom:video-decoder-ogg-theora: a1e56fd34408186e4bbccfd4996cb3dc -> 
  custom:CustomObjectIndexerAttribute: 9a22284fe3817be447336de3de66b15e -> 
  custom:container-demuxer-webm: 4f35f7cbe854078d1ac9338744f61a02 -> 
  custom:container-muxer-webm: aa71ff27fc2769a1b78a27578f13a17b -> 
  custom:video-decoder-webm-vp8: 9c59270c3fd7afecdb556c50c9e8de78 -> 
  custom:SearchIndexIgnoredProperties: e643bd26f0fe6173181afceb89e7c659 -> 
  custom:AudioImporter_EditorPlatform: 3918e3fc78b5a79bad01e8451be0beb8 -> 
  custom:framework-osx-AVFoundation: e770b220cccbd017edd2c1fefb359320 -> 
  custom:video-encoder-webm-vp8: eb34c28f22e8b96e1ab97ce403110664 -> 
  custom:audio-decoder-ogg-vorbis: bf7c407c2cedff20999df2af8eb42d56 -> 
  custom:scripting/monoscript/fileName/Models.cs: 72a9bccda329dd678eddccf95c3a65ef -> 
  custom:scripting/monoscript/fileName/CoordinatePoller.cs: c9ac2ca40c1a1dc312a717df933e1b50 -> 
  custom:audio-encoder-webm-vorbis: bf7c407c2cedff20999df2af8eb42d56 -> 
  custom:scripting/precompiled-assembly-types:Assembly-CSharp: 8dfefbe94a32698fcd344bd444313170 -> 
========================================================================
Received Prepare
Caller must complete domain reload
Begin MonoManager ReloadAssembly
Thread 0x16b14b000 may have been prematurely finalized
- Loaded All Assemblies, in  0.381 seconds
Native extension for OSXStandalone target not found
Mono: successfully reloaded assembly
- Finished resetting the current domain, in  0.897 seconds
Domain Reload Profiling: 1278ms
	BeginReloadAssembly (128ms)
		ExecutionOrderSort (0ms)
		DisableScriptedObjects (3ms)
		BackupInstance (0ms)
		ReleaseScriptingObjects (0ms)
		CreateAndSetChildDomain (50ms)
	RebuildCommonClasses (30ms)
	RebuildNativeTypeToScriptingClass (9ms)
	initialDomainReloadingComplete (22ms)
	LoadAllAssembliesAndSetupDomain (191ms)
		LoadAssemblies (202ms)
		RebuildTransferFunctionScriptingTraits (0ms)
		AnalyzeDomain (30ms)
			TypeCache.Refresh (18ms)
				TypeCache.ScanAssembly (0ms)
			ScanForSourceGeneratedMonoScriptInfo (6ms)
			ResolveRequiredComponents (5ms)
	FinalizeReload (897ms)
		ReleaseScriptCaches (0ms)
		RebuildScriptCaches (0ms)
		SetupLoadedEditorAssemblies (374ms)
			LogAssemblyErrors (0ms)
			InitializePlatformSupportModulesInManaged (3ms)
			SetLoadedEditorAssemblies (2ms)
			RefreshPlugins (0ms)
			BeforeProcessingInitializeOnLoad (35ms)
			ProcessInitializeOnLoadAttributes (322ms)
			ProcessInitializeOnLoadMethodAttributes (11ms)
			AfterProcessingInitializeOnLoad (1ms)
			EditorAssembliesLoaded (0ms)
		ExecutionOrderSort2 (0ms)
		AwakeInstancesAfterBackupRestoration (3ms)
Refreshing native plugins compatible for Editor in 0.52 ms, found 2 plugins.
Preloading 0 native plugins for Editor in 0.00 ms.
Unloading 3228 Unused Serialized files (Serialized files now loaded: 0)
Unloading 14 unused Assets / (28.5 KB). Loaded Objects now: 3794.
Memory consumption went from 394.6 MB to 394.5 MB.
Total: 2.895083 ms (FindLiveObjects: 0.227833 ms CreateObjectMapping: 0.050958 ms MarkObjects: 2.576917 ms  DeleteObjects: 0.038583 ms)

Prepare: number of updated asset objects reloaded= 0
AssetImportParameters requested are different than current active one (requested -> active):
  custom:scripting/monoscript/fileName/ObjectAgent.cs: 78bbbb551987f8aebfa3783f3092d5f1 -> 
  custom:container-demuxer-ogg: 62fdf1f143b41e24485cea50d1cbac27 -> 
  custom:video-decoder-ogg-theora: a1e56fd34408186e4bbccfd4996cb3dc -> 
  custom:CustomObjectIndexerAttribute: 9a22284fe3817be447336de3de66b15e -> 
  custom:container-demuxer-webm: 4f35f7cbe854078d1ac9338744f61a02 -> 
  custom:container-muxer-webm: aa71ff27fc2769a1b78a27578f13a17b -> 
  custom:video-decoder-webm-vp8: 9c59270c3fd7afecdb556c50c9e8de78 -> 
  custom:SearchIndexIgnoredProperties: e643bd26f0fe6173181afceb89e7c659 -> 
  custom:AudioImporter_EditorPlatform: 3918e3fc78b5a79bad01e8451be0beb8 -> 
  custom:framework-osx-AVFoundation: e770b220cccbd017edd2c1fefb359320 -> 
  custom:video-encoder-webm-vp8: eb34c28f22e8b96e1ab97ce403110664 -> 
  custom:audio-decoder-ogg-vorbis: bf7c407c2cedff20999df2af8eb42d56 -> 
  custom:scripting/monoscript/fileName/Models.cs: 72a9bccda329dd678eddccf95c3a65ef -> 
  custom:scripting/monoscript/fileName/CoordinatePoller.cs: c9ac2ca40c1a1dc312a717df933e1b50 -> 
  custom:audio-encoder-webm-vorbis: bf7c407c2cedff20999df2af8eb42d56 -> 
  custom:scripting/precompiled-assembly-types:Assembly-CSharp: 8dfefbe94a32698fcd344bd444313170 -> 
========================================================================
Received Import Request.
  Time since last request: 4709.419695 seconds.
  path: Assets/Scripts/ObjectAgent.cs
  artifactKey: Guid(c19e41cc1a5254575a4f5b98517f88dc) Importer(815301076,1909f56bfc062723c751e8b465ee728b)
Start importing Assets/Scripts/ObjectAgent.cs using Guid(c19e41cc1a5254575a4f5b98517f88dc) Importer(815301076,1909f56bfc062723c751e8b465ee728b) [PhysX] Initialized MultithreadedTaskDispatcher with 8 workers.
 -> (artifact id: '543a507d06109764c10ecdbb25852eef') in 0.001537 seconds
Number of updated asset objects reloaded before import = 0
Number of asset objects unloaded after import = 0
========================================================================
Received Prepare
Caller must complete domain reload
Begin MonoManager ReloadAssembly
Thread 0x16b14b000 may have been prematurely finalized
- Loaded All Assemblies, in  0.366 seconds
Native extension for OSXStandalone target not found
Mono: successfully reloaded assembly
- Finished resetting the current domain, in  0.792 seconds
Domain Reload Profiling: 1158ms
	BeginReloadAssembly (119ms)
		ExecutionOrderSort (0ms)
		DisableScriptedObjects (3ms)
		BackupInstance (0ms)
		ReleaseScriptingObjects (0ms)
		CreateAndSetChildDomain (51ms)
	RebuildCommonClasses (28ms)
	RebuildNativeTypeToScriptingClass (8ms)
	initialDomainReloadingComplete (22ms)
	LoadAllAssembliesAndSetupDomain (189ms)
		LoadAssemblies (204ms)
		RebuildTransferFunctionScriptingTraits (0ms)
		AnalyzeDomain (25ms)
			TypeCache.Refresh (15ms)
				TypeCache.ScanAssembly (0ms)
			ScanForSourceGeneratedMonoScriptInfo (5ms)
			ResolveRequiredComponents (4ms)
	FinalizeReload (792ms)
		ReleaseScriptCaches (0ms)
		RebuildScriptCaches (0ms)
		SetupLoadedEditorAssemblies (336ms)
			LogAssemblyErrors (0ms)
			InitializePlatformSupportModulesInManaged (3ms)
			SetLoadedEditorAssemblies (2ms)
			RefreshPlugins (0ms)
			BeforeProcessingInitializeOnLoad (31ms)
			ProcessInitializeOnLoadAttributes (288ms)
			ProcessInitializeOnLoadMethodAttributes (11ms)
			AfterProcessingInitializeOnLoad (1ms)
			EditorAssembliesLoaded (0ms)
		ExecutionOrderSort2 (0ms)
		AwakeInstancesAfterBackupRestoration (2ms)
Refreshing native plugins compatible for Editor in 0.55 ms, found 2 plugins.
Preloading 0 native plugins for Editor in 0.00 ms.
Unloading 3227 Unused Serialized files (Serialized files now loaded: 0)
Unloading 14 unused Assets / (28.6 KB). Loaded Objects now: 3797.
Memory consumption went from 403.0 MB to 403.0 MB.
Total: 2.552750 ms (FindLiveObjects: 0.134791 ms CreateObjectMapping: 0.044042 ms MarkObjects: 2.338958 ms  DeleteObjects: 0.034167 ms)

Prepare: number of updated asset objects reloaded= 0
AssetImportParameters requested are different than current active one (requested -> active):
  custom:scripting/monoscript/fileName/ObjectAgent.cs: 78bbbb551987f8aebfa3783f3092d5f1 -> 
  custom:container-demuxer-ogg: 62fdf1f143b41e24485cea50d1cbac27 -> 
  custom:video-decoder-ogg-theora: a1e56fd34408186e4bbccfd4996cb3dc -> 
  custom:CustomObjectIndexerAttribute: 9a22284fe3817be447336de3de66b15e -> 
  custom:container-demuxer-webm: 4f35f7cbe854078d1ac9338744f61a02 -> 
  custom:container-muxer-webm: aa71ff27fc2769a1b78a27578f13a17b -> 
  custom:video-decoder-webm-vp8: 9c59270c3fd7afecdb556c50c9e8de78 -> 
  custom:SearchIndexIgnoredProperties: e643bd26f0fe6173181afceb89e7c659 -> 
  custom:AudioImporter_EditorPlatform: 3918e3fc78b5a79bad01e8451be0beb8 -> 
  custom:framework-osx-AVFoundation: e770b220cccbd017edd2c1fefb359320 -> 
  custom:video-encoder-webm-vp8: eb34c28f22e8b96e1ab97ce403110664 -> 
  custom:audio-decoder-ogg-vorbis: bf7c407c2cedff20999df2af8eb42d56 -> 
  custom:scripting/monoscript/fileName/Models.cs: 72a9bccda329dd678eddccf95c3a65ef -> 
  custom:scripting/monoscript/fileName/CoordinatePoller.cs: c9ac2ca40c1a1dc312a717df933e1b50 -> 
  custom:audio-encoder-webm-vorbis: bf7c407c2cedff20999df2af8eb42d56 -> 
  custom:scripting/precompiled-assembly-types:Assembly-CSharp: 8dfefbe94a32698fcd344bd444313170 -> 
========================================================================
Received Prepare
Caller must complete domain reload
Begin MonoManager ReloadAssembly
Thread 0x16b14b000 may have been prematurely finalized
- Loaded All Assemblies, in  0.363 seconds
Native extension for OSXStandalone target not found
Mono: successfully reloaded assembly
- Finished resetting the current domain, in  0.871 seconds
Domain Reload Profiling: 1234ms
	BeginReloadAssembly (118ms)
		ExecutionOrderSort (0ms)
		DisableScriptedObjects (8ms)
		BackupInstance (0ms)
		ReleaseScriptingObjects (0ms)
		CreateAndSetChildDomain (37ms)
	RebuildCommonClasses (24ms)
	RebuildNativeTypeToScriptingClass (9ms)
	initialDomainReloadingComplete (59ms)
	LoadAllAssembliesAndSetupDomain (154ms)
		LoadAssemblies (182ms)
		RebuildTransferFunctionScriptingTraits (0ms)
		AnalyzeDomain (12ms)
			TypeCache.Refresh (7ms)
				TypeCache.ScanAssembly (0ms)
			ScanForSourceGeneratedMonoScriptInfo (0ms)
			ResolveRequiredComponents (4ms)
	FinalizeReload (871ms)
		ReleaseScriptCaches (0ms)
		RebuildScriptCaches (0ms)
		SetupLoadedEditorAssemblies (393ms)
			LogAssemblyErrors (0ms)
			InitializePlatformSupportModulesInManaged (3ms)
			SetLoadedEditorAssemblies (2ms)
			RefreshPlugins (0ms)
			BeforeProcessingInitializeOnLoad (36ms)
			ProcessInitializeOnLoadAttributes (339ms)
			ProcessInitializeOnLoadMethodAttributes (11ms)
			AfterProcessingInitializeOnLoad (1ms)
			EditorAssembliesLoaded (0ms)
		ExecutionOrderSort2 (0ms)
		AwakeInstancesAfterBackupRestoration (3ms)
Refreshing native plugins compatible for Editor in 0.58 ms, found 2 plugins.
Preloading 0 native plugins for Editor in 0.00 ms.
Unloading 3228 Unused Serialized files (Serialized files now loaded: 0)
Unloading 14 unused Assets / (28.5 KB). Loaded Objects now: 3800.
Memory consumption went from 411.8 MB to 411.8 MB.
Total: 2.797208 ms (FindLiveObjects: 0.132750 ms CreateObjectMapping: 0.040792 ms MarkObjects: 2.579583 ms  DeleteObjects: 0.043375 ms)

Prepare: number of updated asset objects reloaded= 0
AssetImportParameters requested are different than current active one (requested -> active):
  custom:scripting/monoscript/fileName/ObjectAgent.cs: 78bbbb551987f8aebfa3783f3092d5f1 -> 
  custom:container-demuxer-ogg: 62fdf1f143b41e24485cea50d1cbac27 -> 
  custom:video-decoder-ogg-theora: a1e56fd34408186e4bbccfd4996cb3dc -> 
  custom:CustomObjectIndexerAttribute: 9a22284fe3817be447336de3de66b15e -> 
  custom:container-demuxer-webm: 4f35f7cbe854078d1ac9338744f61a02 -> 
  custom:container-muxer-webm: aa71ff27fc2769a1b78a27578f13a17b -> 
  custom:video-decoder-webm-vp8: 9c59270c3fd7afecdb556c50c9e8de78 -> 
  custom:SearchIndexIgnoredProperties: e643bd26f0fe6173181afceb89e7c659 -> 
  custom:AudioImporter_EditorPlatform: 3918e3fc78b5a79bad01e8451be0beb8 -> 
  custom:framework-osx-AVFoundation: e770b220cccbd017edd2c1fefb359320 -> 
  custom:video-encoder-webm-vp8: eb34c28f22e8b96e1ab97ce403110664 -> 
  custom:audio-decoder-ogg-vorbis: bf7c407c2cedff20999df2af8eb42d56 -> 
  custom:scripting/monoscript/fileName/Models.cs: 72a9bccda329dd678eddccf95c3a65ef -> 
  custom:scripting/monoscript/fileName/CoordinatePoller.cs: c9ac2ca40c1a1dc312a717df933e1b50 -> 
  custom:audio-encoder-webm-vorbis: bf7c407c2cedff20999df2af8eb42d56 -> 
  custom:scripting/precompiled-assembly-types:Assembly-CSharp: 8dfefbe94a32698fcd344bd444313170 -> 
========================================================================
Received Prepare
Caller must complete domain reload
Begin MonoManager ReloadAssembly
Thread 0x16b14b000 may have been prematurely finalized
- Loaded All Assemblies, in  0.343 seconds
Native extension for OSXStandalone target not found
Mono: successfully reloaded assembly
- Finished resetting the current domain, in  0.854 seconds
Domain Reload Profiling: 1197ms
	BeginReloadAssembly (117ms)
		ExecutionOrderSort (0ms)
		DisableScriptedObjects (4ms)
		BackupInstance (0ms)
		ReleaseScriptingObjects (0ms)
		CreateAndSetChildDomain (50ms)
	RebuildCommonClasses (24ms)
	RebuildNativeTypeToScriptingClass (8ms)
	initialDomainReloadingComplete (26ms)
	LoadAllAssembliesAndSetupDomain (168ms)
		LoadAssemblies (185ms)
		RebuildTransferFunctionScriptingTraits (0ms)
		AnalyzeDomain (20ms)
			TypeCache.Refresh (13ms)
				TypeCache.ScanAssembly (0ms)
			ScanForSourceGeneratedMonoScriptInfo (0ms)
			ResolveRequiredComponents (6ms)
	FinalizeReload (854ms)
		ReleaseScriptCaches (0ms)
		RebuildScriptCaches (0ms)
		SetupLoadedEditorAssemblies (377ms)
			LogAssemblyErrors (0ms)
			InitializePlatformSupportModulesInManaged (3ms)
			SetLoadedEditorAssemblies (2ms)
			RefreshPlugins (0ms)
			BeforeProcessingInitializeOnLoad (35ms)
			ProcessInitializeOnLoadAttributes (323ms)
			ProcessInitializeOnLoadMethodAttributes (12ms)
			AfterProcessingInitializeOnLoad (1ms)
			EditorAssembliesLoaded (0ms)
		ExecutionOrderSort2 (0ms)
		AwakeInstancesAfterBackupRestoration (3ms)
Refreshing native plugins compatible for Editor in 0.66 ms, found 2 plugins.
Preloading 0 native plugins for Editor in 0.00 ms.
Unloading 3228 Unused Serialized files (Serialized files now loaded: 0)
Unloading 14 unused Assets / (28.6 KB). Loaded Objects now: 3803.
Memory consumption went from 420.4 MB to 420.4 MB.
Total: 3.367875 ms (FindLiveObjects: 0.194500 ms CreateObjectMapping: 0.055000 ms MarkObjects: 3.071417 ms  DeleteObjects: 0.045875 ms)

Prepare: number of updated asset objects reloaded= 0
AssetImportParameters requested are different than current active one (requested -> active):
  custom:scripting/monoscript/fileName/ObjectAgent.cs: 78bbbb551987f8aebfa3783f3092d5f1 -> 
  custom:container-demuxer-ogg: 62fdf1f143b41e24485cea50d1cbac27 -> 
  custom:video-decoder-ogg-theora: a1e56fd34408186e4bbccfd4996cb3dc -> 
  custom:CustomObjectIndexerAttribute: 9a22284fe3817be447336de3de66b15e -> 
  custom:container-demuxer-webm: 4f35f7cbe854078d1ac9338744f61a02 -> 
  custom:container-muxer-webm: aa71ff27fc2769a1b78a27578f13a17b -> 
  custom:video-decoder-webm-vp8: 9c59270c3fd7afecdb556c50c9e8de78 -> 
  custom:SearchIndexIgnoredProperties: e643bd26f0fe6173181afceb89e7c659 -> 
  custom:AudioImporter_EditorPlatform: 3918e3fc78b5a79bad01e8451be0beb8 -> 
  custom:framework-osx-AVFoundation: e770b220cccbd017edd2c1fefb359320 -> 
  custom:video-encoder-webm-vp8: eb34c28f22e8b96e1ab97ce403110664 -> 
  custom:audio-decoder-ogg-vorbis: bf7c407c2cedff20999df2af8eb42d56 -> 
  custom:scripting/monoscript/fileName/Models.cs: 72a9bccda329dd678eddccf95c3a65ef -> 
  custom:scripting/monoscript/fileName/CoordinatePoller.cs: c9ac2ca40c1a1dc312a717df933e1b50 -> 
  custom:audio-encoder-webm-vorbis: bf7c407c2cedff20999df2af8eb42d56 -> 
  custom:scripting/precompiled-assembly-types:Assembly-CSharp: 8dfefbe94a32698fcd344bd444313170 -> 
========================================================================
Received Prepare
Caller must complete domain reload
Begin MonoManager ReloadAssembly
Thread 0x16b14b000 may have been prematurely finalized
- Loaded All Assemblies, in  0.474 seconds
Native extension for OSXStandalone target not found
Mono: successfully reloaded assembly
- Finished resetting the current domain, in  0.877 seconds
Domain Reload Profiling: 1351ms
	BeginReloadAssembly (203ms)
		ExecutionOrderSort (0ms)
		DisableScriptedObjects (4ms)
		BackupInstance (0ms)
		ReleaseScriptingObjects (0ms)
		CreateAndSetChildDomain (98ms)
	RebuildCommonClasses (26ms)
	RebuildNativeTypeToScriptingClass (11ms)
	initialDomainReloadingComplete (21ms)
	LoadAllAssembliesAndSetupDomain (213ms)
		LoadAssemblies (261ms)
		RebuildTransferFunctionScriptingTraits (0ms)
		AnalyzeDomain (23ms)
			TypeCache.Refresh (13ms)
				TypeCache.ScanAssembly (1ms)
			ScanForSourceGeneratedMonoScriptInfo (6ms)
			ResolveRequiredComponents (4ms)
	FinalizeReload (877ms)
		ReleaseScriptCaches (0ms)
		RebuildScriptCaches (0ms)
		SetupLoadedEditorAssemblies (361ms)
			LogAssemblyErrors (0ms)
			InitializePlatformSupportModulesInManaged (4ms)
			SetLoadedEditorAssemblies (6ms)
			RefreshPlugins (0ms)
			BeforeProcessingInitializeOnLoad (33ms)
			ProcessInitializeOnLoadAttributes (307ms)
			ProcessInitializeOnLoadMethodAttributes (10ms)
			AfterProcessingInitializeOnLoad (1ms)
			EditorAssembliesLoaded (0ms)
		ExecutionOrderSort2 (0ms)
		AwakeInstancesAfterBackupRestoration (2ms)
Refreshing native plugins compatible for Editor in 0.81 ms, found 2 plugins.
Preloading 0 native plugins for Editor in 0.00 ms.
Unloading 3273 Unused Serialized files (Serialized files now loaded: 0)
Unloading 14 unused Assets / (28.5 KB). Loaded Objects now: 3851.
Memory consumption went from 429.9 MB to 429.9 MB.
Total: 2.716208 ms (FindLiveObjects: 0.140625 ms CreateObjectMapping: 0.041292 ms MarkObjects: 2.493917 ms  DeleteObjects: 0.039958 ms)

Prepare: number of updated asset objects reloaded= 0
AssetImportParameters requested are different than current active one (requested -> active):
  custom:scripting/monoscript/fileName/NavMeshSurface.cs: 34aebd278d8d3d5db6b23265b9c700f9 -> 
  custom:scripting/monoscript/fileName/ObjectAgent.cs: 78bbbb551987f8aebfa3783f3092d5f1 -> 
  custom:scripting/precompiled-assembly-types:Unity.AI.Navigation: 5d8fa505e3253b9a2a456e2c28a1afb3 -> 
  custom:container-demuxer-ogg: 62fdf1f143b41e24485cea50d1cbac27 -> 
  custom:scripting/monoscript/fileName/NavMeshModifierVolumeEditor.cs: 262a50135a116189426aa01c964a744c -> 
  custom:scripting/monoscript/fileName/NavigationOverlay.cs: 2744f4e7946ebbb71339c9b1ce538d00 -> 
  custom:scripting/monoscript/fileName/ConverterItemDescriptor.cs: 8182050d34c5cb602eb7913435a7abee -> 
  custom:scripting/monoscript/fileName/BuiltInToNavMeshSurfaceConverterContainer.cs: c40a906f9f99ea8a6c5aaa215767017f -> 
  custom:video-decoder-ogg-theora: a1e56fd34408186e4bbccfd4996cb3dc -> 
  custom:scripting/monoscript/fileName/NavigationWindow.cs: 7884404b71178f59d8819c380b951d7c -> 
  custom:scripting/monoscript/fileName/NavMeshComponentsGUIUtility.cs: 08c52049b94db52661003d42fda4ecff -> 
  custom:scripting/monoscript/fileName/ConverterItemInfo.cs: 9fb131dfa28a9ed6b6d00fd9cf83ece4 -> 
  custom:CustomObjectIndexerAttribute: 9a22284fe3817be447336de3de66b15e -> 
  custom:scripting/monoscript/fileName/NavMeshAssetManager.cs: 79eb4858c2054289cd611249ab36b0a5 -> 
  custom:scripting/monoscript/fileName/NavMeshSurfaceEditor.cs: adb1294e971eab992abc2e3e7e051565 -> 
  custom:container-demuxer-webm: 4f35f7cbe854078d1ac9338744f61a02 -> 
  custom:scripting/monoscript/fileName/NavMeshModifierVolume.cs: 8dc531216c72b86c60b86e16ff3da10b -> 
  custom:scripting/monoscript/fileName/NavMeshUpdaterUtility.cs: 5eb03802e6dba19b3e13aaf384805cac -> 
  custom:scripting/monoscript/fileName/NavigationPreferences.cs: ada9399a4f085d4c824cc06527e7fcae -> 
  custom:scripting/monoscript/fileName/NavMeshUpdaterEditor.cs: 169704080eda430978bba61ddedeb304 -> 
  custom:scripting/precompiled-assembly-types:Unity.AI.Navigation.Editor.ConversionSystem: 27c718e5de2659aeeb663e092dc21158 -> 
  custom:scripting/monoscript/fileName/NavMeshModifierEditor.cs: b8675d28116f43f78881455a7301fe8c -> 
  custom:container-muxer-webm: aa71ff27fc2769a1b78a27578f13a17b -> 
  custom:video-decoder-webm-vp8: 9c59270c3fd7afecdb556c50c9e8de78 -> 
  custom:scripting/precompiled-assembly-types:Unity.AI.Navigation.Editor: 7eaf38f66973fde07200cf372b24130e -> 
  custom:scripting/monoscript/fileName/HelpUrls.cs: c1a90585e3e9c9d25f58f9141655f24f -> 
  custom:scripting/monoscript/fileName/EditorStyles.cs: 86b9f4d8fe570a8d8295bfc466c975cf -> 
  custom:SearchIndexIgnoredProperties: e643bd26f0fe6173181afceb89e7c659 -> 
  custom:scripting/precompiled-assembly-types:Unity.AI.Navigation.Updater: d2095ddf03fd615830d6dacf5841450d -> 
  custom:scripting/monoscript/fileName/NavMeshLinkEditor.cs: aed8ae070d922149bb2ba3de06889ff6 -> 
  custom:AudioImporter_EditorPlatform: 3918e3fc78b5a79bad01e8451be0beb8 -> 
  custom:scripting/monoscript/fileName/NavMeshModifier.cs: 99ae5ed91bb784edc4f8312d7de046da -> 
  custom:scripting/monoscript/fileName/NavMeshSceneConverter.cs: baf486a1c1cdf03a3111dd113d13c2f4 -> 
  custom:scripting/monoscript/fileName/SystemConverterContainer.cs: eb4026ea01a117ce0888f693e9eed2cd -> 
  custom:scripting/monoscript/fileName/NavMeshLink.cs: 0b3d0eeb07ab57d259e8f9365538df09 -> 
  custom:framework-osx-AVFoundation: e770b220cccbd017edd2c1fefb359320 -> 
  custom:scripting/monoscript/fileName/ObsoleteNavigationWindowMenuEntry.cs: c7f73386e6473f401a8e4151cac4e1e5 -> 
  custom:scripting/monoscript/fileName/InitializeConverterContext.cs: a97e19589a5774cdc2a34a28caea355f -> 
  custom:scripting/monoscript/fileName/SystemConverter.cs: c748d1769fc66e95256254a1cc1497f3 -> 
  custom:video-encoder-webm-vp8: eb34c28f22e8b96e1ab97ce403110664 -> 
  custom:audio-decoder-ogg-vorbis: bf7c407c2cedff20999df2af8eb42d56 -> 
  custom:scripting/monoscript/fileName/Models.cs: 72a9bccda329dd678eddccf95c3a65ef -> 
  custom:scripting/monoscript/fileName/RunItemContext.cs: 338b2243183036c2b60f94c1b5e817c5 -> 
  custom:scripting/monoscript/fileName/CoordinatePoller.cs: c9ac2ca40c1a1dc312a717df933e1b50 -> 
  custom:audio-encoder-webm-vorbis: bf7c407c2cedff20999df2af8eb42d56 -> 
  custom:scripting/precompiled-assembly-types:Assembly-CSharp: 8dfefbe94a32698fcd344bd444313170 -> 
  custom:scripting/monoscript/fileName/SystemConvertersEditor.cs: c127c1335f24b77ca70195bf2136c6a2 -> 
========================================================================
Received Prepare
Caller must complete domain reload
Begin MonoManager ReloadAssembly
Thread 0x16b14b000 may have been prematurely finalized
- Loaded All Assemblies, in  0.390 seconds
Native extension for OSXStandalone target not found
Mono: successfully reloaded assembly
- Finished resetting the current domain, in  0.792 seconds
Domain Reload Profiling: 1182ms
	BeginReloadAssembly (119ms)
		ExecutionOrderSort (0ms)
		DisableScriptedObjects (3ms)
		BackupInstance (0ms)
		ReleaseScriptingObjects (0ms)
		CreateAndSetChildDomain (52ms)
	RebuildCommonClasses (26ms)
	RebuildNativeTypeToScriptingClass (9ms)
	initialDomainReloadingComplete (15ms)
	LoadAllAssembliesAndSetupDomain (222ms)
		LoadAssemblies (176ms)
		RebuildTransferFunctionScriptingTraits (0ms)
		AnalyzeDomain (86ms)
			TypeCache.Refresh (71ms)
				TypeCache.ScanAssembly (1ms)
			ScanForSourceGeneratedMonoScriptInfo (8ms)
			ResolveRequiredComponents (5ms)
	FinalizeReload (792ms)
		ReleaseScriptCaches (0ms)
		RebuildScriptCaches (0ms)
		SetupLoadedEditorAssemblies (367ms)
			LogAssemblyErrors (0ms)
			InitializePlatformSupportModulesInManaged (3ms)
			SetLoadedEditorAssemblies (3ms)
			RefreshPlugins (0ms)
			BeforeProcessingInitializeOnLoad (35ms)
			ProcessInitializeOnLoadAttributes (314ms)
			ProcessInitializeOnLoadMethodAttributes (11ms)
			AfterProcessingInitializeOnLoad (1ms)
			EditorAssembliesLoaded (0ms)
		ExecutionOrderSort2 (0ms)
		AwakeInstancesAfterBackupRestoration (2ms)
Refreshing native plugins compatible for Editor in 0.86 ms, found 2 plugins.
Preloading 0 native plugins for Editor in 0.00 ms.
Unloading 3273 Unused Serialized files (Serialized files now loaded: 0)
Unloading 14 unused Assets / (28.6 KB). Loaded Objects now: 3854.
Memory consumption went from 438.5 MB to 438.5 MB.
Total: 2.691333 ms (FindLiveObjects: 0.120125 ms CreateObjectMapping: 0.040792 ms MarkObjects: 2.485375 ms  DeleteObjects: 0.044250 ms)

Prepare: number of updated asset objects reloaded= 0
AssetImportParameters requested are different than current active one (requested -> active):
  custom:scripting/monoscript/fileName/NavMeshSurface.cs: 34aebd278d8d3d5db6b23265b9c700f9 -> 
  custom:scripting/monoscript/fileName/ObjectAgent.cs: 78bbbb551987f8aebfa3783f3092d5f1 -> 
  custom:scripting/precompiled-assembly-types:Unity.AI.Navigation: 5d8fa505e3253b9a2a456e2c28a1afb3 -> 
  custom:container-demuxer-ogg: 62fdf1f143b41e24485cea50d1cbac27 -> 
  custom:scripting/monoscript/fileName/NavMeshModifierVolumeEditor.cs: 262a50135a116189426aa01c964a744c -> 
  custom:scripting/monoscript/fileName/NavigationOverlay.cs: 2744f4e7946ebbb71339c9b1ce538d00 -> 
  custom:scripting/monoscript/fileName/ConverterItemDescriptor.cs: 8182050d34c5cb602eb7913435a7abee -> 
  custom:scripting/monoscript/fileName/BuiltInToNavMeshSurfaceConverterContainer.cs: c40a906f9f99ea8a6c5aaa215767017f -> 
  custom:video-decoder-ogg-theora: a1e56fd34408186e4bbccfd4996cb3dc -> 
  custom:scripting/monoscript/fileName/NavigationWindow.cs: 7884404b71178f59d8819c380b951d7c -> 
  custom:scripting/monoscript/fileName/NavMeshComponentsGUIUtility.cs: 08c52049b94db52661003d42fda4ecff -> 
  custom:scripting/monoscript/fileName/ConverterItemInfo.cs: 9fb131dfa28a9ed6b6d00fd9cf83ece4 -> 
  custom:CustomObjectIndexerAttribute: 9a22284fe3817be447336de3de66b15e -> 
  custom:scripting/monoscript/fileName/NavMeshAssetManager.cs: 79eb4858c2054289cd611249ab36b0a5 -> 
  custom:scripting/monoscript/fileName/NavMeshSurfaceEditor.cs: adb1294e971eab992abc2e3e7e051565 -> 
  custom:container-demuxer-webm: 4f35f7cbe854078d1ac9338744f61a02 -> 
  custom:scripting/monoscript/fileName/NavMeshModifierVolume.cs: 8dc531216c72b86c60b86e16ff3da10b -> 
  custom:scripting/monoscript/fileName/NavMeshUpdaterUtility.cs: 5eb03802e6dba19b3e13aaf384805cac -> 
  custom:scripting/monoscript/fileName/NavigationPreferences.cs: ada9399a4f085d4c824cc06527e7fcae -> 
  custom:scripting/monoscript/fileName/NavMeshUpdaterEditor.cs: 169704080eda430978bba61ddedeb304 -> 
  custom:scripting/precompiled-assembly-types:Unity.AI.Navigation.Editor.ConversionSystem: 27c718e5de2659aeeb663e092dc21158 -> 
  custom:scripting/monoscript/fileName/NavMeshModifierEditor.cs: b8675d28116f43f78881455a7301fe8c -> 
  custom:container-muxer-webm: aa71ff27fc2769a1b78a27578f13a17b -> 
  custom:video-decoder-webm-vp8: 9c59270c3fd7afecdb556c50c9e8de78 -> 
  custom:scripting/precompiled-assembly-types:Unity.AI.Navigation.Editor: 7eaf38f66973fde07200cf372b24130e -> 
  custom:scripting/monoscript/fileName/HelpUrls.cs: c1a90585e3e9c9d25f58f9141655f24f -> 
  custom:scripting/monoscript/fileName/EditorStyles.cs: 86b9f4d8fe570a8d8295bfc466c975cf -> 
  custom:SearchIndexIgnoredProperties: e643bd26f0fe6173181afceb89e7c659 -> 
  custom:scripting/precompiled-assembly-types:Unity.AI.Navigation.Updater: d2095ddf03fd615830d6dacf5841450d -> 
  custom:scripting/monoscript/fileName/NavMeshLinkEditor.cs: aed8ae070d922149bb2ba3de06889ff6 -> 
  custom:AudioImporter_EditorPlatform: 3918e3fc78b5a79bad01e8451be0beb8 -> 
  custom:scripting/monoscript/fileName/NavMeshModifier.cs: 99ae5ed91bb784edc4f8312d7de046da -> 
  custom:scripting/monoscript/fileName/NavMeshSceneConverter.cs: baf486a1c1cdf03a3111dd113d13c2f4 -> 
  custom:scripting/monoscript/fileName/SystemConverterContainer.cs: eb4026ea01a117ce0888f693e9eed2cd -> 
  custom:scripting/monoscript/fileName/NavMeshLink.cs: 0b3d0eeb07ab57d259e8f9365538df09 -> 
  custom:framework-osx-AVFoundation: e770b220cccbd017edd2c1fefb359320 -> 
  custom:scripting/monoscript/fileName/ObsoleteNavigationWindowMenuEntry.cs: c7f73386e6473f401a8e4151cac4e1e5 -> 
  custom:scripting/monoscript/fileName/InitializeConverterContext.cs: a97e19589a5774cdc2a34a28caea355f -> 
  custom:scripting/monoscript/fileName/SystemConverter.cs: c748d1769fc66e95256254a1cc1497f3 -> 
  custom:video-encoder-webm-vp8: eb34c28f22e8b96e1ab97ce403110664 -> 
  custom:audio-decoder-ogg-vorbis: bf7c407c2cedff20999df2af8eb42d56 -> 
  custom:scripting/monoscript/fileName/Models.cs: 72a9bccda329dd678eddccf95c3a65ef -> 
  custom:scripting/monoscript/fileName/RunItemContext.cs: 338b2243183036c2b60f94c1b5e817c5 -> 
  custom:scripting/monoscript/fileName/CoordinatePoller.cs: c9ac2ca40c1a1dc312a717df933e1b50 -> 
  custom:audio-encoder-webm-vorbis: bf7c407c2cedff20999df2af8eb42d56 -> 
  custom:scripting/precompiled-assembly-types:Assembly-CSharp: 8dfefbe94a32698fcd344bd444313170 -> 
  custom:scripting/monoscript/fileName/SystemConvertersEditor.cs: c127c1335f24b77ca70195bf2136c6a2 -> 
========================================================================
Received Import Request.
  Time since last request: 920.917084 seconds.
  path: Assets/Scripts/AgentPrefab.prefab
  artifactKey: Guid(6e3ab4d637b6e441e9e817760af4c456) Importer(815301076,1909f56bfc062723c751e8b465ee728b)
Start importing Assets/Scripts/AgentPrefab.prefab using Guid(6e3ab4d637b6e441e9e817760af4c456) Importer(815301076,1909f56bfc062723c751e8b465ee728b) [PhysX] Initialized MultithreadedTaskDispatcher with 8 workers.
[PhysX] Initialized MultithreadedTaskDispatcher with 8 workers.
 -> (artifact id: '6e4104b61236cd198d994f743a3d63b5') in 0.404047 seconds
Number of updated asset objects reloaded before import = 0
Number of asset objects unloaded after import = 11
========================================================================
Received Prepare
Caller must complete domain reload
Begin MonoManager ReloadAssembly
Thread 0x16b14b000 may have been prematurely finalized
- Loaded All Assemblies, in  0.361 seconds
Native extension for OSXStandalone target not found
Mono: successfully reloaded assembly
- Finished resetting the current domain, in  0.785 seconds
Domain Reload Profiling: 1147ms
	BeginReloadAssembly (124ms)
		ExecutionOrderSort (0ms)
		DisableScriptedObjects (3ms)
		BackupInstance (0ms)
		ReleaseScriptingObjects (0ms)
		CreateAndSetChildDomain (56ms)
	RebuildCommonClasses (27ms)
	RebuildNativeTypeToScriptingClass (9ms)
	initialDomainReloadingComplete (21ms)
	LoadAllAssembliesAndSetupDomain (180ms)
		LoadAssemblies (205ms)
		RebuildTransferFunctionScriptingTraits (0ms)
		AnalyzeDomain (15ms)
			TypeCache.Refresh (9ms)
				TypeCache.ScanAssembly (0ms)
			ScanForSourceGeneratedMonoScriptInfo (0ms)
			ResolveRequiredComponents (5ms)
	FinalizeReload (785ms)
		ReleaseScriptCaches (0ms)
		RebuildScriptCaches (0ms)
		SetupLoadedEditorAssemblies (338ms)
			LogAssemblyErrors (0ms)
			InitializePlatformSupportModulesInManaged (3ms)
			SetLoadedEditorAssemblies (3ms)
			RefreshPlugins (0ms)
			BeforeProcessingInitializeOnLoad (32ms)
			ProcessInitializeOnLoadAttributes (290ms)
			ProcessInitializeOnLoadMethodAttributes (10ms)
			AfterProcessingInitializeOnLoad (1ms)
			EditorAssembliesLoaded (0ms)
		ExecutionOrderSort2 (0ms)
		AwakeInstancesAfterBackupRestoration (2ms)
Refreshing native plugins compatible for Editor in 0.52 ms, found 2 plugins.
Preloading 0 native plugins for Editor in 0.00 ms.
Unloading 3272 Unused Serialized files (Serialized files now loaded: 0)
Unloading 13 unused Assets / (27.7 KB). Loaded Objects now: 3867.
Memory consumption went from 449.6 MB to 449.6 MB.
Total: 2.551750 ms (FindLiveObjects: 0.126833 ms CreateObjectMapping: 0.040166 ms MarkObjects: 2.351750 ms  DeleteObjects: 0.032291 ms)

Prepare: number of updated asset objects reloaded= 0
AssetImportParameters requested are different than current active one (requested -> active):
  custom:scripting/monoscript/fileName/NavMeshSurface.cs: 34aebd278d8d3d5db6b23265b9c700f9 -> 
  custom:scripting/monoscript/fileName/ObjectAgent.cs: 78bbbb551987f8aebfa3783f3092d5f1 -> 
  custom:scripting/precompiled-assembly-types:Unity.AI.Navigation: 5d8fa505e3253b9a2a456e2c28a1afb3 -> 
  custom:container-demuxer-ogg: 62fdf1f143b41e24485cea50d1cbac27 -> 
  custom:scripting/monoscript/fileName/NavMeshModifierVolumeEditor.cs: 262a50135a116189426aa01c964a744c -> 
  custom:scripting/monoscript/fileName/NavigationOverlay.cs: 2744f4e7946ebbb71339c9b1ce538d00 -> 
  custom:scripting/monoscript/fileName/ConverterItemDescriptor.cs: 8182050d34c5cb602eb7913435a7abee -> 
  custom:scripting/monoscript/fileName/BuiltInToNavMeshSurfaceConverterContainer.cs: c40a906f9f99ea8a6c5aaa215767017f -> 
  custom:video-decoder-ogg-theora: a1e56fd34408186e4bbccfd4996cb3dc -> 
  custom:scripting/monoscript/fileName/NavigationWindow.cs: 7884404b71178f59d8819c380b951d7c -> 
  custom:scripting/monoscript/fileName/NavMeshComponentsGUIUtility.cs: 08c52049b94db52661003d42fda4ecff -> 
  custom:scripting/monoscript/fileName/ConverterItemInfo.cs: 9fb131dfa28a9ed6b6d00fd9cf83ece4 -> 
  custom:CustomObjectIndexerAttribute: 9a22284fe3817be447336de3de66b15e -> 
  custom:scripting/monoscript/fileName/NavMeshAssetManager.cs: 79eb4858c2054289cd611249ab36b0a5 -> 
  custom:scripting/monoscript/fileName/NavMeshSurfaceEditor.cs: adb1294e971eab992abc2e3e7e051565 -> 
  custom:container-demuxer-webm: 4f35f7cbe854078d1ac9338744f61a02 -> 
  custom:scripting/monoscript/fileName/NavMeshModifierVolume.cs: 8dc531216c72b86c60b86e16ff3da10b -> 
  custom:scripting/monoscript/fileName/NavMeshUpdaterUtility.cs: 5eb03802e6dba19b3e13aaf384805cac -> 
  custom:scripting/monoscript/fileName/NavigationPreferences.cs: ada9399a4f085d4c824cc06527e7fcae -> 
  custom:scripting/monoscript/fileName/NavMeshUpdaterEditor.cs: 169704080eda430978bba61ddedeb304 -> 
  custom:scripting/precompiled-assembly-types:Unity.AI.Navigation.Editor.ConversionSystem: 27c718e5de2659aeeb663e092dc21158 -> 
  custom:scripting/monoscript/fileName/NavMeshModifierEditor.cs: b8675d28116f43f78881455a7301fe8c -> 
  custom:container-muxer-webm: aa71ff27fc2769a1b78a27578f13a17b -> 
  custom:video-decoder-webm-vp8: 9c59270c3fd7afecdb556c50c9e8de78 -> 
  custom:scripting/precompiled-assembly-types:Unity.AI.Navigation.Editor: 7eaf38f66973fde07200cf372b24130e -> 
  custom:scripting/monoscript/fileName/HelpUrls.cs: c1a90585e3e9c9d25f58f9141655f24f -> 
  custom:scripting/monoscript/fileName/EditorStyles.cs: 86b9f4d8fe570a8d8295bfc466c975cf -> 
  custom:SearchIndexIgnoredProperties: e643bd26f0fe6173181afceb89e7c659 -> 
  custom:scripting/precompiled-assembly-types:Unity.AI.Navigation.Updater: d2095ddf03fd615830d6dacf5841450d -> 
  custom:scripting/monoscript/fileName/NavMeshLinkEditor.cs: aed8ae070d922149bb2ba3de06889ff6 -> 
  custom:AudioImporter_EditorPlatform: 3918e3fc78b5a79bad01e8451be0beb8 -> 
  custom:scripting/monoscript/fileName/NavMeshModifier.cs: 99ae5ed91bb784edc4f8312d7de046da -> 
  custom:scripting/monoscript/fileName/NavMeshSceneConverter.cs: baf486a1c1cdf03a3111dd113d13c2f4 -> 
  custom:scripting/monoscript/fileName/SystemConverterContainer.cs: eb4026ea01a117ce0888f693e9eed2cd -> 
  custom:scripting/monoscript/fileName/NavMeshLink.cs: 0b3d0eeb07ab57d259e8f9365538df09 -> 
  custom:framework-osx-AVFoundation: e770b220cccbd017edd2c1fefb359320 -> 
  custom:scripting/monoscript/fileName/ObsoleteNavigationWindowMenuEntry.cs: c7f73386e6473f401a8e4151cac4e1e5 -> 
  custom:scripting/monoscript/fileName/InitializeConverterContext.cs: a97e19589a5774cdc2a34a28caea355f -> 
  custom:scripting/monoscript/fileName/SystemConverter.cs: c748d1769fc66e95256254a1cc1497f3 -> 
  custom:video-encoder-webm-vp8: eb34c28f22e8b96e1ab97ce403110664 -> 
  custom:audio-decoder-ogg-vorbis: bf7c407c2cedff20999df2af8eb42d56 -> 
  custom:scripting/monoscript/fileName/Models.cs: 72a9bccda329dd678eddccf95c3a65ef -> 
  custom:scripting/monoscript/fileName/RunItemContext.cs: 338b2243183036c2b60f94c1b5e817c5 -> 
  custom:scripting/monoscript/fileName/CoordinatePoller.cs: c9ac2ca40c1a1dc312a717df933e1b50 -> 
  custom:audio-encoder-webm-vorbis: bf7c407c2cedff20999df2af8eb42d56 -> 
  custom:scripting/precompiled-assembly-types:Assembly-CSharp: 8dfefbe94a32698fcd344bd444313170 -> 
  custom:scripting/monoscript/fileName/SystemConvertersEditor.cs: c127c1335f24b77ca70195bf2136c6a2 -> 
========================================================================
Received Prepare
Caller must complete domain reload
Begin MonoManager ReloadAssembly
Thread 0x16b14b000 may have been prematurely finalized
- Loaded All Assemblies, in  0.315 seconds
Native extension for OSXStandalone target not found
Mono: successfully reloaded assembly
- Finished resetting the current domain, in  0.758 seconds
Domain Reload Profiling: 1074ms
	BeginReloadAssembly (120ms)
		ExecutionOrderSort (0ms)
		DisableScriptedObjects (3ms)
		BackupInstance (0ms)
		ReleaseScriptingObjects (0ms)
		CreateAndSetChildDomain (49ms)
	RebuildCommonClasses (25ms)
	RebuildNativeTypeToScriptingClass (8ms)
	initialDomainReloadingComplete (19ms)
	LoadAllAssembliesAndSetupDomain (144ms)
		LoadAssemblies (162ms)
		RebuildTransferFunctionScriptingTraits (0ms)
		AnalyzeDomain (26ms)
			TypeCache.Refresh (20ms)
				TypeCache.ScanAssembly (0ms)
			ScanForSourceGeneratedMonoScriptInfo (0ms)
			ResolveRequiredComponents (5ms)
	FinalizeReload (759ms)
		ReleaseScriptCaches (0ms)
		RebuildScriptCaches (0ms)
		SetupLoadedEditorAssemblies (435ms)
			LogAssemblyErrors (0ms)
			InitializePlatformSupportModulesInManaged (5ms)
			SetLoadedEditorAssemblies (5ms)
			RefreshPlugins (0ms)
			BeforeProcessingInitializeOnLoad (49ms)
			ProcessInitializeOnLoadAttributes (363ms)
			ProcessInitializeOnLoadMethodAttributes (13ms)
			AfterProcessingInitializeOnLoad (1ms)
			EditorAssembliesLoaded (0ms)
		ExecutionOrderSort2 (0ms)
		AwakeInstancesAfterBackupRestoration (3ms)
Refreshing native plugins compatible for Editor in 0.90 ms, found 2 plugins.
Preloading 0 native plugins for Editor in 0.00 ms.
Unloading 3272 Unused Serialized files (Serialized files now loaded: 0)
Unloading 13 unused Assets / (27.7 KB). Loaded Objects now: 3870.
Memory consumption went from 458.2 MB to 458.1 MB.
Total: 3.409292 ms (FindLiveObjects: 0.204958 ms CreateObjectMapping: 0.047084 ms MarkObjects: 3.113125 ms  DeleteObjects: 0.043209 ms)

Prepare: number of updated asset objects reloaded= 0
AssetImportParameters requested are different than current active one (requested -> active):
  custom:scripting/monoscript/fileName/NavMeshSurface.cs: 34aebd278d8d3d5db6b23265b9c700f9 -> 
  custom:scripting/monoscript/fileName/ObjectAgent.cs: 78bbbb551987f8aebfa3783f3092d5f1 -> 
  custom:scripting/precompiled-assembly-types:Unity.AI.Navigation: 5d8fa505e3253b9a2a456e2c28a1afb3 -> 
  custom:container-demuxer-ogg: 62fdf1f143b41e24485cea50d1cbac27 -> 
  custom:scripting/monoscript/fileName/NavMeshModifierVolumeEditor.cs: 262a50135a116189426aa01c964a744c -> 
  custom:scripting/monoscript/fileName/NavigationOverlay.cs: 2744f4e7946ebbb71339c9b1ce538d00 -> 
  custom:scripting/monoscript/fileName/ConverterItemDescriptor.cs: 8182050d34c5cb602eb7913435a7abee -> 
  custom:scripting/monoscript/fileName/BuiltInToNavMeshSurfaceConverterContainer.cs: c40a906f9f99ea8a6c5aaa215767017f -> 
  custom:video-decoder-ogg-theora: a1e56fd34408186e4bbccfd4996cb3dc -> 
  custom:scripting/monoscript/fileName/NavigationWindow.cs: 7884404b71178f59d8819c380b951d7c -> 
  custom:scripting/monoscript/fileName/NavMeshComponentsGUIUtility.cs: 08c52049b94db52661003d42fda4ecff -> 
  custom:scripting/monoscript/fileName/ConverterItemInfo.cs: 9fb131dfa28a9ed6b6d00fd9cf83ece4 -> 
  custom:CustomObjectIndexerAttribute: 9a22284fe3817be447336de3de66b15e -> 
  custom:scripting/monoscript/fileName/NavMeshAssetManager.cs: 79eb4858c2054289cd611249ab36b0a5 -> 
  custom:scripting/monoscript/fileName/NavMeshSurfaceEditor.cs: adb1294e971eab992abc2e3e7e051565 -> 
  custom:container-demuxer-webm: 4f35f7cbe854078d1ac9338744f61a02 -> 
  custom:scripting/monoscript/fileName/NavMeshModifierVolume.cs: 8dc531216c72b86c60b86e16ff3da10b -> 
  custom:scripting/monoscript/fileName/NavMeshUpdaterUtility.cs: 5eb03802e6dba19b3e13aaf384805cac -> 
  custom:scripting/monoscript/fileName/NavigationPreferences.cs: ada9399a4f085d4c824cc06527e7fcae -> 
  custom:scripting/monoscript/fileName/NavMeshUpdaterEditor.cs: 169704080eda430978bba61ddedeb304 -> 
  custom:scripting/precompiled-assembly-types:Unity.AI.Navigation.Editor.ConversionSystem: 27c718e5de2659aeeb663e092dc21158 -> 
  custom:scripting/monoscript/fileName/NavMeshModifierEditor.cs: b8675d28116f43f78881455a7301fe8c -> 
  custom:container-muxer-webm: aa71ff27fc2769a1b78a27578f13a17b -> 
  custom:video-decoder-webm-vp8: 9c59270c3fd7afecdb556c50c9e8de78 -> 
  custom:scripting/precompiled-assembly-types:Unity.AI.Navigation.Editor: 7eaf38f66973fde07200cf372b24130e -> 
  custom:scripting/monoscript/fileName/HelpUrls.cs: c1a90585e3e9c9d25f58f9141655f24f -> 
  custom:scripting/monoscript/fileName/EditorStyles.cs: 86b9f4d8fe570a8d8295bfc466c975cf -> 
  custom:SearchIndexIgnoredProperties: e643bd26f0fe6173181afceb89e7c659 -> 
  custom:scripting/precompiled-assembly-types:Unity.AI.Navigation.Updater: d2095ddf03fd615830d6dacf5841450d -> 
  custom:scripting/monoscript/fileName/NavMeshLinkEditor.cs: aed8ae070d922149bb2ba3de06889ff6 -> 
  custom:AudioImporter_EditorPlatform: 3918e3fc78b5a79bad01e8451be0beb8 -> 
  custom:scripting/monoscript/fileName/NavMeshModifier.cs: 99ae5ed91bb784edc4f8312d7de046da -> 
  custom:scripting/monoscript/fileName/NavMeshSceneConverter.cs: baf486a1c1cdf03a3111dd113d13c2f4 -> 
  custom:scripting/monoscript/fileName/SystemConverterContainer.cs: eb4026ea01a117ce0888f693e9eed2cd -> 
  custom:scripting/monoscript/fileName/NavMeshLink.cs: 0b3d0eeb07ab57d259e8f9365538df09 -> 
  custom:framework-osx-AVFoundation: e770b220cccbd017edd2c1fefb359320 -> 
  custom:scripting/monoscript/fileName/ObsoleteNavigationWindowMenuEntry.cs: c7f73386e6473f401a8e4151cac4e1e5 -> 
  custom:scripting/monoscript/fileName/InitializeConverterContext.cs: a97e19589a5774cdc2a34a28caea355f -> 
  custom:scripting/monoscript/fileName/SystemConverter.cs: c748d1769fc66e95256254a1cc1497f3 -> 
  custom:video-encoder-webm-vp8: eb34c28f22e8b96e1ab97ce403110664 -> 
  custom:audio-decoder-ogg-vorbis: bf7c407c2cedff20999df2af8eb42d56 -> 
  custom:scripting/monoscript/fileName/Models.cs: 72a9bccda329dd678eddccf95c3a65ef -> 
  custom:scripting/monoscript/fileName/RunItemContext.cs: 338b2243183036c2b60f94c1b5e817c5 -> 
  custom:scripting/monoscript/fileName/CoordinatePoller.cs: c9ac2ca40c1a1dc312a717df933e1b50 -> 
  custom:audio-encoder-webm-vorbis: bf7c407c2cedff20999df2af8eb42d56 -> 
  custom:scripting/precompiled-assembly-types:Assembly-CSharp: 8dfefbe94a32698fcd344bd444313170 -> 
  custom:scripting/monoscript/fileName/SystemConvertersEditor.cs: c127c1335f24b77ca70195bf2136c6a2 -> 
========================================================================
Received Prepare
Caller must complete domain reload
Begin MonoManager ReloadAssembly
Thread 0x16b14b000 may have been prematurely finalized
- Loaded All Assemblies, in  0.382 seconds
Native extension for OSXStandalone target not found
Mono: successfully reloaded assembly
- Finished resetting the current domain, in  0.873 seconds
Domain Reload Profiling: 1256ms
	BeginReloadAssembly (136ms)
		ExecutionOrderSort (0ms)
		DisableScriptedObjects (3ms)
		BackupInstance (0ms)
		ReleaseScriptingObjects (0ms)
		CreateAndSetChildDomain (55ms)
	RebuildCommonClasses (25ms)
	RebuildNativeTypeToScriptingClass (8ms)
	initialDomainReloadingComplete (23ms)
	LoadAllAssembliesAndSetupDomain (191ms)
		LoadAssemblies (219ms)
		RebuildTransferFunctionScriptingTraits (0ms)
		AnalyzeDomain (22ms)
			TypeCache.Refresh (15ms)
				TypeCache.ScanAssembly (0ms)
			ScanForSourceGeneratedMonoScriptInfo (0ms)
			ResolveRequiredComponents (6ms)
	FinalizeReload (873ms)
		ReleaseScriptCaches (0ms)
		RebuildScriptCaches (0ms)
		SetupLoadedEditorAssemblies (376ms)
			LogAssemblyErrors (0ms)
			InitializePlatformSupportModulesInManaged (3ms)
			SetLoadedEditorAssemblies (3ms)
			RefreshPlugins (0ms)
			BeforeProcessingInitializeOnLoad (34ms)
			ProcessInitializeOnLoadAttributes (322ms)
			ProcessInitializeOnLoadMethodAttributes (12ms)
			AfterProcessingInitializeOnLoad (1ms)
			EditorAssembliesLoaded (0ms)
		ExecutionOrderSort2 (0ms)
		AwakeInstancesAfterBackupRestoration (3ms)
Refreshing native plugins compatible for Editor in 0.59 ms, found 2 plugins.
Preloading 0 native plugins for Editor in 0.00 ms.
Unloading 3272 Unused Serialized files (Serialized files now loaded: 0)
Unloading 13 unused Assets / (27.7 KB). Loaded Objects now: 3873.
Memory consumption went from 466.7 MB to 466.7 MB.
Total: 3.046667 ms (FindLiveObjects: 0.142083 ms CreateObjectMapping: 0.048625 ms MarkObjects: 2.808000 ms  DeleteObjects: 0.047500 ms)

Prepare: number of updated asset objects reloaded= 0
AssetImportParameters requested are different than current active one (requested -> active):
  custom:scripting/monoscript/fileName/NavMeshSurface.cs: 34aebd278d8d3d5db6b23265b9c700f9 -> 
  custom:scripting/monoscript/fileName/ObjectAgent.cs: 78bbbb551987f8aebfa3783f3092d5f1 -> 
  custom:scripting/precompiled-assembly-types:Unity.AI.Navigation: 5d8fa505e3253b9a2a456e2c28a1afb3 -> 
  custom:container-demuxer-ogg: 62fdf1f143b41e24485cea50d1cbac27 -> 
  custom:scripting/monoscript/fileName/NavMeshModifierVolumeEditor.cs: 262a50135a116189426aa01c964a744c -> 
  custom:scripting/monoscript/fileName/NavigationOverlay.cs: 2744f4e7946ebbb71339c9b1ce538d00 -> 
  custom:scripting/monoscript/fileName/ConverterItemDescriptor.cs: 8182050d34c5cb602eb7913435a7abee -> 
  custom:scripting/monoscript/fileName/BuiltInToNavMeshSurfaceConverterContainer.cs: c40a906f9f99ea8a6c5aaa215767017f -> 
  custom:video-decoder-ogg-theora: a1e56fd34408186e4bbccfd4996cb3dc -> 
  custom:scripting/monoscript/fileName/NavigationWindow.cs: 7884404b71178f59d8819c380b951d7c -> 
  custom:scripting/monoscript/fileName/NavMeshComponentsGUIUtility.cs: 08c52049b94db52661003d42fda4ecff -> 
  custom:scripting/monoscript/fileName/ConverterItemInfo.cs: 9fb131dfa28a9ed6b6d00fd9cf83ece4 -> 
  custom:CustomObjectIndexerAttribute: 9a22284fe3817be447336de3de66b15e -> 
  custom:scripting/monoscript/fileName/NavMeshAssetManager.cs: 79eb4858c2054289cd611249ab36b0a5 -> 
  custom:scripting/monoscript/fileName/NavMeshSurfaceEditor.cs: adb1294e971eab992abc2e3e7e051565 -> 
  custom:container-demuxer-webm: 4f35f7cbe854078d1ac9338744f61a02 -> 
  custom:scripting/monoscript/fileName/NavMeshModifierVolume.cs: 8dc531216c72b86c60b86e16ff3da10b -> 
  custom:scripting/monoscript/fileName/NavMeshUpdaterUtility.cs: 5eb03802e6dba19b3e13aaf384805cac -> 
  custom:scripting/monoscript/fileName/NavigationPreferences.cs: ada9399a4f085d4c824cc06527e7fcae -> 
  custom:scripting/monoscript/fileName/NavMeshUpdaterEditor.cs: 169704080eda430978bba61ddedeb304 -> 
  custom:scripting/precompiled-assembly-types:Unity.AI.Navigation.Editor.ConversionSystem: 27c718e5de2659aeeb663e092dc21158 -> 
  custom:scripting/monoscript/fileName/NavMeshModifierEditor.cs: b8675d28116f43f78881455a7301fe8c -> 
  custom:container-muxer-webm: aa71ff27fc2769a1b78a27578f13a17b -> 
  custom:video-decoder-webm-vp8: 9c59270c3fd7afecdb556c50c9e8de78 -> 
  custom:scripting/precompiled-assembly-types:Unity.AI.Navigation.Editor: 7eaf38f66973fde07200cf372b24130e -> 
  custom:scripting/monoscript/fileName/HelpUrls.cs: c1a90585e3e9c9d25f58f9141655f24f -> 
  custom:scripting/monoscript/fileName/EditorStyles.cs: 86b9f4d8fe570a8d8295bfc466c975cf -> 
  custom:SearchIndexIgnoredProperties: e643bd26f0fe6173181afceb89e7c659 -> 
  custom:scripting/precompiled-assembly-types:Unity.AI.Navigation.Updater: d2095ddf03fd615830d6dacf5841450d -> 
  custom:scripting/monoscript/fileName/NavMeshLinkEditor.cs: aed8ae070d922149bb2ba3de06889ff6 -> 
  custom:AudioImporter_EditorPlatform: 3918e3fc78b5a79bad01e8451be0beb8 -> 
  custom:scripting/monoscript/fileName/NavMeshModifier.cs: 99ae5ed91bb784edc4f8312d7de046da -> 
  custom:scripting/monoscript/fileName/NavMeshSceneConverter.cs: baf486a1c1cdf03a3111dd113d13c2f4 -> 
  custom:scripting/monoscript/fileName/SystemConverterContainer.cs: eb4026ea01a117ce0888f693e9eed2cd -> 
  custom:scripting/monoscript/fileName/NavMeshLink.cs: 0b3d0eeb07ab57d259e8f9365538df09 -> 
  custom:framework-osx-AVFoundation: e770b220cccbd017edd2c1fefb359320 -> 
  custom:scripting/monoscript/fileName/ObsoleteNavigationWindowMenuEntry.cs: c7f73386e6473f401a8e4151cac4e1e5 -> 
  custom:scripting/monoscript/fileName/InitializeConverterContext.cs: a97e19589a5774cdc2a34a28caea355f -> 
  custom:scripting/monoscript/fileName/SystemConverter.cs: c748d1769fc66e95256254a1cc1497f3 -> 
  custom:video-encoder-webm-vp8: eb34c28f22e8b96e1ab97ce403110664 -> 
  custom:audio-decoder-ogg-vorbis: bf7c407c2cedff20999df2af8eb42d56 -> 
  custom:scripting/monoscript/fileName/Models.cs: 72a9bccda329dd678eddccf95c3a65ef -> 
  custom:scripting/monoscript/fileName/RunItemContext.cs: 338b2243183036c2b60f94c1b5e817c5 -> 
  custom:scripting/monoscript/fileName/CoordinatePoller.cs: c9ac2ca40c1a1dc312a717df933e1b50 -> 
  custom:audio-encoder-webm-vorbis: bf7c407c2cedff20999df2af8eb42d56 -> 
  custom:scripting/precompiled-assembly-types:Assembly-CSharp: 8dfefbe94a32698fcd344bd444313170 -> 
  custom:scripting/monoscript/fileName/SystemConvertersEditor.cs: c127c1335f24b77ca70195bf2136c6a2 -> 
========================================================================
Received Prepare
Caller must complete domain reload
Begin MonoManager ReloadAssembly
Thread 0x16b14b000 may have been prematurely finalized
- Loaded All Assemblies, in  0.350 seconds
Native extension for OSXStandalone target not found
Mono: successfully reloaded assembly
- Finished resetting the current domain, in  0.825 seconds
Domain Reload Profiling: 1176ms
	BeginReloadAssembly (114ms)
		ExecutionOrderSort (0ms)
		DisableScriptedObjects (3ms)
		BackupInstance (0ms)
		ReleaseScriptingObjects (0ms)
		CreateAndSetChildDomain (50ms)
	RebuildCommonClasses (25ms)
	RebuildNativeTypeToScriptingClass (8ms)
	initialDomainReloadingComplete (15ms)
	LoadAllAssembliesAndSetupDomain (189ms)
		LoadAssemblies (200ms)
		RebuildTransferFunctionScriptingTraits (0ms)
		AnalyzeDomain (25ms)
			TypeCache.Refresh (18ms)
				TypeCache.ScanAssembly (0ms)
			ScanForSourceGeneratedMonoScriptInfo (0ms)
			ResolveRequiredComponents (6ms)
	FinalizeReload (825ms)
		ReleaseScriptCaches (0ms)
		RebuildScriptCaches (0ms)
		SetupLoadedEditorAssemblies (362ms)
			LogAssemblyErrors (0ms)
			InitializePlatformSupportModulesInManaged (3ms)
			SetLoadedEditorAssemblies (3ms)
			RefreshPlugins (0ms)
			BeforeProcessingInitializeOnLoad (34ms)
			ProcessInitializeOnLoadAttributes (310ms)
			ProcessInitializeOnLoadMethodAttributes (12ms)
			AfterProcessingInitializeOnLoad (1ms)
			EditorAssembliesLoaded (0ms)
		ExecutionOrderSort2 (0ms)
		AwakeInstancesAfterBackupRestoration (3ms)
Refreshing native plugins compatible for Editor in 0.85 ms, found 2 plugins.
Preloading 0 native plugins for Editor in 0.00 ms.
Unloading 3272 Unused Serialized files (Serialized files now loaded: 0)
Unloading 13 unused Assets / (27.7 KB). Loaded Objects now: 3876.
Memory consumption went from 475.3 MB to 475.3 MB.
Total: 3.155958 ms (FindLiveObjects: 0.185958 ms CreateObjectMapping: 0.052917 ms MarkObjects: 2.854750 ms  DeleteObjects: 0.060750 ms)

Prepare: number of updated asset objects reloaded= 0
AssetImportParameters requested are different than current active one (requested -> active):
  custom:scripting/monoscript/fileName/NavMeshSurface.cs: 34aebd278d8d3d5db6b23265b9c700f9 -> 
  custom:scripting/monoscript/fileName/ObjectAgent.cs: 78bbbb551987f8aebfa3783f3092d5f1 -> 
  custom:scripting/precompiled-assembly-types:Unity.AI.Navigation: 5d8fa505e3253b9a2a456e2c28a1afb3 -> 
  custom:container-demuxer-ogg: 62fdf1f143b41e24485cea50d1cbac27 -> 
  custom:scripting/monoscript/fileName/NavMeshModifierVolumeEditor.cs: 262a50135a116189426aa01c964a744c -> 
  custom:scripting/monoscript/fileName/NavigationOverlay.cs: 2744f4e7946ebbb71339c9b1ce538d00 -> 
  custom:scripting/monoscript/fileName/ConverterItemDescriptor.cs: 8182050d34c5cb602eb7913435a7abee -> 
  custom:scripting/monoscript/fileName/BuiltInToNavMeshSurfaceConverterContainer.cs: c40a906f9f99ea8a6c5aaa215767017f -> 
  custom:video-decoder-ogg-theora: a1e56fd34408186e4bbccfd4996cb3dc -> 
  custom:scripting/monoscript/fileName/NavigationWindow.cs: 7884404b71178f59d8819c380b951d7c -> 
  custom:scripting/monoscript/fileName/NavMeshComponentsGUIUtility.cs: 08c52049b94db52661003d42fda4ecff -> 
  custom:scripting/monoscript/fileName/ConverterItemInfo.cs: 9fb131dfa28a9ed6b6d00fd9cf83ece4 -> 
  custom:CustomObjectIndexerAttribute: 9a22284fe3817be447336de3de66b15e -> 
  custom:scripting/monoscript/fileName/NavMeshAssetManager.cs: 79eb4858c2054289cd611249ab36b0a5 -> 
  custom:scripting/monoscript/fileName/NavMeshSurfaceEditor.cs: adb1294e971eab992abc2e3e7e051565 -> 
  custom:container-demuxer-webm: 4f35f7cbe854078d1ac9338744f61a02 -> 
  custom:scripting/monoscript/fileName/NavMeshModifierVolume.cs: 8dc531216c72b86c60b86e16ff3da10b -> 
  custom:scripting/monoscript/fileName/NavMeshUpdaterUtility.cs: 5eb03802e6dba19b3e13aaf384805cac -> 
  custom:scripting/monoscript/fileName/NavigationPreferences.cs: ada9399a4f085d4c824cc06527e7fcae -> 
  custom:scripting/monoscript/fileName/NavMeshUpdaterEditor.cs: 169704080eda430978bba61ddedeb304 -> 
  custom:scripting/precompiled-assembly-types:Unity.AI.Navigation.Editor.ConversionSystem: 27c718e5de2659aeeb663e092dc21158 -> 
  custom:scripting/monoscript/fileName/NavMeshModifierEditor.cs: b8675d28116f43f78881455a7301fe8c -> 
  custom:container-muxer-webm: aa71ff27fc2769a1b78a27578f13a17b -> 
  custom:video-decoder-webm-vp8: 9c59270c3fd7afecdb556c50c9e8de78 -> 
  custom:scripting/precompiled-assembly-types:Unity.AI.Navigation.Editor: 7eaf38f66973fde07200cf372b24130e -> 
  custom:scripting/monoscript/fileName/HelpUrls.cs: c1a90585e3e9c9d25f58f9141655f24f -> 
  custom:scripting/monoscript/fileName/EditorStyles.cs: 86b9f4d8fe570a8d8295bfc466c975cf -> 
  custom:SearchIndexIgnoredProperties: e643bd26f0fe6173181afceb89e7c659 -> 
  custom:scripting/precompiled-assembly-types:Unity.AI.Navigation.Updater: d2095ddf03fd615830d6dacf5841450d -> 
  custom:scripting/monoscript/fileName/NavMeshLinkEditor.cs: aed8ae070d922149bb2ba3de06889ff6 -> 
  custom:AudioImporter_EditorPlatform: 3918e3fc78b5a79bad01e8451be0beb8 -> 
  custom:scripting/monoscript/fileName/NavMeshModifier.cs: 99ae5ed91bb784edc4f8312d7de046da -> 
  custom:scripting/monoscript/fileName/NavMeshSceneConverter.cs: baf486a1c1cdf03a3111dd113d13c2f4 -> 
  custom:scripting/monoscript/fileName/SystemConverterContainer.cs: eb4026ea01a117ce0888f693e9eed2cd -> 
  custom:scripting/monoscript/fileName/NavMeshLink.cs: 0b3d0eeb07ab57d259e8f9365538df09 -> 
  custom:framework-osx-AVFoundation: e770b220cccbd017edd2c1fefb359320 -> 
  custom:scripting/monoscript/fileName/ObsoleteNavigationWindowMenuEntry.cs: c7f73386e6473f401a8e4151cac4e1e5 -> 
  custom:scripting/monoscript/fileName/InitializeConverterContext.cs: a97e19589a5774cdc2a34a28caea355f -> 
  custom:scripting/monoscript/fileName/SystemConverter.cs: c748d1769fc66e95256254a1cc1497f3 -> 
  custom:video-encoder-webm-vp8: eb34c28f22e8b96e1ab97ce403110664 -> 
  custom:audio-decoder-ogg-vorbis: bf7c407c2cedff20999df2af8eb42d56 -> 
  custom:scripting/monoscript/fileName/Models.cs: 72a9bccda329dd678eddccf95c3a65ef -> 
  custom:scripting/monoscript/fileName/RunItemContext.cs: 338b2243183036c2b60f94c1b5e817c5 -> 
  custom:scripting/monoscript/fileName/CoordinatePoller.cs: c9ac2ca40c1a1dc312a717df933e1b50 -> 
  custom:audio-encoder-webm-vorbis: bf7c407c2cedff20999df2af8eb42d56 -> 
  custom:scripting/precompiled-assembly-types:Assembly-CSharp: 8dfefbe94a32698fcd344bd444313170 -> 
  custom:scripting/monoscript/fileName/SystemConvertersEditor.cs: c127c1335f24b77ca70195bf2136c6a2 -> 
========================================================================
Received Prepare
Caller must complete domain reload
Begin MonoManager ReloadAssembly
Thread 0x16b14b000 may have been prematurely finalized
- Loaded All Assemblies, in  0.277 seconds
Native extension for OSXStandalone target not found
Mono: successfully reloaded assembly
- Finished resetting the current domain, in  0.916 seconds
Domain Reload Profiling: 1194ms
	BeginReloadAssembly (103ms)
		ExecutionOrderSort (0ms)
		DisableScriptedObjects (3ms)
		BackupInstance (0ms)
		ReleaseScriptingObjects (0ms)
		CreateAndSetChildDomain (39ms)
	RebuildCommonClasses (24ms)
	RebuildNativeTypeToScriptingClass (8ms)
	initialDomainReloadingComplete (18ms)
	LoadAllAssembliesAndSetupDomain (125ms)
		LoadAssemblies (139ms)
		RebuildTransferFunctionScriptingTraits (0ms)
		AnalyzeDomain (21ms)
			TypeCache.Refresh (16ms)
				TypeCache.ScanAssembly (0ms)
			ScanForSourceGeneratedMonoScriptInfo (0ms)
			ResolveRequiredComponents (4ms)
	FinalizeReload (916ms)
		ReleaseScriptCaches (0ms)
		RebuildScriptCaches (0ms)
		SetupLoadedEditorAssemblies (375ms)
			LogAssemblyErrors (0ms)
			InitializePlatformSupportModulesInManaged (3ms)
			SetLoadedEditorAssemblies (3ms)
			RefreshPlugins (0ms)
			BeforeProcessingInitializeOnLoad (34ms)
			ProcessInitializeOnLoadAttributes (322ms)
			ProcessInitializeOnLoadMethodAttributes (12ms)
			AfterProcessingInitializeOnLoad (1ms)
			EditorAssembliesLoaded (0ms)
		ExecutionOrderSort2 (0ms)
		AwakeInstancesAfterBackupRestoration (3ms)
Refreshing native plugins compatible for Editor in 0.61 ms, found 2 plugins.
Preloading 0 native plugins for Editor in 0.00 ms.
Unloading 3272 Unused Serialized files (Serialized files now loaded: 0)
Unloading 13 unused Assets / (27.7 KB). Loaded Objects now: 3879.
Memory consumption went from 483.9 MB to 483.8 MB.
Total: 2.840042 ms (FindLiveObjects: 0.155375 ms CreateObjectMapping: 0.044583 ms MarkObjects: 2.599083 ms  DeleteObjects: 0.040042 ms)

Prepare: number of updated asset objects reloaded= 0
AssetImportParameters requested are different than current active one (requested -> active):
  custom:scripting/monoscript/fileName/NavMeshSurface.cs: 34aebd278d8d3d5db6b23265b9c700f9 -> 
  custom:scripting/monoscript/fileName/ObjectAgent.cs: 78bbbb551987f8aebfa3783f3092d5f1 -> 
  custom:scripting/precompiled-assembly-types:Unity.AI.Navigation: 5d8fa505e3253b9a2a456e2c28a1afb3 -> 
  custom:container-demuxer-ogg: 62fdf1f143b41e24485cea50d1cbac27 -> 
  custom:scripting/monoscript/fileName/NavMeshModifierVolumeEditor.cs: 262a50135a116189426aa01c964a744c -> 
  custom:scripting/monoscript/fileName/NavigationOverlay.cs: 2744f4e7946ebbb71339c9b1ce538d00 -> 
  custom:scripting/monoscript/fileName/ConverterItemDescriptor.cs: 8182050d34c5cb602eb7913435a7abee -> 
  custom:scripting/monoscript/fileName/BuiltInToNavMeshSurfaceConverterContainer.cs: c40a906f9f99ea8a6c5aaa215767017f -> 
  custom:video-decoder-ogg-theora: a1e56fd34408186e4bbccfd4996cb3dc -> 
  custom:scripting/monoscript/fileName/NavigationWindow.cs: 7884404b71178f59d8819c380b951d7c -> 
  custom:scripting/monoscript/fileName/NavMeshComponentsGUIUtility.cs: 08c52049b94db52661003d42fda4ecff -> 
  custom:scripting/monoscript/fileName/ConverterItemInfo.cs: 9fb131dfa28a9ed6b6d00fd9cf83ece4 -> 
  custom:CustomObjectIndexerAttribute: 9a22284fe3817be447336de3de66b15e -> 
  custom:scripting/monoscript/fileName/NavMeshAssetManager.cs: 79eb4858c2054289cd611249ab36b0a5 -> 
  custom:scripting/monoscript/fileName/NavMeshSurfaceEditor.cs: adb1294e971eab992abc2e3e7e051565 -> 
  custom:container-demuxer-webm: 4f35f7cbe854078d1ac9338744f61a02 -> 
  custom:scripting/monoscript/fileName/NavMeshModifierVolume.cs: 8dc531216c72b86c60b86e16ff3da10b -> 
  custom:scripting/monoscript/fileName/NavMeshUpdaterUtility.cs: 5eb03802e6dba19b3e13aaf384805cac -> 
  custom:scripting/monoscript/fileName/NavigationPreferences.cs: ada9399a4f085d4c824cc06527e7fcae -> 
  custom:scripting/monoscript/fileName/NavMeshUpdaterEditor.cs: 169704080eda430978bba61ddedeb304 -> 
  custom:scripting/precompiled-assembly-types:Unity.AI.Navigation.Editor.ConversionSystem: 27c718e5de2659aeeb663e092dc21158 -> 
  custom:scripting/monoscript/fileName/NavMeshModifierEditor.cs: b8675d28116f43f78881455a7301fe8c -> 
  custom:container-muxer-webm: aa71ff27fc2769a1b78a27578f13a17b -> 
  custom:video-decoder-webm-vp8: 9c59270c3fd7afecdb556c50c9e8de78 -> 
  custom:scripting/precompiled-assembly-types:Unity.AI.Navigation.Editor: 7eaf38f66973fde07200cf372b24130e -> 
  custom:scripting/monoscript/fileName/HelpUrls.cs: c1a90585e3e9c9d25f58f9141655f24f -> 
  custom:scripting/monoscript/fileName/EditorStyles.cs: 86b9f4d8fe570a8d8295bfc466c975cf -> 
  custom:SearchIndexIgnoredProperties: e643bd26f0fe6173181afceb89e7c659 -> 
  custom:scripting/precompiled-assembly-types:Unity.AI.Navigation.Updater: d2095ddf03fd615830d6dacf5841450d -> 
  custom:scripting/monoscript/fileName/NavMeshLinkEditor.cs: aed8ae070d922149bb2ba3de06889ff6 -> 
  custom:AudioImporter_EditorPlatform: 3918e3fc78b5a79bad01e8451be0beb8 -> 
  custom:scripting/monoscript/fileName/NavMeshModifier.cs: 99ae5ed91bb784edc4f8312d7de046da -> 
  custom:scripting/monoscript/fileName/NavMeshSceneConverter.cs: baf486a1c1cdf03a3111dd113d13c2f4 -> 
  custom:scripting/monoscript/fileName/SystemConverterContainer.cs: eb4026ea01a117ce0888f693e9eed2cd -> 
  custom:scripting/monoscript/fileName/NavMeshLink.cs: 0b3d0eeb07ab57d259e8f9365538df09 -> 
  custom:framework-osx-AVFoundation: e770b220cccbd017edd2c1fefb359320 -> 
  custom:scripting/monoscript/fileName/ObsoleteNavigationWindowMenuEntry.cs: c7f73386e6473f401a8e4151cac4e1e5 -> 
  custom:scripting/monoscript/fileName/InitializeConverterContext.cs: a97e19589a5774cdc2a34a28caea355f -> 
  custom:scripting/monoscript/fileName/SystemConverter.cs: c748d1769fc66e95256254a1cc1497f3 -> 
  custom:video-encoder-webm-vp8: eb34c28f22e8b96e1ab97ce403110664 -> 
  custom:audio-decoder-ogg-vorbis: bf7c407c2cedff20999df2af8eb42d56 -> 
  custom:scripting/monoscript/fileName/Models.cs: 72a9bccda329dd678eddccf95c3a65ef -> 
  custom:scripting/monoscript/fileName/RunItemContext.cs: 338b2243183036c2b60f94c1b5e817c5 -> 
  custom:scripting/monoscript/fileName/CoordinatePoller.cs: c9ac2ca40c1a1dc312a717df933e1b50 -> 
  custom:audio-encoder-webm-vorbis: bf7c407c2cedff20999df2af8eb42d56 -> 
  custom:scripting/precompiled-assembly-types:Assembly-CSharp: 8dfefbe94a32698fcd344bd444313170 -> 
  custom:scripting/monoscript/fileName/SystemConvertersEditor.cs: c127c1335f24b77ca70195bf2136c6a2 -> 
========================================================================
Received Prepare
Caller must complete domain reload
Begin MonoManager ReloadAssembly
Thread 0x16b14b000 may have been prematurely finalized
- Loaded All Assemblies, in  0.298 seconds
Native extension for OSXStandalone target not found
Mono: successfully reloaded assembly
- Finished resetting the current domain, in  0.870 seconds
Domain Reload Profiling: 1169ms
	BeginReloadAssembly (113ms)
		ExecutionOrderSort (0ms)
		DisableScriptedObjects (3ms)
		BackupInstance (0ms)
		ReleaseScriptingObjects (0ms)
		CreateAndSetChildDomain (48ms)
	RebuildCommonClasses (24ms)
	RebuildNativeTypeToScriptingClass (8ms)
	initialDomainReloadingComplete (15ms)
	LoadAllAssembliesAndSetupDomain (138ms)
		LoadAssemblies (158ms)
		RebuildTransferFunctionScriptingTraits (0ms)
		AnalyzeDomain (18ms)
			TypeCache.Refresh (9ms)
				TypeCache.ScanAssembly (0ms)
			ScanForSourceGeneratedMonoScriptInfo (0ms)
			ResolveRequiredComponents (6ms)
	FinalizeReload (870ms)
		ReleaseScriptCaches (0ms)
		RebuildScriptCaches (0ms)
		SetupLoadedEditorAssemblies (379ms)
			LogAssemblyErrors (0ms)
			InitializePlatformSupportModulesInManaged (3ms)
			SetLoadedEditorAssemblies (4ms)
			RefreshPlugins (0ms)
			BeforeProcessingInitializeOnLoad (37ms)
			ProcessInitializeOnLoadAttributes (322ms)
			ProcessInitializeOnLoadMethodAttributes (12ms)
			AfterProcessingInitializeOnLoad (1ms)
			EditorAssembliesLoaded (0ms)
		ExecutionOrderSort2 (0ms)
		AwakeInstancesAfterBackupRestoration (3ms)
Refreshing native plugins compatible for Editor in 0.75 ms, found 2 plugins.
Preloading 0 native plugins for Editor in 0.00 ms.
Unloading 3272 Unused Serialized files (Serialized files now loaded: 0)
Unloading 13 unused Assets / (27.7 KB). Loaded Objects now: 3882.
Memory consumption went from 492.4 MB to 492.4 MB.
Total: 2.987125 ms (FindLiveObjects: 0.179625 ms CreateObjectMapping: 0.044250 ms MarkObjects: 2.718375 ms  DeleteObjects: 0.043834 ms)

Prepare: number of updated asset objects reloaded= 0
AssetImportParameters requested are different than current active one (requested -> active):
  custom:scripting/monoscript/fileName/NavMeshSurface.cs: 34aebd278d8d3d5db6b23265b9c700f9 -> 
  custom:scripting/monoscript/fileName/ObjectAgent.cs: 78bbbb551987f8aebfa3783f3092d5f1 -> 
  custom:scripting/precompiled-assembly-types:Unity.AI.Navigation: 5d8fa505e3253b9a2a456e2c28a1afb3 -> 
  custom:container-demuxer-ogg: 62fdf1f143b41e24485cea50d1cbac27 -> 
  custom:scripting/monoscript/fileName/NavMeshModifierVolumeEditor.cs: 262a50135a116189426aa01c964a744c -> 
  custom:scripting/monoscript/fileName/NavigationOverlay.cs: 2744f4e7946ebbb71339c9b1ce538d00 -> 
  custom:scripting/monoscript/fileName/ConverterItemDescriptor.cs: 8182050d34c5cb602eb7913435a7abee -> 
  custom:scripting/monoscript/fileName/BuiltInToNavMeshSurfaceConverterContainer.cs: c40a906f9f99ea8a6c5aaa215767017f -> 
  custom:video-decoder-ogg-theora: a1e56fd34408186e4bbccfd4996cb3dc -> 
  custom:scripting/monoscript/fileName/NavigationWindow.cs: 7884404b71178f59d8819c380b951d7c -> 
  custom:scripting/monoscript/fileName/NavMeshComponentsGUIUtility.cs: 08c52049b94db52661003d42fda4ecff -> 
  custom:scripting/monoscript/fileName/ConverterItemInfo.cs: 9fb131dfa28a9ed6b6d00fd9cf83ece4 -> 
  custom:CustomObjectIndexerAttribute: 9a22284fe3817be447336de3de66b15e -> 
  custom:scripting/monoscript/fileName/NavMeshAssetManager.cs: 79eb4858c2054289cd611249ab36b0a5 -> 
  custom:scripting/monoscript/fileName/NavMeshSurfaceEditor.cs: adb1294e971eab992abc2e3e7e051565 -> 
  custom:container-demuxer-webm: 4f35f7cbe854078d1ac9338744f61a02 -> 
  custom:scripting/monoscript/fileName/NavMeshModifierVolume.cs: 8dc531216c72b86c60b86e16ff3da10b -> 
  custom:scripting/monoscript/fileName/NavMeshUpdaterUtility.cs: 5eb03802e6dba19b3e13aaf384805cac -> 
  custom:scripting/monoscript/fileName/NavigationPreferences.cs: ada9399a4f085d4c824cc06527e7fcae -> 
  custom:scripting/monoscript/fileName/NavMeshUpdaterEditor.cs: 169704080eda430978bba61ddedeb304 -> 
  custom:scripting/precompiled-assembly-types:Unity.AI.Navigation.Editor.ConversionSystem: 27c718e5de2659aeeb663e092dc21158 -> 
  custom:scripting/monoscript/fileName/NavMeshModifierEditor.cs: b8675d28116f43f78881455a7301fe8c -> 
  custom:container-muxer-webm: aa71ff27fc2769a1b78a27578f13a17b -> 
  custom:video-decoder-webm-vp8: 9c59270c3fd7afecdb556c50c9e8de78 -> 
  custom:scripting/precompiled-assembly-types:Unity.AI.Navigation.Editor: 7eaf38f66973fde07200cf372b24130e -> 
  custom:scripting/monoscript/fileName/HelpUrls.cs: c1a90585e3e9c9d25f58f9141655f24f -> 
  custom:scripting/monoscript/fileName/EditorStyles.cs: 86b9f4d8fe570a8d8295bfc466c975cf -> 
  custom:SearchIndexIgnoredProperties: e643bd26f0fe6173181afceb89e7c659 -> 
  custom:scripting/precompiled-assembly-types:Unity.AI.Navigation.Updater: d2095ddf03fd615830d6dacf5841450d -> 
  custom:scripting/monoscript/fileName/NavMeshLinkEditor.cs: aed8ae070d922149bb2ba3de06889ff6 -> 
  custom:AudioImporter_EditorPlatform: 3918e3fc78b5a79bad01e8451be0beb8 -> 
  custom:scripting/monoscript/fileName/NavMeshModifier.cs: 99ae5ed91bb784edc4f8312d7de046da -> 
  custom:scripting/monoscript/fileName/NavMeshSceneConverter.cs: baf486a1c1cdf03a3111dd113d13c2f4 -> 
  custom:scripting/monoscript/fileName/SystemConverterContainer.cs: eb4026ea01a117ce0888f693e9eed2cd -> 
  custom:scripting/monoscript/fileName/NavMeshLink.cs: 0b3d0eeb07ab57d259e8f9365538df09 -> 
  custom:framework-osx-AVFoundation: e770b220cccbd017edd2c1fefb359320 -> 
  custom:scripting/monoscript/fileName/ObsoleteNavigationWindowMenuEntry.cs: c7f73386e6473f401a8e4151cac4e1e5 -> 
  custom:scripting/monoscript/fileName/InitializeConverterContext.cs: a97e19589a5774cdc2a34a28caea355f -> 
  custom:scripting/monoscript/fileName/SystemConverter.cs: c748d1769fc66e95256254a1cc1497f3 -> 
  custom:video-encoder-webm-vp8: eb34c28f22e8b96e1ab97ce403110664 -> 
  custom:audio-decoder-ogg-vorbis: bf7c407c2cedff20999df2af8eb42d56 -> 
  custom:scripting/monoscript/fileName/Models.cs: 72a9bccda329dd678eddccf95c3a65ef -> 
  custom:scripting/monoscript/fileName/RunItemContext.cs: 338b2243183036c2b60f94c1b5e817c5 -> 
  custom:scripting/monoscript/fileName/CoordinatePoller.cs: c9ac2ca40c1a1dc312a717df933e1b50 -> 
  custom:audio-encoder-webm-vorbis: bf7c407c2cedff20999df2af8eb42d56 -> 
  custom:scripting/precompiled-assembly-types:Assembly-CSharp: 8dfefbe94a32698fcd344bd444313170 -> 
  custom:scripting/monoscript/fileName/SystemConvertersEditor.cs: c127c1335f24b77ca70195bf2136c6a2 -> 
========================================================================
Received Prepare
Caller must complete domain reload
Begin MonoManager ReloadAssembly
Thread 0x16b14b000 may have been prematurely finalized
- Loaded All Assemblies, in  0.292 seconds
Native extension for OSXStandalone target not found
Mono: successfully reloaded assembly
- Finished resetting the current domain, in  0.859 seconds
Domain Reload Profiling: 1152ms
	BeginReloadAssembly (114ms)
		ExecutionOrderSort (0ms)
		DisableScriptedObjects (3ms)
		BackupInstance (0ms)
		ReleaseScriptingObjects (0ms)
		CreateAndSetChildDomain (49ms)
	RebuildCommonClasses (24ms)
	RebuildNativeTypeToScriptingClass (8ms)
	initialDomainReloadingComplete (15ms)
	LoadAllAssembliesAndSetupDomain (131ms)
		LoadAssemblies (157ms)
		RebuildTransferFunctionScriptingTraits (0ms)
		AnalyzeDomain (12ms)
			TypeCache.Refresh (8ms)
				TypeCache.ScanAssembly (0ms)
			ScanForSourceGeneratedMonoScriptInfo (0ms)
			ResolveRequiredComponents (4ms)
	FinalizeReload (859ms)
		ReleaseScriptCaches (0ms)
		RebuildScriptCaches (0ms)
		SetupLoadedEditorAssemblies (375ms)
			LogAssemblyErrors (0ms)
			InitializePlatformSupportModulesInManaged (3ms)
			SetLoadedEditorAssemblies (3ms)
			RefreshPlugins (0ms)
			BeforeProcessingInitializeOnLoad (35ms)
			ProcessInitializeOnLoadAttributes (321ms)
			ProcessInitializeOnLoadMethodAttributes (11ms)
			AfterProcessingInitializeOnLoad (1ms)
			EditorAssembliesLoaded (0ms)
		ExecutionOrderSort2 (0ms)
		AwakeInstancesAfterBackupRestoration (3ms)
Refreshing native plugins compatible for Editor in 0.76 ms, found 2 plugins.
Preloading 0 native plugins for Editor in 0.00 ms.
Unloading 3272 Unused Serialized files (Serialized files now loaded: 0)
Unloading 13 unused Assets / (27.7 KB). Loaded Objects now: 3885.
Memory consumption went from 501.0 MB to 501.0 MB.
Total: 2.887375 ms (FindLiveObjects: 0.141542 ms CreateObjectMapping: 0.046125 ms MarkObjects: 2.662834 ms  DeleteObjects: 0.035834 ms)

Prepare: number of updated asset objects reloaded= 0
AssetImportParameters requested are different than current active one (requested -> active):
  custom:scripting/monoscript/fileName/NavMeshSurface.cs: 34aebd278d8d3d5db6b23265b9c700f9 -> 
  custom:scripting/monoscript/fileName/ObjectAgent.cs: 78bbbb551987f8aebfa3783f3092d5f1 -> 
  custom:scripting/precompiled-assembly-types:Unity.AI.Navigation: 5d8fa505e3253b9a2a456e2c28a1afb3 -> 
  custom:container-demuxer-ogg: 62fdf1f143b41e24485cea50d1cbac27 -> 
  custom:scripting/monoscript/fileName/NavMeshModifierVolumeEditor.cs: 262a50135a116189426aa01c964a744c -> 
  custom:scripting/monoscript/fileName/NavigationOverlay.cs: 2744f4e7946ebbb71339c9b1ce538d00 -> 
  custom:scripting/monoscript/fileName/ConverterItemDescriptor.cs: 8182050d34c5cb602eb7913435a7abee -> 
  custom:scripting/monoscript/fileName/BuiltInToNavMeshSurfaceConverterContainer.cs: c40a906f9f99ea8a6c5aaa215767017f -> 
  custom:video-decoder-ogg-theora: a1e56fd34408186e4bbccfd4996cb3dc -> 
  custom:scripting/monoscript/fileName/NavigationWindow.cs: 7884404b71178f59d8819c380b951d7c -> 
  custom:scripting/monoscript/fileName/NavMeshComponentsGUIUtility.cs: 08c52049b94db52661003d42fda4ecff -> 
  custom:scripting/monoscript/fileName/ConverterItemInfo.cs: 9fb131dfa28a9ed6b6d00fd9cf83ece4 -> 
  custom:CustomObjectIndexerAttribute: 9a22284fe3817be447336de3de66b15e -> 
  custom:scripting/monoscript/fileName/NavMeshAssetManager.cs: 79eb4858c2054289cd611249ab36b0a5 -> 
  custom:scripting/monoscript/fileName/NavMeshSurfaceEditor.cs: adb1294e971eab992abc2e3e7e051565 -> 
  custom:container-demuxer-webm: 4f35f7cbe854078d1ac9338744f61a02 -> 
  custom:scripting/monoscript/fileName/NavMeshModifierVolume.cs: 8dc531216c72b86c60b86e16ff3da10b -> 
  custom:scripting/monoscript/fileName/NavMeshUpdaterUtility.cs: 5eb03802e6dba19b3e13aaf384805cac -> 
  custom:scripting/monoscript/fileName/NavigationPreferences.cs: ada9399a4f085d4c824cc06527e7fcae -> 
  custom:scripting/monoscript/fileName/NavMeshUpdaterEditor.cs: 169704080eda430978bba61ddedeb304 -> 
  custom:scripting/precompiled-assembly-types:Unity.AI.Navigation.Editor.ConversionSystem: 27c718e5de2659aeeb663e092dc21158 -> 
  custom:scripting/monoscript/fileName/NavMeshModifierEditor.cs: b8675d28116f43f78881455a7301fe8c -> 
  custom:container-muxer-webm: aa71ff27fc2769a1b78a27578f13a17b -> 
  custom:video-decoder-webm-vp8: 9c59270c3fd7afecdb556c50c9e8de78 -> 
  custom:scripting/precompiled-assembly-types:Unity.AI.Navigation.Editor: 7eaf38f66973fde07200cf372b24130e -> 
  custom:scripting/monoscript/fileName/HelpUrls.cs: c1a90585e3e9c9d25f58f9141655f24f -> 
  custom:scripting/monoscript/fileName/EditorStyles.cs: 86b9f4d8fe570a8d8295bfc466c975cf -> 
  custom:SearchIndexIgnoredProperties: e643bd26f0fe6173181afceb89e7c659 -> 
  custom:scripting/precompiled-assembly-types:Unity.AI.Navigation.Updater: d2095ddf03fd615830d6dacf5841450d -> 
  custom:scripting/monoscript/fileName/NavMeshLinkEditor.cs: aed8ae070d922149bb2ba3de06889ff6 -> 
  custom:AudioImporter_EditorPlatform: 3918e3fc78b5a79bad01e8451be0beb8 -> 
  custom:scripting/monoscript/fileName/NavMeshModifier.cs: 99ae5ed91bb784edc4f8312d7de046da -> 
  custom:scripting/monoscript/fileName/NavMeshSceneConverter.cs: baf486a1c1cdf03a3111dd113d13c2f4 -> 
  custom:scripting/monoscript/fileName/SystemConverterContainer.cs: eb4026ea01a117ce0888f693e9eed2cd -> 
  custom:scripting/monoscript/fileName/NavMeshLink.cs: 0b3d0eeb07ab57d259e8f9365538df09 -> 
  custom:framework-osx-AVFoundation: e770b220cccbd017edd2c1fefb359320 -> 
  custom:scripting/monoscript/fileName/ObsoleteNavigationWindowMenuEntry.cs: c7f73386e6473f401a8e4151cac4e1e5 -> 
  custom:scripting/monoscript/fileName/InitializeConverterContext.cs: a97e19589a5774cdc2a34a28caea355f -> 
  custom:scripting/monoscript/fileName/SystemConverter.cs: c748d1769fc66e95256254a1cc1497f3 -> 
  custom:video-encoder-webm-vp8: eb34c28f22e8b96e1ab97ce403110664 -> 
  custom:audio-decoder-ogg-vorbis: bf7c407c2cedff20999df2af8eb42d56 -> 
  custom:scripting/monoscript/fileName/Models.cs: 72a9bccda329dd678eddccf95c3a65ef -> 
  custom:scripting/monoscript/fileName/RunItemContext.cs: 338b2243183036c2b60f94c1b5e817c5 -> 
  custom:scripting/monoscript/fileName/CoordinatePoller.cs: c9ac2ca40c1a1dc312a717df933e1b50 -> 
  custom:audio-encoder-webm-vorbis: bf7c407c2cedff20999df2af8eb42d56 -> 
  custom:scripting/precompiled-assembly-types:Assembly-CSharp: 8dfefbe94a32698fcd344bd444313170 -> 
  custom:scripting/monoscript/fileName/SystemConvertersEditor.cs: c127c1335f24b77ca70195bf2136c6a2 -> 
========================================================================
Received Prepare
Caller must complete domain reload
Begin MonoManager ReloadAssembly
Thread 0x16b14b000 may have been prematurely finalized
- Loaded All Assemblies, in  0.248 seconds
Native extension for OSXStandalone target not found
Mono: successfully reloaded assembly
- Finished resetting the current domain, in  0.674 seconds
Domain Reload Profiling: 922ms
	BeginReloadAssembly (88ms)
		ExecutionOrderSort (0ms)
		DisableScriptedObjects (3ms)
		BackupInstance (0ms)
		ReleaseScriptingObjects (0ms)
		CreateAndSetChildDomain (28ms)
	RebuildCommonClasses (24ms)
	RebuildNativeTypeToScriptingClass (8ms)
	initialDomainReloadingComplete (14ms)
	LoadAllAssembliesAndSetupDomain (115ms)
		LoadAssemblies (139ms)
		RebuildTransferFunctionScriptingTraits (0ms)
		AnalyzeDomain (11ms)
			TypeCache.Refresh (6ms)
				TypeCache.ScanAssembly (0ms)
			ScanForSourceGeneratedMonoScriptInfo (0ms)
			ResolveRequiredComponents (4ms)
	FinalizeReload (674ms)
		ReleaseScriptCaches (0ms)
		RebuildScriptCaches (0ms)
		SetupLoadedEditorAssemblies (438ms)
			LogAssemblyErrors (0ms)
			InitializePlatformSupportModulesInManaged (3ms)
			SetLoadedEditorAssemblies (4ms)
			RefreshPlugins (0ms)
			BeforeProcessingInitializeOnLoad (40ms)
			ProcessInitializeOnLoadAttributes (379ms)
			ProcessInitializeOnLoadMethodAttributes (11ms)
			AfterProcessingInitializeOnLoad (1ms)
			EditorAssembliesLoaded (0ms)
		ExecutionOrderSort2 (0ms)
		AwakeInstancesAfterBackupRestoration (3ms)
Refreshing native plugins compatible for Editor in 0.57 ms, found 2 plugins.
Preloading 0 native plugins for Editor in 0.00 ms.
Unloading 3272 Unused Serialized files (Serialized files now loaded: 0)
Unloading 13 unused Assets / (27.7 KB). Loaded Objects now: 3888.
Memory consumption went from 509.6 MB to 509.5 MB.
Total: 3.048833 ms (FindLiveObjects: 0.160375 ms CreateObjectMapping: 0.048167 ms MarkObjects: 2.799625 ms  DeleteObjects: 0.040083 ms)

Prepare: number of updated asset objects reloaded= 0
AssetImportParameters requested are different than current active one (requested -> active):
  custom:scripting/monoscript/fileName/NavMeshSurface.cs: 34aebd278d8d3d5db6b23265b9c700f9 -> 
  custom:scripting/monoscript/fileName/ObjectAgent.cs: 78bbbb551987f8aebfa3783f3092d5f1 -> 
  custom:scripting/precompiled-assembly-types:Unity.AI.Navigation: 5d8fa505e3253b9a2a456e2c28a1afb3 -> 
  custom:container-demuxer-ogg: 62fdf1f143b41e24485cea50d1cbac27 -> 
  custom:scripting/monoscript/fileName/NavMeshModifierVolumeEditor.cs: 262a50135a116189426aa01c964a744c -> 
  custom:scripting/monoscript/fileName/NavigationOverlay.cs: 2744f4e7946ebbb71339c9b1ce538d00 -> 
  custom:scripting/monoscript/fileName/ConverterItemDescriptor.cs: 8182050d34c5cb602eb7913435a7abee -> 
  custom:scripting/monoscript/fileName/BuiltInToNavMeshSurfaceConverterContainer.cs: c40a906f9f99ea8a6c5aaa215767017f -> 
  custom:video-decoder-ogg-theora: a1e56fd34408186e4bbccfd4996cb3dc -> 
  custom:scripting/monoscript/fileName/NavigationWindow.cs: 7884404b71178f59d8819c380b951d7c -> 
  custom:scripting/monoscript/fileName/NavMeshComponentsGUIUtility.cs: 08c52049b94db52661003d42fda4ecff -> 
  custom:scripting/monoscript/fileName/ConverterItemInfo.cs: 9fb131dfa28a9ed6b6d00fd9cf83ece4 -> 
  custom:CustomObjectIndexerAttribute: 9a22284fe3817be447336de3de66b15e -> 
  custom:scripting/monoscript/fileName/NavMeshAssetManager.cs: 79eb4858c2054289cd611249ab36b0a5 -> 
  custom:scripting/monoscript/fileName/NavMeshSurfaceEditor.cs: adb1294e971eab992abc2e3e7e051565 -> 
  custom:container-demuxer-webm: 4f35f7cbe854078d1ac9338744f61a02 -> 
  custom:scripting/monoscript/fileName/NavMeshModifierVolume.cs: 8dc531216c72b86c60b86e16ff3da10b -> 
  custom:scripting/monoscript/fileName/NavMeshUpdaterUtility.cs: 5eb03802e6dba19b3e13aaf384805cac -> 
  custom:scripting/monoscript/fileName/NavigationPreferences.cs: ada9399a4f085d4c824cc06527e7fcae -> 
  custom:scripting/monoscript/fileName/NavMeshUpdaterEditor.cs: 169704080eda430978bba61ddedeb304 -> 
  custom:scripting/precompiled-assembly-types:Unity.AI.Navigation.Editor.ConversionSystem: 27c718e5de2659aeeb663e092dc21158 -> 
  custom:scripting/monoscript/fileName/NavMeshModifierEditor.cs: b8675d28116f43f78881455a7301fe8c -> 
  custom:container-muxer-webm: aa71ff27fc2769a1b78a27578f13a17b -> 
  custom:video-decoder-webm-vp8: 9c59270c3fd7afecdb556c50c9e8de78 -> 
  custom:scripting/precompiled-assembly-types:Unity.AI.Navigation.Editor: 7eaf38f66973fde07200cf372b24130e -> 
  custom:scripting/monoscript/fileName/HelpUrls.cs: c1a90585e3e9c9d25f58f9141655f24f -> 
  custom:scripting/monoscript/fileName/EditorStyles.cs: 86b9f4d8fe570a8d8295bfc466c975cf -> 
  custom:SearchIndexIgnoredProperties: e643bd26f0fe6173181afceb89e7c659 -> 
  custom:scripting/precompiled-assembly-types:Unity.AI.Navigation.Updater: d2095ddf03fd615830d6dacf5841450d -> 
  custom:scripting/monoscript/fileName/NavMeshLinkEditor.cs: aed8ae070d922149bb2ba3de06889ff6 -> 
  custom:AudioImporter_EditorPlatform: 3918e3fc78b5a79bad01e8451be0beb8 -> 
  custom:scripting/monoscript/fileName/NavMeshModifier.cs: 99ae5ed91bb784edc4f8312d7de046da -> 
  custom:scripting/monoscript/fileName/NavMeshSceneConverter.cs: baf486a1c1cdf03a3111dd113d13c2f4 -> 
  custom:scripting/monoscript/fileName/SystemConverterContainer.cs: eb4026ea01a117ce0888f693e9eed2cd -> 
  custom:scripting/monoscript/fileName/NavMeshLink.cs: 0b3d0eeb07ab57d259e8f9365538df09 -> 
  custom:framework-osx-AVFoundation: e770b220cccbd017edd2c1fefb359320 -> 
  custom:scripting/monoscript/fileName/ObsoleteNavigationWindowMenuEntry.cs: c7f73386e6473f401a8e4151cac4e1e5 -> 
  custom:scripting/monoscript/fileName/InitializeConverterContext.cs: a97e19589a5774cdc2a34a28caea355f -> 
  custom:scripting/monoscript/fileName/SystemConverter.cs: c748d1769fc66e95256254a1cc1497f3 -> 
  custom:video-encoder-webm-vp8: eb34c28f22e8b96e1ab97ce403110664 -> 
  custom:audio-decoder-ogg-vorbis: bf7c407c2cedff20999df2af8eb42d56 -> 
  custom:scripting/monoscript/fileName/Models.cs: 72a9bccda329dd678eddccf95c3a65ef -> 
  custom:scripting/monoscript/fileName/RunItemContext.cs: 338b2243183036c2b60f94c1b5e817c5 -> 
  custom:scripting/monoscript/fileName/CoordinatePoller.cs: c9ac2ca40c1a1dc312a717df933e1b50 -> 
  custom:audio-encoder-webm-vorbis: bf7c407c2cedff20999df2af8eb42d56 -> 
  custom:scripting/precompiled-assembly-types:Assembly-CSharp: 8dfefbe94a32698fcd344bd444313170 -> 
  custom:scripting/monoscript/fileName/SystemConvertersEditor.cs: c127c1335f24b77ca70195bf2136c6a2 -> 
========================================================================
Received Prepare
Caller must complete domain reload
Begin MonoManager ReloadAssembly
Thread 0x16b14b000 may have been prematurely finalized
- Loaded All Assemblies, in  0.284 seconds
Native extension for OSXStandalone target not found
Mono: successfully reloaded assembly
- Finished resetting the current domain, in  0.860 seconds
Domain Reload Profiling: 1148ms
	BeginReloadAssembly (105ms)
		ExecutionOrderSort (0ms)
		DisableScriptedObjects (3ms)
		BackupInstance (0ms)
		ReleaseScriptingObjects (0ms)
		CreateAndSetChildDomain (41ms)
	RebuildCommonClasses (24ms)
	RebuildNativeTypeToScriptingClass (8ms)
	initialDomainReloadingComplete (15ms)
	LoadAllAssembliesAndSetupDomain (136ms)
		LoadAssemblies (156ms)
		RebuildTransferFunctionScriptingTraits (0ms)
		AnalyzeDomain (14ms)
			TypeCache.Refresh (7ms)
				TypeCache.ScanAssembly (0ms)
			ScanForSourceGeneratedMonoScriptInfo (0ms)
			ResolveRequiredComponents (4ms)
	FinalizeReload (860ms)
		ReleaseScriptCaches (0ms)
		RebuildScriptCaches (0ms)
		SetupLoadedEditorAssemblies (373ms)
			LogAssemblyErrors (0ms)
			InitializePlatformSupportModulesInManaged (3ms)
			SetLoadedEditorAssemblies (4ms)
			RefreshPlugins (0ms)
			BeforeProcessingInitializeOnLoad (36ms)
			ProcessInitializeOnLoadAttributes (318ms)
			ProcessInitializeOnLoadMethodAttributes (12ms)
			AfterProcessingInitializeOnLoad (1ms)
			EditorAssembliesLoaded (0ms)
		ExecutionOrderSort2 (0ms)
		AwakeInstancesAfterBackupRestoration (3ms)
Refreshing native plugins compatible for Editor in 0.84 ms, found 2 plugins.
Preloading 0 native plugins for Editor in 0.00 ms.
Unloading 3272 Unused Serialized files (Serialized files now loaded: 0)
Unloading 13 unused Assets / (27.7 KB). Loaded Objects now: 3891.
Memory consumption went from 0.51 GB to 0.51 GB.
Total: 3.127250 ms (FindLiveObjects: 0.136542 ms CreateObjectMapping: 0.045500 ms MarkObjects: 2.891375 ms  DeleteObjects: 0.053208 ms)

Prepare: number of updated asset objects reloaded= 0
AssetImportParameters requested are different than current active one (requested -> active):
  custom:scripting/monoscript/fileName/NavMeshSurface.cs: 34aebd278d8d3d5db6b23265b9c700f9 -> 
  custom:scripting/monoscript/fileName/ObjectAgent.cs: 78bbbb551987f8aebfa3783f3092d5f1 -> 
  custom:scripting/precompiled-assembly-types:Unity.AI.Navigation: 5d8fa505e3253b9a2a456e2c28a1afb3 -> 
  custom:container-demuxer-ogg: 62fdf1f143b41e24485cea50d1cbac27 -> 
  custom:scripting/monoscript/fileName/NavMeshModifierVolumeEditor.cs: 262a50135a116189426aa01c964a744c -> 
  custom:scripting/monoscript/fileName/NavigationOverlay.cs: 2744f4e7946ebbb71339c9b1ce538d00 -> 
  custom:scripting/monoscript/fileName/ConverterItemDescriptor.cs: 8182050d34c5cb602eb7913435a7abee -> 
  custom:scripting/monoscript/fileName/BuiltInToNavMeshSurfaceConverterContainer.cs: c40a906f9f99ea8a6c5aaa215767017f -> 
  custom:video-decoder-ogg-theora: a1e56fd34408186e4bbccfd4996cb3dc -> 
  custom:scripting/monoscript/fileName/NavigationWindow.cs: 7884404b71178f59d8819c380b951d7c -> 
  custom:scripting/monoscript/fileName/NavMeshComponentsGUIUtility.cs: 08c52049b94db52661003d42fda4ecff -> 
  custom:scripting/monoscript/fileName/ConverterItemInfo.cs: 9fb131dfa28a9ed6b6d00fd9cf83ece4 -> 
  custom:CustomObjectIndexerAttribute: 9a22284fe3817be447336de3de66b15e -> 
  custom:scripting/monoscript/fileName/NavMeshAssetManager.cs: 79eb4858c2054289cd611249ab36b0a5 -> 
  custom:scripting/monoscript/fileName/NavMeshSurfaceEditor.cs: adb1294e971eab992abc2e3e7e051565 -> 
  custom:container-demuxer-webm: 4f35f7cbe854078d1ac9338744f61a02 -> 
  custom:scripting/monoscript/fileName/NavMeshModifierVolume.cs: 8dc531216c72b86c60b86e16ff3da10b -> 
  custom:scripting/monoscript/fileName/NavMeshUpdaterUtility.cs: 5eb03802e6dba19b3e13aaf384805cac -> 
  custom:scripting/monoscript/fileName/NavigationPreferences.cs: ada9399a4f085d4c824cc06527e7fcae -> 
  custom:scripting/monoscript/fileName/NavMeshUpdaterEditor.cs: 169704080eda430978bba61ddedeb304 -> 
  custom:scripting/precompiled-assembly-types:Unity.AI.Navigation.Editor.ConversionSystem: 27c718e5de2659aeeb663e092dc21158 -> 
  custom:scripting/monoscript/fileName/NavMeshModifierEditor.cs: b8675d28116f43f78881455a7301fe8c -> 
  custom:container-muxer-webm: aa71ff27fc2769a1b78a27578f13a17b -> 
  custom:video-decoder-webm-vp8: 9c59270c3fd7afecdb556c50c9e8de78 -> 
  custom:scripting/precompiled-assembly-types:Unity.AI.Navigation.Editor: 7eaf38f66973fde07200cf372b24130e -> 
  custom:scripting/monoscript/fileName/HelpUrls.cs: c1a90585e3e9c9d25f58f9141655f24f -> 
  custom:scripting/monoscript/fileName/EditorStyles.cs: 86b9f4d8fe570a8d8295bfc466c975cf -> 
  custom:SearchIndexIgnoredProperties: e643bd26f0fe6173181afceb89e7c659 -> 
  custom:scripting/precompiled-assembly-types:Unity.AI.Navigation.Updater: d2095ddf03fd615830d6dacf5841450d -> 
  custom:scripting/monoscript/fileName/NavMeshLinkEditor.cs: aed8ae070d922149bb2ba3de06889ff6 -> 
  custom:AudioImporter_EditorPlatform: 3918e3fc78b5a79bad01e8451be0beb8 -> 
  custom:scripting/monoscript/fileName/NavMeshModifier.cs: 99ae5ed91bb784edc4f8312d7de046da -> 
  custom:scripting/monoscript/fileName/NavMeshSceneConverter.cs: baf486a1c1cdf03a3111dd113d13c2f4 -> 
  custom:scripting/monoscript/fileName/SystemConverterContainer.cs: eb4026ea01a117ce0888f693e9eed2cd -> 
  custom:scripting/monoscript/fileName/NavMeshLink.cs: 0b3d0eeb07ab57d259e8f9365538df09 -> 
  custom:framework-osx-AVFoundation: e770b220cccbd017edd2c1fefb359320 -> 
  custom:scripting/monoscript/fileName/ObsoleteNavigationWindowMenuEntry.cs: c7f73386e6473f401a8e4151cac4e1e5 -> 
  custom:scripting/monoscript/fileName/InitializeConverterContext.cs: a97e19589a5774cdc2a34a28caea355f -> 
  custom:scripting/monoscript/fileName/SystemConverter.cs: c748d1769fc66e95256254a1cc1497f3 -> 
  custom:video-encoder-webm-vp8: eb34c28f22e8b96e1ab97ce403110664 -> 
  custom:audio-decoder-ogg-vorbis: bf7c407c2cedff20999df2af8eb42d56 -> 
  custom:scripting/monoscript/fileName/Models.cs: 72a9bccda329dd678eddccf95c3a65ef -> 
  custom:scripting/monoscript/fileName/RunItemContext.cs: 338b2243183036c2b60f94c1b5e817c5 -> 
  custom:scripting/monoscript/fileName/CoordinatePoller.cs: c9ac2ca40c1a1dc312a717df933e1b50 -> 
  custom:audio-encoder-webm-vorbis: bf7c407c2cedff20999df2af8eb42d56 -> 
  custom:scripting/precompiled-assembly-types:Assembly-CSharp: 8dfefbe94a32698fcd344bd444313170 -> 
  custom:scripting/monoscript/fileName/SystemConvertersEditor.cs: c127c1335f24b77ca70195bf2136c6a2 -> 
========================================================================
Received Prepare
Caller must complete domain reload
Begin MonoManager ReloadAssembly
Thread 0x16b14b000 may have been prematurely finalized
- Loaded All Assemblies, in  0.318 seconds
Native extension for OSXStandalone target not found
Mono: successfully reloaded assembly
- Finished resetting the current domain, in  0.908 seconds
Domain Reload Profiling: 1226ms
	BeginReloadAssembly (118ms)
		ExecutionOrderSort (0ms)
		DisableScriptedObjects (4ms)
		BackupInstance (0ms)
		ReleaseScriptingObjects (0ms)
		CreateAndSetChildDomain (49ms)
	RebuildCommonClasses (24ms)
	RebuildNativeTypeToScriptingClass (8ms)
	initialDomainReloadingComplete (18ms)
	LoadAllAssembliesAndSetupDomain (149ms)
		LoadAssemblies (165ms)
		RebuildTransferFunctionScriptingTraits (0ms)
		AnalyzeDomain (26ms)
			TypeCache.Refresh (20ms)
				TypeCache.ScanAssembly (0ms)
			ScanForSourceGeneratedMonoScriptInfo (0ms)
			ResolveRequiredComponents (6ms)
	FinalizeReload (908ms)
		ReleaseScriptCaches (0ms)
		RebuildScriptCaches (0ms)
		SetupLoadedEditorAssemblies (399ms)
			LogAssemblyErrors (0ms)
			InitializePlatformSupportModulesInManaged (3ms)
			SetLoadedEditorAssemblies (5ms)
			RefreshPlugins (0ms)
			BeforeProcessingInitializeOnLoad (35ms)
			ProcessInitializeOnLoadAttributes (343ms)
			ProcessInitializeOnLoadMethodAttributes (12ms)
			AfterProcessingInitializeOnLoad (1ms)
			EditorAssembliesLoaded (0ms)
		ExecutionOrderSort2 (0ms)
		AwakeInstancesAfterBackupRestoration (3ms)
Refreshing native plugins compatible for Editor in 0.81 ms, found 2 plugins.
Preloading 0 native plugins for Editor in 0.00 ms.
Unloading 3272 Unused Serialized files (Serialized files now loaded: 0)
Unloading 13 unused Assets / (27.7 KB). Loaded Objects now: 3894.
Memory consumption went from 0.51 GB to 0.51 GB.
Total: 3.132125 ms (FindLiveObjects: 0.145042 ms CreateObjectMapping: 0.044416 ms MarkObjects: 2.897042 ms  DeleteObjects: 0.044917 ms)

Prepare: number of updated asset objects reloaded= 0
AssetImportParameters requested are different than current active one (requested -> active):
  custom:scripting/monoscript/fileName/NavMeshSurface.cs: 34aebd278d8d3d5db6b23265b9c700f9 -> 
  custom:scripting/monoscript/fileName/ObjectAgent.cs: 78bbbb551987f8aebfa3783f3092d5f1 -> 
  custom:scripting/precompiled-assembly-types:Unity.AI.Navigation: 5d8fa505e3253b9a2a456e2c28a1afb3 -> 
  custom:container-demuxer-ogg: 62fdf1f143b41e24485cea50d1cbac27 -> 
  custom:scripting/monoscript/fileName/NavMeshModifierVolumeEditor.cs: 262a50135a116189426aa01c964a744c -> 
  custom:scripting/monoscript/fileName/NavigationOverlay.cs: 2744f4e7946ebbb71339c9b1ce538d00 -> 
  custom:scripting/monoscript/fileName/ConverterItemDescriptor.cs: 8182050d34c5cb602eb7913435a7abee -> 
  custom:scripting/monoscript/fileName/BuiltInToNavMeshSurfaceConverterContainer.cs: c40a906f9f99ea8a6c5aaa215767017f -> 
  custom:video-decoder-ogg-theora: a1e56fd34408186e4bbccfd4996cb3dc -> 
  custom:scripting/monoscript/fileName/NavigationWindow.cs: 7884404b71178f59d8819c380b951d7c -> 
  custom:scripting/monoscript/fileName/NavMeshComponentsGUIUtility.cs: 08c52049b94db52661003d42fda4ecff -> 
  custom:scripting/monoscript/fileName/ConverterItemInfo.cs: 9fb131dfa28a9ed6b6d00fd9cf83ece4 -> 
  custom:CustomObjectIndexerAttribute: 9a22284fe3817be447336de3de66b15e -> 
  custom:scripting/monoscript/fileName/NavMeshAssetManager.cs: 79eb4858c2054289cd611249ab36b0a5 -> 
  custom:scripting/monoscript/fileName/NavMeshSurfaceEditor.cs: adb1294e971eab992abc2e3e7e051565 -> 
  custom:container-demuxer-webm: 4f35f7cbe854078d1ac9338744f61a02 -> 
  custom:scripting/monoscript/fileName/NavMeshModifierVolume.cs: 8dc531216c72b86c60b86e16ff3da10b -> 
  custom:scripting/monoscript/fileName/NavMeshUpdaterUtility.cs: 5eb03802e6dba19b3e13aaf384805cac -> 
  custom:scripting/monoscript/fileName/NavigationPreferences.cs: ada9399a4f085d4c824cc06527e7fcae -> 
  custom:scripting/monoscript/fileName/NavMeshUpdaterEditor.cs: 169704080eda430978bba61ddedeb304 -> 
  custom:scripting/precompiled-assembly-types:Unity.AI.Navigation.Editor.ConversionSystem: 27c718e5de2659aeeb663e092dc21158 -> 
  custom:scripting/monoscript/fileName/NavMeshModifierEditor.cs: b8675d28116f43f78881455a7301fe8c -> 
  custom:container-muxer-webm: aa71ff27fc2769a1b78a27578f13a17b -> 
  custom:video-decoder-webm-vp8: 9c59270c3fd7afecdb556c50c9e8de78 -> 
  custom:scripting/precompiled-assembly-types:Unity.AI.Navigation.Editor: 7eaf38f66973fde07200cf372b24130e -> 
  custom:scripting/monoscript/fileName/HelpUrls.cs: c1a90585e3e9c9d25f58f9141655f24f -> 
  custom:scripting/monoscript/fileName/EditorStyles.cs: 86b9f4d8fe570a8d8295bfc466c975cf -> 
  custom:SearchIndexIgnoredProperties: e643bd26f0fe6173181afceb89e7c659 -> 
  custom:scripting/precompiled-assembly-types:Unity.AI.Navigation.Updater: d2095ddf03fd615830d6dacf5841450d -> 
  custom:scripting/monoscript/fileName/NavMeshLinkEditor.cs: aed8ae070d922149bb2ba3de06889ff6 -> 
  custom:AudioImporter_EditorPlatform: 3918e3fc78b5a79bad01e8451be0beb8 -> 
  custom:scripting/monoscript/fileName/NavMeshModifier.cs: 99ae5ed91bb784edc4f8312d7de046da -> 
  custom:scripting/monoscript/fileName/NavMeshSceneConverter.cs: baf486a1c1cdf03a3111dd113d13c2f4 -> 
  custom:scripting/monoscript/fileName/SystemConverterContainer.cs: eb4026ea01a117ce0888f693e9eed2cd -> 
  custom:scripting/monoscript/fileName/NavMeshLink.cs: 0b3d0eeb07ab57d259e8f9365538df09 -> 
  custom:framework-osx-AVFoundation: e770b220cccbd017edd2c1fefb359320 -> 
  custom:scripting/monoscript/fileName/ObsoleteNavigationWindowMenuEntry.cs: c7f73386e6473f401a8e4151cac4e1e5 -> 
  custom:scripting/monoscript/fileName/InitializeConverterContext.cs: a97e19589a5774cdc2a34a28caea355f -> 
  custom:scripting/monoscript/fileName/SystemConverter.cs: c748d1769fc66e95256254a1cc1497f3 -> 
  custom:video-encoder-webm-vp8: eb34c28f22e8b96e1ab97ce403110664 -> 
  custom:audio-decoder-ogg-vorbis: bf7c407c2cedff20999df2af8eb42d56 -> 
  custom:scripting/monoscript/fileName/Models.cs: 72a9bccda329dd678eddccf95c3a65ef -> 
  custom:scripting/monoscript/fileName/RunItemContext.cs: 338b2243183036c2b60f94c1b5e817c5 -> 
  custom:scripting/monoscript/fileName/CoordinatePoller.cs: c9ac2ca40c1a1dc312a717df933e1b50 -> 
  custom:audio-encoder-webm-vorbis: bf7c407c2cedff20999df2af8eb42d56 -> 
  custom:scripting/precompiled-assembly-types:Assembly-CSharp: 8dfefbe94a32698fcd344bd444313170 -> 
  custom:scripting/monoscript/fileName/SystemConvertersEditor.cs: c127c1335f24b77ca70195bf2136c6a2 -> 
========================================================================
Received Prepare
Caller must complete domain reload
Begin MonoManager ReloadAssembly
Thread 0x16b14b000 may have been prematurely finalized
- Loaded All Assemblies, in  0.342 seconds
Native extension for OSXStandalone target not found
Mono: successfully reloaded assembly
- Finished resetting the current domain, in  0.825 seconds
Domain Reload Profiling: 1167ms
	BeginReloadAssembly (123ms)
		ExecutionOrderSort (0ms)
		DisableScriptedObjects (3ms)
		BackupInstance (0ms)
		ReleaseScriptingObjects (0ms)
		CreateAndSetChildDomain (51ms)
	RebuildCommonClasses (25ms)
	RebuildNativeTypeToScriptingClass (8ms)
	initialDomainReloadingComplete (18ms)
	LoadAllAssembliesAndSetupDomain (168ms)
		LoadAssemblies (177ms)
		RebuildTransferFunctionScriptingTraits (0ms)
		AnalyzeDomain (31ms)
			TypeCache.Refresh (15ms)
				TypeCache.ScanAssembly (0ms)
			ScanForSourceGeneratedMonoScriptInfo (10ms)
			ResolveRequiredComponents (5ms)
	FinalizeReload (825ms)
		ReleaseScriptCaches (0ms)
		RebuildScriptCaches (0ms)
		SetupLoadedEditorAssemblies (363ms)
			LogAssemblyErrors (0ms)
			InitializePlatformSupportModulesInManaged (3ms)
			SetLoadedEditorAssemblies (3ms)
			RefreshPlugins (0ms)
			BeforeProcessingInitializeOnLoad (34ms)
			ProcessInitializeOnLoadAttributes (312ms)
			ProcessInitializeOnLoadMethodAttributes (11ms)
			AfterProcessingInitializeOnLoad (1ms)
			EditorAssembliesLoaded (0ms)
		ExecutionOrderSort2 (0ms)
		AwakeInstancesAfterBackupRestoration (2ms)
Refreshing native plugins compatible for Editor in 0.72 ms, found 2 plugins.
Preloading 0 native plugins for Editor in 0.00 ms.
Unloading 3272 Unused Serialized files (Serialized files now loaded: 0)
Unloading 13 unused Assets / (27.7 KB). Loaded Objects now: 3897.
Memory consumption went from 0.52 GB to 0.52 GB.
Total: 2.674500 ms (FindLiveObjects: 0.125666 ms CreateObjectMapping: 0.042417 ms MarkObjects: 2.461041 ms  DeleteObjects: 0.044667 ms)

Prepare: number of updated asset objects reloaded= 0
AssetImportParameters requested are different than current active one (requested -> active):
  custom:scripting/monoscript/fileName/NavMeshSurface.cs: 34aebd278d8d3d5db6b23265b9c700f9 -> 
  custom:scripting/monoscript/fileName/ObjectAgent.cs: 78bbbb551987f8aebfa3783f3092d5f1 -> 
  custom:scripting/precompiled-assembly-types:Unity.AI.Navigation: 5d8fa505e3253b9a2a456e2c28a1afb3 -> 
  custom:container-demuxer-ogg: 62fdf1f143b41e24485cea50d1cbac27 -> 
  custom:scripting/monoscript/fileName/NavMeshModifierVolumeEditor.cs: 262a50135a116189426aa01c964a744c -> 
  custom:scripting/monoscript/fileName/NavigationOverlay.cs: 2744f4e7946ebbb71339c9b1ce538d00 -> 
  custom:scripting/monoscript/fileName/ConverterItemDescriptor.cs: 8182050d34c5cb602eb7913435a7abee -> 
  custom:scripting/monoscript/fileName/BuiltInToNavMeshSurfaceConverterContainer.cs: c40a906f9f99ea8a6c5aaa215767017f -> 
  custom:video-decoder-ogg-theora: a1e56fd34408186e4bbccfd4996cb3dc -> 
  custom:scripting/monoscript/fileName/NavigationWindow.cs: 7884404b71178f59d8819c380b951d7c -> 
  custom:scripting/monoscript/fileName/NavMeshComponentsGUIUtility.cs: 08c52049b94db52661003d42fda4ecff -> 
  custom:scripting/monoscript/fileName/ConverterItemInfo.cs: 9fb131dfa28a9ed6b6d00fd9cf83ece4 -> 
  custom:CustomObjectIndexerAttribute: 9a22284fe3817be447336de3de66b15e -> 
  custom:scripting/monoscript/fileName/NavMeshAssetManager.cs: 79eb4858c2054289cd611249ab36b0a5 -> 
  custom:scripting/monoscript/fileName/NavMeshSurfaceEditor.cs: adb1294e971eab992abc2e3e7e051565 -> 
  custom:container-demuxer-webm: 4f35f7cbe854078d1ac9338744f61a02 -> 
  custom:scripting/monoscript/fileName/NavMeshModifierVolume.cs: 8dc531216c72b86c60b86e16ff3da10b -> 
  custom:scripting/monoscript/fileName/NavMeshUpdaterUtility.cs: 5eb03802e6dba19b3e13aaf384805cac -> 
  custom:scripting/monoscript/fileName/NavigationPreferences.cs: ada9399a4f085d4c824cc06527e7fcae -> 
  custom:scripting/monoscript/fileName/NavMeshUpdaterEditor.cs: 169704080eda430978bba61ddedeb304 -> 
  custom:scripting/precompiled-assembly-types:Unity.AI.Navigation.Editor.ConversionSystem: 27c718e5de2659aeeb663e092dc21158 -> 
  custom:scripting/monoscript/fileName/NavMeshModifierEditor.cs: b8675d28116f43f78881455a7301fe8c -> 
  custom:container-muxer-webm: aa71ff27fc2769a1b78a27578f13a17b -> 
  custom:video-decoder-webm-vp8: 9c59270c3fd7afecdb556c50c9e8de78 -> 
  custom:scripting/precompiled-assembly-types:Unity.AI.Navigation.Editor: 7eaf38f66973fde07200cf372b24130e -> 
  custom:scripting/monoscript/fileName/HelpUrls.cs: c1a90585e3e9c9d25f58f9141655f24f -> 
  custom:scripting/monoscript/fileName/EditorStyles.cs: 86b9f4d8fe570a8d8295bfc466c975cf -> 
  custom:SearchIndexIgnoredProperties: e643bd26f0fe6173181afceb89e7c659 -> 
  custom:scripting/precompiled-assembly-types:Unity.AI.Navigation.Updater: d2095ddf03fd615830d6dacf5841450d -> 
  custom:scripting/monoscript/fileName/NavMeshLinkEditor.cs: aed8ae070d922149bb2ba3de06889ff6 -> 
  custom:AudioImporter_EditorPlatform: 3918e3fc78b5a79bad01e8451be0beb8 -> 
  custom:scripting/monoscript/fileName/NavMeshModifier.cs: 99ae5ed91bb784edc4f8312d7de046da -> 
  custom:scripting/monoscript/fileName/NavMeshSceneConverter.cs: baf486a1c1cdf03a3111dd113d13c2f4 -> 
  custom:scripting/monoscript/fileName/SystemConverterContainer.cs: eb4026ea01a117ce0888f693e9eed2cd -> 
  custom:scripting/monoscript/fileName/NavMeshLink.cs: 0b3d0eeb07ab57d259e8f9365538df09 -> 
  custom:framework-osx-AVFoundation: e770b220cccbd017edd2c1fefb359320 -> 
  custom:scripting/monoscript/fileName/ObsoleteNavigationWindowMenuEntry.cs: c7f73386e6473f401a8e4151cac4e1e5 -> 
  custom:scripting/monoscript/fileName/InitializeConverterContext.cs: a97e19589a5774cdc2a34a28caea355f -> 
  custom:scripting/monoscript/fileName/SystemConverter.cs: c748d1769fc66e95256254a1cc1497f3 -> 
  custom:video-encoder-webm-vp8: eb34c28f22e8b96e1ab97ce403110664 -> 
  custom:audio-decoder-ogg-vorbis: bf7c407c2cedff20999df2af8eb42d56 -> 
  custom:scripting/monoscript/fileName/Models.cs: 72a9bccda329dd678eddccf95c3a65ef -> 
  custom:scripting/monoscript/fileName/RunItemContext.cs: 338b2243183036c2b60f94c1b5e817c5 -> 
  custom:scripting/monoscript/fileName/CoordinatePoller.cs: c9ac2ca40c1a1dc312a717df933e1b50 -> 
  custom:audio-encoder-webm-vorbis: bf7c407c2cedff20999df2af8eb42d56 -> 
  custom:scripting/precompiled-assembly-types:Assembly-CSharp: 8dfefbe94a32698fcd344bd444313170 -> 
  custom:scripting/monoscript/fileName/SystemConvertersEditor.cs: c127c1335f24b77ca70195bf2136c6a2 -> 
========================================================================
Received Import Request.
  Time since last request: 2802.117671 seconds.
  path: Assets/Scripts/AgentPrefab.prefab
  artifactKey: Guid(6e3ab4d637b6e441e9e817760af4c456) Importer(815301076,1909f56bfc062723c751e8b465ee728b)
Start importing Assets/Scripts/AgentPrefab.prefab using Guid(6e3ab4d637b6e441e9e817760af4c456) Importer(815301076,1909f56bfc062723c751e8b465ee728b) [PhysX] Initialized MultithreadedTaskDispatcher with 8 workers.
[PhysX] Initialized MultithreadedTaskDispatcher with 8 workers.
 -> (artifact id: 'b8e381a3ca0b1cc2b9a8b731f36c0dd0') in 0.048411 seconds
Number of updated asset objects reloaded before import = 0
Number of asset objects unloaded after import = 11
========================================================================
Received Prepare
Caller must complete domain reload
Begin MonoManager ReloadAssembly
Thread 0x16b14b000 may have been prematurely finalized
- Loaded All Assemblies, in  0.398 seconds
Native extension for OSXStandalone target not found
Mono: successfully reloaded assembly
- Finished resetting the current domain, in  0.892 seconds
Domain Reload Profiling: 1291ms
	BeginReloadAssembly (134ms)
		ExecutionOrderSort (0ms)
		DisableScriptedObjects (3ms)
		BackupInstance (0ms)
		ReleaseScriptingObjects (0ms)
		CreateAndSetChildDomain (56ms)
	RebuildCommonClasses (28ms)
	RebuildNativeTypeToScriptingClass (9ms)
	initialDomainReloadingComplete (21ms)
	LoadAllAssembliesAndSetupDomain (206ms)
		LoadAssemblies (223ms)
		RebuildTransferFunctionScriptingTraits (0ms)
		AnalyzeDomain (30ms)
			TypeCache.Refresh (18ms)
				TypeCache.ScanAssembly (0ms)
			ScanForSourceGeneratedMonoScriptInfo (8ms)
			ResolveRequiredComponents (4ms)
	FinalizeReload (892ms)
		ReleaseScriptCaches (0ms)
		RebuildScriptCaches (0ms)
		SetupLoadedEditorAssemblies (390ms)
			LogAssemblyErrors (0ms)
			InitializePlatformSupportModulesInManaged (4ms)
			SetLoadedEditorAssemblies (3ms)
			RefreshPlugins (0ms)
			BeforeProcessingInitializeOnLoad (37ms)
			ProcessInitializeOnLoadAttributes (333ms)
			ProcessInitializeOnLoadMethodAttributes (12ms)
			AfterProcessingInitializeOnLoad (1ms)
			EditorAssembliesLoaded (0ms)
		ExecutionOrderSort2 (0ms)
		AwakeInstancesAfterBackupRestoration (3ms)
Refreshing native plugins compatible for Editor in 0.56 ms, found 2 plugins.
Preloading 0 native plugins for Editor in 0.00 ms.
Unloading 3272 Unused Serialized files (Serialized files now loaded: 0)
Unloading 13 unused Assets / (27.7 KB). Loaded Objects now: 3900.
Memory consumption went from 0.53 GB to 0.53 GB.
Total: 3.342000 ms (FindLiveObjects: 0.134667 ms CreateObjectMapping: 0.043000 ms MarkObjects: 3.124416 ms  DeleteObjects: 0.039292 ms)

Prepare: number of updated asset objects reloaded= 0
AssetImportParameters requested are different than current active one (requested -> active):
  custom:scripting/monoscript/fileName/NavMeshSurface.cs: 34aebd278d8d3d5db6b23265b9c700f9 -> 
  custom:scripting/monoscript/fileName/ObjectAgent.cs: 78bbbb551987f8aebfa3783f3092d5f1 -> 
  custom:scripting/precompiled-assembly-types:Unity.AI.Navigation: 5d8fa505e3253b9a2a456e2c28a1afb3 -> 
  custom:container-demuxer-ogg: 62fdf1f143b41e24485cea50d1cbac27 -> 
  custom:scripting/monoscript/fileName/NavMeshModifierVolumeEditor.cs: 262a50135a116189426aa01c964a744c -> 
  custom:scripting/monoscript/fileName/NavigationOverlay.cs: 2744f4e7946ebbb71339c9b1ce538d00 -> 
  custom:scripting/monoscript/fileName/ConverterItemDescriptor.cs: 8182050d34c5cb602eb7913435a7abee -> 
  custom:scripting/monoscript/fileName/BuiltInToNavMeshSurfaceConverterContainer.cs: c40a906f9f99ea8a6c5aaa215767017f -> 
  custom:video-decoder-ogg-theora: a1e56fd34408186e4bbccfd4996cb3dc -> 
  custom:scripting/monoscript/fileName/NavigationWindow.cs: 7884404b71178f59d8819c380b951d7c -> 
  custom:scripting/monoscript/fileName/NavMeshComponentsGUIUtility.cs: 08c52049b94db52661003d42fda4ecff -> 
  custom:scripting/monoscript/fileName/ConverterItemInfo.cs: 9fb131dfa28a9ed6b6d00fd9cf83ece4 -> 
  custom:CustomObjectIndexerAttribute: 9a22284fe3817be447336de3de66b15e -> 
  custom:scripting/monoscript/fileName/NavMeshAssetManager.cs: 79eb4858c2054289cd611249ab36b0a5 -> 
  custom:scripting/monoscript/fileName/NavMeshSurfaceEditor.cs: adb1294e971eab992abc2e3e7e051565 -> 
  custom:container-demuxer-webm: 4f35f7cbe854078d1ac9338744f61a02 -> 
  custom:scripting/monoscript/fileName/NavMeshModifierVolume.cs: 8dc531216c72b86c60b86e16ff3da10b -> 
  custom:scripting/monoscript/fileName/NavMeshUpdaterUtility.cs: 5eb03802e6dba19b3e13aaf384805cac -> 
  custom:scripting/monoscript/fileName/NavigationPreferences.cs: ada9399a4f085d4c824cc06527e7fcae -> 
  custom:scripting/monoscript/fileName/NavMeshUpdaterEditor.cs: 169704080eda430978bba61ddedeb304 -> 
  custom:scripting/precompiled-assembly-types:Unity.AI.Navigation.Editor.ConversionSystem: 27c718e5de2659aeeb663e092dc21158 -> 
  custom:scripting/monoscript/fileName/NavMeshModifierEditor.cs: b8675d28116f43f78881455a7301fe8c -> 
  custom:container-muxer-webm: aa71ff27fc2769a1b78a27578f13a17b -> 
  custom:video-decoder-webm-vp8: 9c59270c3fd7afecdb556c50c9e8de78 -> 
  custom:scripting/precompiled-assembly-types:Unity.AI.Navigation.Editor: 7eaf38f66973fde07200cf372b24130e -> 
  custom:scripting/monoscript/fileName/HelpUrls.cs: c1a90585e3e9c9d25f58f9141655f24f -> 
  custom:scripting/monoscript/fileName/EditorStyles.cs: 86b9f4d8fe570a8d8295bfc466c975cf -> 
  custom:SearchIndexIgnoredProperties: e643bd26f0fe6173181afceb89e7c659 -> 
  custom:scripting/precompiled-assembly-types:Unity.AI.Navigation.Updater: d2095ddf03fd615830d6dacf5841450d -> 
  custom:scripting/monoscript/fileName/NavMeshLinkEditor.cs: aed8ae070d922149bb2ba3de06889ff6 -> 
  custom:AudioImporter_EditorPlatform: 3918e3fc78b5a79bad01e8451be0beb8 -> 
  custom:scripting/monoscript/fileName/NavMeshModifier.cs: 99ae5ed91bb784edc4f8312d7de046da -> 
  custom:scripting/monoscript/fileName/NavMeshSceneConverter.cs: baf486a1c1cdf03a3111dd113d13c2f4 -> 
  custom:scripting/monoscript/fileName/SystemConverterContainer.cs: eb4026ea01a117ce0888f693e9eed2cd -> 
  custom:scripting/monoscript/fileName/NavMeshLink.cs: 0b3d0eeb07ab57d259e8f9365538df09 -> 
  custom:framework-osx-AVFoundation: e770b220cccbd017edd2c1fefb359320 -> 
  custom:scripting/monoscript/fileName/ObsoleteNavigationWindowMenuEntry.cs: c7f73386e6473f401a8e4151cac4e1e5 -> 
  custom:scripting/monoscript/fileName/InitializeConverterContext.cs: a97e19589a5774cdc2a34a28caea355f -> 
  custom:scripting/monoscript/fileName/SystemConverter.cs: c748d1769fc66e95256254a1cc1497f3 -> 
  custom:video-encoder-webm-vp8: eb34c28f22e8b96e1ab97ce403110664 -> 
  custom:audio-decoder-ogg-vorbis: bf7c407c2cedff20999df2af8eb42d56 -> 
  custom:scripting/monoscript/fileName/Models.cs: 72a9bccda329dd678eddccf95c3a65ef -> 
  custom:scripting/monoscript/fileName/RunItemContext.cs: 338b2243183036c2b60f94c1b5e817c5 -> 
  custom:scripting/monoscript/fileName/CoordinatePoller.cs: c9ac2ca40c1a1dc312a717df933e1b50 -> 
  custom:audio-encoder-webm-vorbis: bf7c407c2cedff20999df2af8eb42d56 -> 
  custom:scripting/precompiled-assembly-types:Assembly-CSharp: 8dfefbe94a32698fcd344bd444313170 -> 
  custom:scripting/monoscript/fileName/SystemConvertersEditor.cs: c127c1335f24b77ca70195bf2136c6a2 -> 
========================================================================
Received Import Request.
  Time since last request: 54.947276 seconds.
  path: Assets/Scripts/AgentPrefab.prefab
  artifactKey: Guid(6e3ab4d637b6e441e9e817760af4c456) Importer(815301076,1909f56bfc062723c751e8b465ee728b)
Start importing Assets/Scripts/AgentPrefab.prefab using Guid(6e3ab4d637b6e441e9e817760af4c456) Importer(815301076,1909f56bfc062723c751e8b465ee728b) [PhysX] Initialized MultithreadedTaskDispatcher with 8 workers.
[PhysX] Initialized MultithreadedTaskDispatcher with 8 workers.
 -> (artifact id: 'f495191441282b4a763c1f9e7b647322') in 0.045210 seconds
Number of updated asset objects reloaded before import = 0
Number of asset objects unloaded after import = 11
========================================================================
Received Prepare
Caller must complete domain reload
Begin MonoManager ReloadAssembly
Thread 0x16b14b000 may have been prematurely finalized
- Loaded All Assemblies, in  0.356 seconds
Native extension for OSXStandalone target not found
Mono: successfully reloaded assembly
- Finished resetting the current domain, in  0.860 seconds
Domain Reload Profiling: 1216ms
	BeginReloadAssembly (118ms)
		ExecutionOrderSort (0ms)
		DisableScriptedObjects (3ms)
		BackupInstance (0ms)
		ReleaseScriptingObjects (0ms)
		CreateAndSetChildDomain (48ms)
	RebuildCommonClasses (25ms)
	RebuildNativeTypeToScriptingClass (8ms)
	initialDomainReloadingComplete (17ms)
	LoadAllAssembliesAndSetupDomain (186ms)
		LoadAssemblies (203ms)
		RebuildTransferFunctionScriptingTraits (0ms)
		AnalyzeDomain (25ms)
			TypeCache.Refresh (19ms)
				TypeCache.ScanAssembly (0ms)
			ScanForSourceGeneratedMonoScriptInfo (0ms)
			ResolveRequiredComponents (5ms)
	FinalizeReload (861ms)
		ReleaseScriptCaches (0ms)
		RebuildScriptCaches (0ms)
		SetupLoadedEditorAssemblies (378ms)
			LogAssemblyErrors (0ms)
			InitializePlatformSupportModulesInManaged (3ms)
			SetLoadedEditorAssemblies (4ms)
			RefreshPlugins (0ms)
			BeforeProcessingInitializeOnLoad (34ms)
			ProcessInitializeOnLoadAttributes (323ms)
			ProcessInitializeOnLoadMethodAttributes (12ms)
			AfterProcessingInitializeOnLoad (1ms)
			EditorAssembliesLoaded (0ms)
		ExecutionOrderSort2 (0ms)
		AwakeInstancesAfterBackupRestoration (3ms)
Refreshing native plugins compatible for Editor in 0.81 ms, found 2 plugins.
Preloading 0 native plugins for Editor in 0.00 ms.
Unloading 3272 Unused Serialized files (Serialized files now loaded: 0)
Unloading 13 unused Assets / (27.7 KB). Loaded Objects now: 3903.
Memory consumption went from 0.54 GB to 0.54 GB.
Total: 3.037833 ms (FindLiveObjects: 0.147375 ms CreateObjectMapping: 0.042958 ms MarkObjects: 2.810792 ms  DeleteObjects: 0.036166 ms)

Prepare: number of updated asset objects reloaded= 0
AssetImportParameters requested are different than current active one (requested -> active):
  custom:scripting/monoscript/fileName/NavMeshSurface.cs: 34aebd278d8d3d5db6b23265b9c700f9 -> 
  custom:scripting/monoscript/fileName/ObjectAgent.cs: 78bbbb551987f8aebfa3783f3092d5f1 -> 
  custom:scripting/precompiled-assembly-types:Unity.AI.Navigation: 5d8fa505e3253b9a2a456e2c28a1afb3 -> 
  custom:container-demuxer-ogg: 62fdf1f143b41e24485cea50d1cbac27 -> 
  custom:scripting/monoscript/fileName/NavMeshModifierVolumeEditor.cs: 262a50135a116189426aa01c964a744c -> 
  custom:scripting/monoscript/fileName/NavigationOverlay.cs: 2744f4e7946ebbb71339c9b1ce538d00 -> 
  custom:scripting/monoscript/fileName/ConverterItemDescriptor.cs: 8182050d34c5cb602eb7913435a7abee -> 
  custom:scripting/monoscript/fileName/BuiltInToNavMeshSurfaceConverterContainer.cs: c40a906f9f99ea8a6c5aaa215767017f -> 
  custom:video-decoder-ogg-theora: a1e56fd34408186e4bbccfd4996cb3dc -> 
  custom:scripting/monoscript/fileName/NavigationWindow.cs: 7884404b71178f59d8819c380b951d7c -> 
  custom:scripting/monoscript/fileName/NavMeshComponentsGUIUtility.cs: 08c52049b94db52661003d42fda4ecff -> 
  custom:scripting/monoscript/fileName/ConverterItemInfo.cs: 9fb131dfa28a9ed6b6d00fd9cf83ece4 -> 
  custom:CustomObjectIndexerAttribute: 9a22284fe3817be447336de3de66b15e -> 
  custom:scripting/monoscript/fileName/NavMeshAssetManager.cs: 79eb4858c2054289cd611249ab36b0a5 -> 
  custom:scripting/monoscript/fileName/NavMeshSurfaceEditor.cs: adb1294e971eab992abc2e3e7e051565 -> 
  custom:container-demuxer-webm: 4f35f7cbe854078d1ac9338744f61a02 -> 
  custom:scripting/monoscript/fileName/NavMeshModifierVolume.cs: 8dc531216c72b86c60b86e16ff3da10b -> 
  custom:scripting/monoscript/fileName/NavMeshUpdaterUtility.cs: 5eb03802e6dba19b3e13aaf384805cac -> 
  custom:scripting/monoscript/fileName/NavigationPreferences.cs: ada9399a4f085d4c824cc06527e7fcae -> 
  custom:scripting/monoscript/fileName/NavMeshUpdaterEditor.cs: 169704080eda430978bba61ddedeb304 -> 
  custom:scripting/precompiled-assembly-types:Unity.AI.Navigation.Editor.ConversionSystem: 27c718e5de2659aeeb663e092dc21158 -> 
  custom:scripting/monoscript/fileName/NavMeshModifierEditor.cs: b8675d28116f43f78881455a7301fe8c -> 
  custom:container-muxer-webm: aa71ff27fc2769a1b78a27578f13a17b -> 
  custom:video-decoder-webm-vp8: 9c59270c3fd7afecdb556c50c9e8de78 -> 
  custom:scripting/precompiled-assembly-types:Unity.AI.Navigation.Editor: 7eaf38f66973fde07200cf372b24130e -> 
  custom:scripting/monoscript/fileName/HelpUrls.cs: c1a90585e3e9c9d25f58f9141655f24f -> 
  custom:scripting/monoscript/fileName/EditorStyles.cs: 86b9f4d8fe570a8d8295bfc466c975cf -> 
  custom:SearchIndexIgnoredProperties: e643bd26f0fe6173181afceb89e7c659 -> 
  custom:scripting/precompiled-assembly-types:Unity.AI.Navigation.Updater: d2095ddf03fd615830d6dacf5841450d -> 
  custom:scripting/monoscript/fileName/NavMeshLinkEditor.cs: aed8ae070d922149bb2ba3de06889ff6 -> 
  custom:AudioImporter_EditorPlatform: 3918e3fc78b5a79bad01e8451be0beb8 -> 
  custom:scripting/monoscript/fileName/NavMeshModifier.cs: 99ae5ed91bb784edc4f8312d7de046da -> 
  custom:scripting/monoscript/fileName/NavMeshSceneConverter.cs: baf486a1c1cdf03a3111dd113d13c2f4 -> 
  custom:scripting/monoscript/fileName/SystemConverterContainer.cs: eb4026ea01a117ce0888f693e9eed2cd -> 
  custom:scripting/monoscript/fileName/NavMeshLink.cs: 0b3d0eeb07ab57d259e8f9365538df09 -> 
  custom:framework-osx-AVFoundation: e770b220cccbd017edd2c1fefb359320 -> 
  custom:scripting/monoscript/fileName/ObsoleteNavigationWindowMenuEntry.cs: c7f73386e6473f401a8e4151cac4e1e5 -> 
  custom:scripting/monoscript/fileName/InitializeConverterContext.cs: a97e19589a5774cdc2a34a28caea355f -> 
  custom:scripting/monoscript/fileName/SystemConverter.cs: c748d1769fc66e95256254a1cc1497f3 -> 
  custom:video-encoder-webm-vp8: eb34c28f22e8b96e1ab97ce403110664 -> 
  custom:audio-decoder-ogg-vorbis: bf7c407c2cedff20999df2af8eb42d56 -> 
  custom:scripting/monoscript/fileName/Models.cs: 72a9bccda329dd678eddccf95c3a65ef -> 
  custom:scripting/monoscript/fileName/RunItemContext.cs: 338b2243183036c2b60f94c1b5e817c5 -> 
  custom:scripting/monoscript/fileName/CoordinatePoller.cs: c9ac2ca40c1a1dc312a717df933e1b50 -> 
  custom:audio-encoder-webm-vorbis: bf7c407c2cedff20999df2af8eb42d56 -> 
  custom:scripting/precompiled-assembly-types:Assembly-CSharp: 8dfefbe94a32698fcd344bd444313170 -> 
  custom:scripting/monoscript/fileName/SystemConvertersEditor.cs: c127c1335f24b77ca70195bf2136c6a2 -> 
========================================================================
Received Prepare
Caller must complete domain reload
Begin MonoManager ReloadAssembly
Thread 0x16b14b000 may have been prematurely finalized
- Loaded All Assemblies, in  0.377 seconds
Native extension for OSXStandalone target not found
Mono: successfully reloaded assembly
- Finished resetting the current domain, in  0.806 seconds
Domain Reload Profiling: 1184ms
	BeginReloadAssembly (120ms)
		ExecutionOrderSort (0ms)
		DisableScriptedObjects (3ms)
		BackupInstance (0ms)
		ReleaseScriptingObjects (0ms)
		CreateAndSetChildDomain (49ms)
	RebuildCommonClasses (25ms)
	RebuildNativeTypeToScriptingClass (8ms)
	initialDomainReloadingComplete (19ms)
	LoadAllAssembliesAndSetupDomain (205ms)
		LoadAssemblies (233ms)
		RebuildTransferFunctionScriptingTraits (0ms)
		AnalyzeDomain (13ms)
			TypeCache.Refresh (8ms)
				TypeCache.ScanAssembly (0ms)
			ScanForSourceGeneratedMonoScriptInfo (0ms)
			ResolveRequiredComponents (4ms)
	FinalizeReload (807ms)
		ReleaseScriptCaches (0ms)
		RebuildScriptCaches (0ms)
		SetupLoadedEditorAssemblies (382ms)
			LogAssemblyErrors (0ms)
			InitializePlatformSupportModulesInManaged (3ms)
			SetLoadedEditorAssemblies (3ms)
			RefreshPlugins (0ms)
			BeforeProcessingInitializeOnLoad (36ms)
			ProcessInitializeOnLoadAttributes (327ms)
			ProcessInitializeOnLoadMethodAttributes (12ms)
			AfterProcessingInitializeOnLoad (1ms)
			EditorAssembliesLoaded (0ms)
		ExecutionOrderSort2 (0ms)
		AwakeInstancesAfterBackupRestoration (3ms)
Refreshing native plugins compatible for Editor in 0.57 ms, found 2 plugins.
Preloading 0 native plugins for Editor in 0.00 ms.
Unloading 3272 Unused Serialized files (Serialized files now loaded: 0)
Unloading 13 unused Assets / (27.7 KB). Loaded Objects now: 3906.
Memory consumption went from 0.55 GB to 0.55 GB.
Total: 3.293833 ms (FindLiveObjects: 0.197125 ms CreateObjectMapping: 0.052875 ms MarkObjects: 2.972500 ms  DeleteObjects: 0.070000 ms)

Prepare: number of updated asset objects reloaded= 0
AssetImportParameters requested are different than current active one (requested -> active):
  custom:scripting/monoscript/fileName/NavMeshSurface.cs: 34aebd278d8d3d5db6b23265b9c700f9 -> 
  custom:scripting/monoscript/fileName/ObjectAgent.cs: 78bbbb551987f8aebfa3783f3092d5f1 -> 
  custom:scripting/precompiled-assembly-types:Unity.AI.Navigation: 5d8fa505e3253b9a2a456e2c28a1afb3 -> 
  custom:container-demuxer-ogg: 62fdf1f143b41e24485cea50d1cbac27 -> 
  custom:scripting/monoscript/fileName/NavMeshModifierVolumeEditor.cs: 262a50135a116189426aa01c964a744c -> 
  custom:scripting/monoscript/fileName/NavigationOverlay.cs: 2744f4e7946ebbb71339c9b1ce538d00 -> 
  custom:scripting/monoscript/fileName/ConverterItemDescriptor.cs: 8182050d34c5cb602eb7913435a7abee -> 
  custom:scripting/monoscript/fileName/BuiltInToNavMeshSurfaceConverterContainer.cs: c40a906f9f99ea8a6c5aaa215767017f -> 
  custom:video-decoder-ogg-theora: a1e56fd34408186e4bbccfd4996cb3dc -> 
  custom:scripting/monoscript/fileName/NavigationWindow.cs: 7884404b71178f59d8819c380b951d7c -> 
  custom:scripting/monoscript/fileName/NavMeshComponentsGUIUtility.cs: 08c52049b94db52661003d42fda4ecff -> 
  custom:scripting/monoscript/fileName/ConverterItemInfo.cs: 9fb131dfa28a9ed6b6d00fd9cf83ece4 -> 
  custom:CustomObjectIndexerAttribute: 9a22284fe3817be447336de3de66b15e -> 
  custom:scripting/monoscript/fileName/NavMeshAssetManager.cs: 79eb4858c2054289cd611249ab36b0a5 -> 
  custom:scripting/monoscript/fileName/NavMeshSurfaceEditor.cs: adb1294e971eab992abc2e3e7e051565 -> 
  custom:container-demuxer-webm: 4f35f7cbe854078d1ac9338744f61a02 -> 
  custom:scripting/monoscript/fileName/NavMeshModifierVolume.cs: 8dc531216c72b86c60b86e16ff3da10b -> 
  custom:scripting/monoscript/fileName/NavMeshUpdaterUtility.cs: 5eb03802e6dba19b3e13aaf384805cac -> 
  custom:scripting/monoscript/fileName/NavigationPreferences.cs: ada9399a4f085d4c824cc06527e7fcae -> 
  custom:scripting/monoscript/fileName/NavMeshUpdaterEditor.cs: 169704080eda430978bba61ddedeb304 -> 
  custom:scripting/precompiled-assembly-types:Unity.AI.Navigation.Editor.ConversionSystem: 27c718e5de2659aeeb663e092dc21158 -> 
  custom:scripting/monoscript/fileName/NavMeshModifierEditor.cs: b8675d28116f43f78881455a7301fe8c -> 
  custom:container-muxer-webm: aa71ff27fc2769a1b78a27578f13a17b -> 
  custom:video-decoder-webm-vp8: 9c59270c3fd7afecdb556c50c9e8de78 -> 
  custom:scripting/precompiled-assembly-types:Unity.AI.Navigation.Editor: 7eaf38f66973fde07200cf372b24130e -> 
  custom:scripting/monoscript/fileName/HelpUrls.cs: c1a90585e3e9c9d25f58f9141655f24f -> 
  custom:scripting/monoscript/fileName/EditorStyles.cs: 86b9f4d8fe570a8d8295bfc466c975cf -> 
  custom:SearchIndexIgnoredProperties: e643bd26f0fe6173181afceb89e7c659 -> 
  custom:scripting/precompiled-assembly-types:Unity.AI.Navigation.Updater: d2095ddf03fd615830d6dacf5841450d -> 
  custom:scripting/monoscript/fileName/NavMeshLinkEditor.cs: aed8ae070d922149bb2ba3de06889ff6 -> 
  custom:AudioImporter_EditorPlatform: 3918e3fc78b5a79bad01e8451be0beb8 -> 
  custom:scripting/monoscript/fileName/NavMeshModifier.cs: 99ae5ed91bb784edc4f8312d7de046da -> 
  custom:scripting/monoscript/fileName/NavMeshSceneConverter.cs: baf486a1c1cdf03a3111dd113d13c2f4 -> 
  custom:scripting/monoscript/fileName/SystemConverterContainer.cs: eb4026ea01a117ce0888f693e9eed2cd -> 
  custom:scripting/monoscript/fileName/NavMeshLink.cs: 0b3d0eeb07ab57d259e8f9365538df09 -> 
  custom:framework-osx-AVFoundation: e770b220cccbd017edd2c1fefb359320 -> 
  custom:scripting/monoscript/fileName/ObsoleteNavigationWindowMenuEntry.cs: c7f73386e6473f401a8e4151cac4e1e5 -> 
  custom:scripting/monoscript/fileName/InitializeConverterContext.cs: a97e19589a5774cdc2a34a28caea355f -> 
  custom:scripting/monoscript/fileName/SystemConverter.cs: c748d1769fc66e95256254a1cc1497f3 -> 
  custom:video-encoder-webm-vp8: eb34c28f22e8b96e1ab97ce403110664 -> 
  custom:audio-decoder-ogg-vorbis: bf7c407c2cedff20999df2af8eb42d56 -> 
  custom:scripting/monoscript/fileName/Models.cs: 72a9bccda329dd678eddccf95c3a65ef -> 
  custom:scripting/monoscript/fileName/RunItemContext.cs: 338b2243183036c2b60f94c1b5e817c5 -> 
  custom:scripting/monoscript/fileName/CoordinatePoller.cs: c9ac2ca40c1a1dc312a717df933e1b50 -> 
  custom:audio-encoder-webm-vorbis: bf7c407c2cedff20999df2af8eb42d56 -> 
  custom:scripting/precompiled-assembly-types:Assembly-CSharp: 8dfefbe94a32698fcd344bd444313170 -> 
  custom:scripting/monoscript/fileName/SystemConvertersEditor.cs: c127c1335f24b77ca70195bf2136c6a2 -> 
========================================================================
Received Prepare
Caller must complete domain reload
Begin MonoManager ReloadAssembly
Thread 0x16b14b000 may have been prematurely finalized
- Loaded All Assemblies, in  0.336 seconds
Native extension for OSXStandalone target not found
Mono: successfully reloaded assembly
- Finished resetting the current domain, in  0.874 seconds
Domain Reload Profiling: 1211ms
	BeginReloadAssembly (127ms)
		ExecutionOrderSort (0ms)
		DisableScriptedObjects (6ms)
		BackupInstance (0ms)
		ReleaseScriptingObjects (0ms)
		CreateAndSetChildDomain (50ms)
	RebuildCommonClasses (27ms)
	RebuildNativeTypeToScriptingClass (9ms)
	initialDomainReloadingComplete (21ms)
	LoadAllAssembliesAndSetupDomain (153ms)
		LoadAssemblies (173ms)
		RebuildTransferFunctionScriptingTraits (0ms)
		AnalyzeDomain (26ms)
			TypeCache.Refresh (16ms)
				TypeCache.ScanAssembly (0ms)
			ScanForSourceGeneratedMonoScriptInfo (5ms)
			ResolveRequiredComponents (4ms)
	FinalizeReload (875ms)
		ReleaseScriptCaches (0ms)
		RebuildScriptCaches (0ms)
		SetupLoadedEditorAssemblies (415ms)
			LogAssemblyErrors (0ms)
			InitializePlatformSupportModulesInManaged (3ms)
			SetLoadedEditorAssemblies (3ms)
			RefreshPlugins (0ms)
			BeforeProcessingInitializeOnLoad (34ms)
			ProcessInitializeOnLoadAttributes (362ms)
			ProcessInitializeOnLoadMethodAttributes (13ms)
			AfterProcessingInitializeOnLoad (1ms)
			EditorAssembliesLoaded (0ms)
		ExecutionOrderSort2 (0ms)
		AwakeInstancesAfterBackupRestoration (3ms)
Refreshing native plugins compatible for Editor in 0.73 ms, found 2 plugins.
Preloading 0 native plugins for Editor in 0.00 ms.
Unloading 3272 Unused Serialized files (Serialized files now loaded: 0)
Unloading 13 unused Assets / (27.7 KB). Loaded Objects now: 3909.
Memory consumption went from 0.56 GB to 0.56 GB.
Total: 3.208792 ms (FindLiveObjects: 0.138333 ms CreateObjectMapping: 0.048084 ms MarkObjects: 2.977875 ms  DeleteObjects: 0.043667 ms)

Prepare: number of updated asset objects reloaded= 0
AssetImportParameters requested are different than current active one (requested -> active):
  custom:scripting/monoscript/fileName/NavMeshSurface.cs: 34aebd278d8d3d5db6b23265b9c700f9 -> 
  custom:scripting/monoscript/fileName/ObjectAgent.cs: 78bbbb551987f8aebfa3783f3092d5f1 -> 
  custom:scripting/precompiled-assembly-types:Unity.AI.Navigation: 5d8fa505e3253b9a2a456e2c28a1afb3 -> 
  custom:container-demuxer-ogg: 62fdf1f143b41e24485cea50d1cbac27 -> 
  custom:scripting/monoscript/fileName/NavMeshModifierVolumeEditor.cs: 262a50135a116189426aa01c964a744c -> 
  custom:scripting/monoscript/fileName/NavigationOverlay.cs: 2744f4e7946ebbb71339c9b1ce538d00 -> 
  custom:scripting/monoscript/fileName/ConverterItemDescriptor.cs: 8182050d34c5cb602eb7913435a7abee -> 
  custom:scripting/monoscript/fileName/BuiltInToNavMeshSurfaceConverterContainer.cs: c40a906f9f99ea8a6c5aaa215767017f -> 
  custom:video-decoder-ogg-theora: a1e56fd34408186e4bbccfd4996cb3dc -> 
  custom:scripting/monoscript/fileName/NavigationWindow.cs: 7884404b71178f59d8819c380b951d7c -> 
  custom:scripting/monoscript/fileName/NavMeshComponentsGUIUtility.cs: 08c52049b94db52661003d42fda4ecff -> 
  custom:scripting/monoscript/fileName/ConverterItemInfo.cs: 9fb131dfa28a9ed6b6d00fd9cf83ece4 -> 
  custom:CustomObjectIndexerAttribute: 9a22284fe3817be447336de3de66b15e -> 
  custom:scripting/monoscript/fileName/NavMeshAssetManager.cs: 79eb4858c2054289cd611249ab36b0a5 -> 
  custom:scripting/monoscript/fileName/NavMeshSurfaceEditor.cs: adb1294e971eab992abc2e3e7e051565 -> 
  custom:container-demuxer-webm: 4f35f7cbe854078d1ac9338744f61a02 -> 
  custom:scripting/monoscript/fileName/NavMeshModifierVolume.cs: 8dc531216c72b86c60b86e16ff3da10b -> 
  custom:scripting/monoscript/fileName/NavMeshUpdaterUtility.cs: 5eb03802e6dba19b3e13aaf384805cac -> 
  custom:scripting/monoscript/fileName/NavigationPreferences.cs: ada9399a4f085d4c824cc06527e7fcae -> 
  custom:scripting/monoscript/fileName/NavMeshUpdaterEditor.cs: 169704080eda430978bba61ddedeb304 -> 
  custom:scripting/precompiled-assembly-types:Unity.AI.Navigation.Editor.ConversionSystem: 27c718e5de2659aeeb663e092dc21158 -> 
  custom:scripting/monoscript/fileName/NavMeshModifierEditor.cs: b8675d28116f43f78881455a7301fe8c -> 
  custom:container-muxer-webm: aa71ff27fc2769a1b78a27578f13a17b -> 
  custom:video-decoder-webm-vp8: 9c59270c3fd7afecdb556c50c9e8de78 -> 
  custom:scripting/precompiled-assembly-types:Unity.AI.Navigation.Editor: 7eaf38f66973fde07200cf372b24130e -> 
  custom:scripting/monoscript/fileName/HelpUrls.cs: c1a90585e3e9c9d25f58f9141655f24f -> 
  custom:scripting/monoscript/fileName/EditorStyles.cs: 86b9f4d8fe570a8d8295bfc466c975cf -> 
  custom:SearchIndexIgnoredProperties: e643bd26f0fe6173181afceb89e7c659 -> 
  custom:scripting/precompiled-assembly-types:Unity.AI.Navigation.Updater: d2095ddf03fd615830d6dacf5841450d -> 
  custom:scripting/monoscript/fileName/NavMeshLinkEditor.cs: aed8ae070d922149bb2ba3de06889ff6 -> 
  custom:AudioImporter_EditorPlatform: 3918e3fc78b5a79bad01e8451be0beb8 -> 
  custom:scripting/monoscript/fileName/NavMeshModifier.cs: 99ae5ed91bb784edc4f8312d7de046da -> 
  custom:scripting/monoscript/fileName/NavMeshSceneConverter.cs: baf486a1c1cdf03a3111dd113d13c2f4 -> 
  custom:scripting/monoscript/fileName/SystemConverterContainer.cs: eb4026ea01a117ce0888f693e9eed2cd -> 
  custom:scripting/monoscript/fileName/NavMeshLink.cs: 0b3d0eeb07ab57d259e8f9365538df09 -> 
  custom:framework-osx-AVFoundation: e770b220cccbd017edd2c1fefb359320 -> 
  custom:scripting/monoscript/fileName/ObsoleteNavigationWindowMenuEntry.cs: c7f73386e6473f401a8e4151cac4e1e5 -> 
  custom:scripting/monoscript/fileName/InitializeConverterContext.cs: a97e19589a5774cdc2a34a28caea355f -> 
  custom:scripting/monoscript/fileName/SystemConverter.cs: c748d1769fc66e95256254a1cc1497f3 -> 
  custom:video-encoder-webm-vp8: eb34c28f22e8b96e1ab97ce403110664 -> 
  custom:audio-decoder-ogg-vorbis: bf7c407c2cedff20999df2af8eb42d56 -> 
  custom:scripting/monoscript/fileName/Models.cs: 72a9bccda329dd678eddccf95c3a65ef -> 
  custom:scripting/monoscript/fileName/RunItemContext.cs: 338b2243183036c2b60f94c1b5e817c5 -> 
  custom:scripting/monoscript/fileName/CoordinatePoller.cs: c9ac2ca40c1a1dc312a717df933e1b50 -> 
  custom:audio-encoder-webm-vorbis: bf7c407c2cedff20999df2af8eb42d56 -> 
  custom:scripting/precompiled-assembly-types:Assembly-CSharp: 8dfefbe94a32698fcd344bd444313170 -> 
  custom:scripting/monoscript/fileName/SystemConvertersEditor.cs: c127c1335f24b77ca70195bf2136c6a2 -> 
========================================================================
Received Import Request.
  Time since last request: 887.291480 seconds.
  path: Assets/Scripts/AgentPrefab.prefab
  artifactKey: Guid(6e3ab4d637b6e441e9e817760af4c456) Importer(815301076,1909f56bfc062723c751e8b465ee728b)
Start importing Assets/Scripts/AgentPrefab.prefab using Guid(6e3ab4d637b6e441e9e817760af4c456) Importer(815301076,1909f56bfc062723c751e8b465ee728b) [PhysX] Initialized MultithreadedTaskDispatcher with 8 workers.
[PhysX] Initialized MultithreadedTaskDispatcher with 8 workers.
 -> (artifact id: '82571db2b357feb4f12d9f2f58d4b1aa') in 0.045322 seconds
Number of updated asset objects reloaded before import = 0
Number of asset objects unloaded after import = 13
========================================================================
Received Prepare
Caller must complete domain reload
Begin MonoManager ReloadAssembly
Thread 0x16b14b000 may have been prematurely finalized
- Loaded All Assemblies, in  0.282 seconds
Native extension for OSXStandalone target not found
Mono: successfully reloaded assembly
- Finished resetting the current domain, in  0.687 seconds
Domain Reload Profiling: 970ms
	BeginReloadAssembly (113ms)
		ExecutionOrderSort (0ms)
		DisableScriptedObjects (6ms)
		BackupInstance (0ms)
		ReleaseScriptingObjects (0ms)
		CreateAndSetChildDomain (43ms)
	RebuildCommonClasses (24ms)
	RebuildNativeTypeToScriptingClass (8ms)
	initialDomainReloadingComplete (21ms)
	LoadAllAssembliesAndSetupDomain (117ms)
		LoadAssemblies (144ms)
		RebuildTransferFunctionScriptingTraits (0ms)
		AnalyzeDomain (12ms)
			TypeCache.Refresh (7ms)
				TypeCache.ScanAssembly (0ms)
			ScanForSourceGeneratedMonoScriptInfo (0ms)
			ResolveRequiredComponents (4ms)
	FinalizeReload (687ms)
		ReleaseScriptCaches (0ms)
		RebuildScriptCaches (0ms)
		SetupLoadedEditorAssemblies (390ms)
			LogAssemblyErrors (0ms)
			InitializePlatformSupportModulesInManaged (3ms)
			SetLoadedEditorAssemblies (4ms)
			RefreshPlugins (0ms)
			BeforeProcessingInitializeOnLoad (37ms)
			ProcessInitializeOnLoadAttributes (333ms)
			ProcessInitializeOnLoadMethodAttributes (12ms)
			AfterProcessingInitializeOnLoad (1ms)
			EditorAssembliesLoaded (0ms)
		ExecutionOrderSort2 (0ms)
		AwakeInstancesAfterBackupRestoration (3ms)
Refreshing native plugins compatible for Editor in 0.64 ms, found 2 plugins.
Preloading 0 native plugins for Editor in 0.00 ms.
Unloading 3272 Unused Serialized files (Serialized files now loaded: 0)
Unloading 13 unused Assets / (27.7 KB). Loaded Objects now: 3912.
Memory consumption went from 0.57 GB to 0.57 GB.
Total: 3.182500 ms (FindLiveObjects: 0.213583 ms CreateObjectMapping: 0.065291 ms MarkObjects: 2.861333 ms  DeleteObjects: 0.041084 ms)

Prepare: number of updated asset objects reloaded= 0
AssetImportParameters requested are different than current active one (requested -> active):
  custom:scripting/monoscript/fileName/NavMeshSurface.cs: 34aebd278d8d3d5db6b23265b9c700f9 -> 
  custom:scripting/monoscript/fileName/ObjectAgent.cs: 78bbbb551987f8aebfa3783f3092d5f1 -> 
  custom:scripting/precompiled-assembly-types:Unity.AI.Navigation: 5d8fa505e3253b9a2a456e2c28a1afb3 -> 
  custom:container-demuxer-ogg: 62fdf1f143b41e24485cea50d1cbac27 -> 
  custom:scripting/monoscript/fileName/NavMeshModifierVolumeEditor.cs: 262a50135a116189426aa01c964a744c -> 
  custom:scripting/monoscript/fileName/NavigationOverlay.cs: 2744f4e7946ebbb71339c9b1ce538d00 -> 
  custom:scripting/monoscript/fileName/ConverterItemDescriptor.cs: 8182050d34c5cb602eb7913435a7abee -> 
  custom:scripting/monoscript/fileName/BuiltInToNavMeshSurfaceConverterContainer.cs: c40a906f9f99ea8a6c5aaa215767017f -> 
  custom:video-decoder-ogg-theora: a1e56fd34408186e4bbccfd4996cb3dc -> 
  custom:scripting/monoscript/fileName/NavigationWindow.cs: 7884404b71178f59d8819c380b951d7c -> 
  custom:scripting/monoscript/fileName/NavMeshComponentsGUIUtility.cs: 08c52049b94db52661003d42fda4ecff -> 
  custom:scripting/monoscript/fileName/ConverterItemInfo.cs: 9fb131dfa28a9ed6b6d00fd9cf83ece4 -> 
  custom:CustomObjectIndexerAttribute: 9a22284fe3817be447336de3de66b15e -> 
  custom:scripting/monoscript/fileName/NavMeshAssetManager.cs: 79eb4858c2054289cd611249ab36b0a5 -> 
  custom:scripting/monoscript/fileName/NavMeshSurfaceEditor.cs: adb1294e971eab992abc2e3e7e051565 -> 
  custom:container-demuxer-webm: 4f35f7cbe854078d1ac9338744f61a02 -> 
  custom:scripting/monoscript/fileName/NavMeshModifierVolume.cs: 8dc531216c72b86c60b86e16ff3da10b -> 
  custom:scripting/monoscript/fileName/NavMeshUpdaterUtility.cs: 5eb03802e6dba19b3e13aaf384805cac -> 
  custom:scripting/monoscript/fileName/NavigationPreferences.cs: ada9399a4f085d4c824cc06527e7fcae -> 
  custom:scripting/monoscript/fileName/NavMeshUpdaterEditor.cs: 169704080eda430978bba61ddedeb304 -> 
  custom:scripting/precompiled-assembly-types:Unity.AI.Navigation.Editor.ConversionSystem: 27c718e5de2659aeeb663e092dc21158 -> 
  custom:scripting/monoscript/fileName/NavMeshModifierEditor.cs: b8675d28116f43f78881455a7301fe8c -> 
  custom:container-muxer-webm: aa71ff27fc2769a1b78a27578f13a17b -> 
  custom:video-decoder-webm-vp8: 9c59270c3fd7afecdb556c50c9e8de78 -> 
  custom:scripting/precompiled-assembly-types:Unity.AI.Navigation.Editor: 7eaf38f66973fde07200cf372b24130e -> 
  custom:scripting/monoscript/fileName/HelpUrls.cs: c1a90585e3e9c9d25f58f9141655f24f -> 
  custom:scripting/monoscript/fileName/EditorStyles.cs: 86b9f4d8fe570a8d8295bfc466c975cf -> 
  custom:SearchIndexIgnoredProperties: e643bd26f0fe6173181afceb89e7c659 -> 
  custom:scripting/precompiled-assembly-types:Unity.AI.Navigation.Updater: d2095ddf03fd615830d6dacf5841450d -> 
  custom:scripting/monoscript/fileName/NavMeshLinkEditor.cs: aed8ae070d922149bb2ba3de06889ff6 -> 
  custom:AudioImporter_EditorPlatform: 3918e3fc78b5a79bad01e8451be0beb8 -> 
  custom:scripting/monoscript/fileName/NavMeshModifier.cs: 99ae5ed91bb784edc4f8312d7de046da -> 
  custom:scripting/monoscript/fileName/NavMeshSceneConverter.cs: baf486a1c1cdf03a3111dd113d13c2f4 -> 
  custom:scripting/monoscript/fileName/SystemConverterContainer.cs: eb4026ea01a117ce0888f693e9eed2cd -> 
  custom:scripting/monoscript/fileName/NavMeshLink.cs: 0b3d0eeb07ab57d259e8f9365538df09 -> 
  custom:framework-osx-AVFoundation: e770b220cccbd017edd2c1fefb359320 -> 
  custom:scripting/monoscript/fileName/ObsoleteNavigationWindowMenuEntry.cs: c7f73386e6473f401a8e4151cac4e1e5 -> 
  custom:scripting/monoscript/fileName/InitializeConverterContext.cs: a97e19589a5774cdc2a34a28caea355f -> 
  custom:scripting/monoscript/fileName/SystemConverter.cs: c748d1769fc66e95256254a1cc1497f3 -> 
  custom:video-encoder-webm-vp8: eb34c28f22e8b96e1ab97ce403110664 -> 
  custom:audio-decoder-ogg-vorbis: bf7c407c2cedff20999df2af8eb42d56 -> 
  custom:scripting/monoscript/fileName/Models.cs: 72a9bccda329dd678eddccf95c3a65ef -> 
  custom:scripting/monoscript/fileName/RunItemContext.cs: 338b2243183036c2b60f94c1b5e817c5 -> 
  custom:scripting/monoscript/fileName/CoordinatePoller.cs: c9ac2ca40c1a1dc312a717df933e1b50 -> 
  custom:audio-encoder-webm-vorbis: bf7c407c2cedff20999df2af8eb42d56 -> 
  custom:scripting/precompiled-assembly-types:Assembly-CSharp: 8dfefbe94a32698fcd344bd444313170 -> 
  custom:scripting/monoscript/fileName/SystemConvertersEditor.cs: c127c1335f24b77ca70195bf2136c6a2 -> 
========================================================================
Received Prepare
Caller must complete domain reload
Begin MonoManager ReloadAssembly
Thread 0x16b14b000 may have been prematurely finalized
- Loaded All Assemblies, in  0.277 seconds
Native extension for OSXStandalone target not found
Mono: successfully reloaded assembly
- Finished resetting the current domain, in  0.888 seconds
Domain Reload Profiling: 1165ms
	BeginReloadAssembly (101ms)
		ExecutionOrderSort (0ms)
		DisableScriptedObjects (4ms)
		BackupInstance (0ms)
		ReleaseScriptingObjects (0ms)
		CreateAndSetChildDomain (38ms)
	RebuildCommonClasses (25ms)
	RebuildNativeTypeToScriptingClass (9ms)
	initialDomainReloadingComplete (14ms)
	LoadAllAssembliesAndSetupDomain (128ms)
		LoadAssemblies (152ms)
		RebuildTransferFunctionScriptingTraits (0ms)
		AnalyzeDomain (11ms)
			TypeCache.Refresh (7ms)
				TypeCache.ScanAssembly (0ms)
			ScanForSourceGeneratedMonoScriptInfo (0ms)
			ResolveRequiredComponents (4ms)
	FinalizeReload (888ms)
		ReleaseScriptCaches (0ms)
		RebuildScriptCaches (0ms)
		SetupLoadedEditorAssemblies (378ms)
			LogAssemblyErrors (0ms)
			InitializePlatformSupportModulesInManaged (3ms)
			SetLoadedEditorAssemblies (3ms)
			RefreshPlugins (0ms)
			BeforeProcessingInitializeOnLoad (34ms)
			ProcessInitializeOnLoadAttributes (325ms)
			ProcessInitializeOnLoadMethodAttributes (12ms)
			AfterProcessingInitializeOnLoad (1ms)
			EditorAssembliesLoaded (0ms)
		ExecutionOrderSort2 (0ms)
		AwakeInstancesAfterBackupRestoration (3ms)
Refreshing native plugins compatible for Editor in 0.75 ms, found 2 plugins.
Preloading 0 native plugins for Editor in 0.00 ms.
Unloading 3272 Unused Serialized files (Serialized files now loaded: 0)
Unloading 13 unused Assets / (27.7 KB). Loaded Objects now: 3915.
Memory consumption went from 0.57 GB to 0.57 GB.
Total: 3.171292 ms (FindLiveObjects: 0.154958 ms CreateObjectMapping: 0.042542 ms MarkObjects: 2.916417 ms  DeleteObjects: 0.056167 ms)

Prepare: number of updated asset objects reloaded= 0
AssetImportParameters requested are different than current active one (requested -> active):
  custom:scripting/monoscript/fileName/NavMeshSurface.cs: 34aebd278d8d3d5db6b23265b9c700f9 -> 
  custom:scripting/monoscript/fileName/ObjectAgent.cs: 78bbbb551987f8aebfa3783f3092d5f1 -> 
  custom:scripting/precompiled-assembly-types:Unity.AI.Navigation: 5d8fa505e3253b9a2a456e2c28a1afb3 -> 
  custom:container-demuxer-ogg: 62fdf1f143b41e24485cea50d1cbac27 -> 
  custom:scripting/monoscript/fileName/NavMeshModifierVolumeEditor.cs: 262a50135a116189426aa01c964a744c -> 
  custom:scripting/monoscript/fileName/NavigationOverlay.cs: 2744f4e7946ebbb71339c9b1ce538d00 -> 
  custom:scripting/monoscript/fileName/ConverterItemDescriptor.cs: 8182050d34c5cb602eb7913435a7abee -> 
  custom:scripting/monoscript/fileName/BuiltInToNavMeshSurfaceConverterContainer.cs: c40a906f9f99ea8a6c5aaa215767017f -> 
  custom:video-decoder-ogg-theora: a1e56fd34408186e4bbccfd4996cb3dc -> 
  custom:scripting/monoscript/fileName/NavigationWindow.cs: 7884404b71178f59d8819c380b951d7c -> 
  custom:scripting/monoscript/fileName/NavMeshComponentsGUIUtility.cs: 08c52049b94db52661003d42fda4ecff -> 
  custom:scripting/monoscript/fileName/ConverterItemInfo.cs: 9fb131dfa28a9ed6b6d00fd9cf83ece4 -> 
  custom:CustomObjectIndexerAttribute: 9a22284fe3817be447336de3de66b15e -> 
  custom:scripting/monoscript/fileName/NavMeshAssetManager.cs: 79eb4858c2054289cd611249ab36b0a5 -> 
  custom:scripting/monoscript/fileName/NavMeshSurfaceEditor.cs: adb1294e971eab992abc2e3e7e051565 -> 
  custom:container-demuxer-webm: 4f35f7cbe854078d1ac9338744f61a02 -> 
  custom:scripting/monoscript/fileName/NavMeshModifierVolume.cs: 8dc531216c72b86c60b86e16ff3da10b -> 
  custom:scripting/monoscript/fileName/NavMeshUpdaterUtility.cs: 5eb03802e6dba19b3e13aaf384805cac -> 
  custom:scripting/monoscript/fileName/NavigationPreferences.cs: ada9399a4f085d4c824cc06527e7fcae -> 
  custom:scripting/monoscript/fileName/NavMeshUpdaterEditor.cs: 169704080eda430978bba61ddedeb304 -> 
  custom:scripting/precompiled-assembly-types:Unity.AI.Navigation.Editor.ConversionSystem: 27c718e5de2659aeeb663e092dc21158 -> 
  custom:scripting/monoscript/fileName/NavMeshModifierEditor.cs: b8675d28116f43f78881455a7301fe8c -> 
  custom:container-muxer-webm: aa71ff27fc2769a1b78a27578f13a17b -> 
  custom:video-decoder-webm-vp8: 9c59270c3fd7afecdb556c50c9e8de78 -> 
  custom:scripting/precompiled-assembly-types:Unity.AI.Navigation.Editor: 7eaf38f66973fde07200cf372b24130e -> 
  custom:scripting/monoscript/fileName/HelpUrls.cs: c1a90585e3e9c9d25f58f9141655f24f -> 
  custom:scripting/monoscript/fileName/EditorStyles.cs: 86b9f4d8fe570a8d8295bfc466c975cf -> 
  custom:SearchIndexIgnoredProperties: e643bd26f0fe6173181afceb89e7c659 -> 
  custom:scripting/precompiled-assembly-types:Unity.AI.Navigation.Updater: d2095ddf03fd615830d6dacf5841450d -> 
  custom:scripting/monoscript/fileName/NavMeshLinkEditor.cs: aed8ae070d922149bb2ba3de06889ff6 -> 
  custom:AudioImporter_EditorPlatform: 3918e3fc78b5a79bad01e8451be0beb8 -> 
  custom:scripting/monoscript/fileName/NavMeshModifier.cs: 99ae5ed91bb784edc4f8312d7de046da -> 
  custom:scripting/monoscript/fileName/NavMeshSceneConverter.cs: baf486a1c1cdf03a3111dd113d13c2f4 -> 
  custom:scripting/monoscript/fileName/SystemConverterContainer.cs: eb4026ea01a117ce0888f693e9eed2cd -> 
  custom:scripting/monoscript/fileName/NavMeshLink.cs: 0b3d0eeb07ab57d259e8f9365538df09 -> 
  custom:framework-osx-AVFoundation: e770b220cccbd017edd2c1fefb359320 -> 
  custom:scripting/monoscript/fileName/ObsoleteNavigationWindowMenuEntry.cs: c7f73386e6473f401a8e4151cac4e1e5 -> 
  custom:scripting/monoscript/fileName/InitializeConverterContext.cs: a97e19589a5774cdc2a34a28caea355f -> 
  custom:scripting/monoscript/fileName/SystemConverter.cs: c748d1769fc66e95256254a1cc1497f3 -> 
  custom:video-encoder-webm-vp8: eb34c28f22e8b96e1ab97ce403110664 -> 
  custom:audio-decoder-ogg-vorbis: bf7c407c2cedff20999df2af8eb42d56 -> 
  custom:scripting/monoscript/fileName/Models.cs: 72a9bccda329dd678eddccf95c3a65ef -> 
  custom:scripting/monoscript/fileName/RunItemContext.cs: 338b2243183036c2b60f94c1b5e817c5 -> 
  custom:scripting/monoscript/fileName/CoordinatePoller.cs: c9ac2ca40c1a1dc312a717df933e1b50 -> 
  custom:audio-encoder-webm-vorbis: bf7c407c2cedff20999df2af8eb42d56 -> 
  custom:scripting/precompiled-assembly-types:Assembly-CSharp: 8dfefbe94a32698fcd344bd444313170 -> 
  custom:scripting/monoscript/fileName/SystemConvertersEditor.cs: c127c1335f24b77ca70195bf2136c6a2 -> 
========================================================================
Received Prepare
Caller must complete domain reload
Begin MonoManager ReloadAssembly
Thread 0x16b14b000 may have been prematurely finalized
- Loaded All Assemblies, in  0.368 seconds
Native extension for OSXStandalone target not found
Mono: successfully reloaded assembly
- Finished resetting the current domain, in  0.809 seconds
Domain Reload Profiling: 1177ms
	BeginReloadAssembly (130ms)
		ExecutionOrderSort (0ms)
		DisableScriptedObjects (4ms)
		BackupInstance (0ms)
		ReleaseScriptingObjects (0ms)
		CreateAndSetChildDomain (60ms)
	RebuildCommonClasses (27ms)
	RebuildNativeTypeToScriptingClass (9ms)
	initialDomainReloadingComplete (17ms)
	LoadAllAssembliesAndSetupDomain (185ms)
		LoadAssemblies (201ms)
		RebuildTransferFunctionScriptingTraits (0ms)
		AnalyzeDomain (25ms)
			TypeCache.Refresh (15ms)
				TypeCache.ScanAssembly (0ms)
			ScanForSourceGeneratedMonoScriptInfo (5ms)
			ResolveRequiredComponents (4ms)
	FinalizeReload (809ms)
		ReleaseScriptCaches (0ms)
		RebuildScriptCaches (0ms)
		SetupLoadedEditorAssemblies (367ms)
			LogAssemblyErrors (0ms)
			InitializePlatformSupportModulesInManaged (3ms)
			SetLoadedEditorAssemblies (3ms)
			RefreshPlugins (0ms)
			BeforeProcessingInitializeOnLoad (34ms)
			ProcessInitializeOnLoadAttributes (315ms)
			ProcessInitializeOnLoadMethodAttributes (11ms)
			AfterProcessingInitializeOnLoad (1ms)
			EditorAssembliesLoaded (0ms)
		ExecutionOrderSort2 (0ms)
		AwakeInstancesAfterBackupRestoration (3ms)
Refreshing native plugins compatible for Editor in 0.53 ms, found 2 plugins.
Preloading 0 native plugins for Editor in 0.00 ms.
Unloading 3272 Unused Serialized files (Serialized files now loaded: 0)
Unloading 13 unused Assets / (27.7 KB). Loaded Objects now: 3918.
Memory consumption went from 0.58 GB to 0.58 GB.
Total: 2.777583 ms (FindLiveObjects: 0.125250 ms CreateObjectMapping: 0.047750 ms MarkObjects: 2.569666 ms  DeleteObjects: 0.034250 ms)

Prepare: number of updated asset objects reloaded= 0
AssetImportParameters requested are different than current active one (requested -> active):
  custom:scripting/monoscript/fileName/NavMeshSurface.cs: 34aebd278d8d3d5db6b23265b9c700f9 -> 
  custom:scripting/monoscript/fileName/ObjectAgent.cs: 7094d35a52139832028c68b6859410f1 -> 
  custom:scripting/precompiled-assembly-types:Unity.AI.Navigation: 5d8fa505e3253b9a2a456e2c28a1afb3 -> 
  custom:container-demuxer-ogg: 62fdf1f143b41e24485cea50d1cbac27 -> 
  custom:scripting/monoscript/fileName/NavMeshModifierVolumeEditor.cs: 262a50135a116189426aa01c964a744c -> 
  custom:scripting/monoscript/fileName/NavigationOverlay.cs: 2744f4e7946ebbb71339c9b1ce538d00 -> 
  custom:scripting/monoscript/fileName/ConverterItemDescriptor.cs: 8182050d34c5cb602eb7913435a7abee -> 
  custom:scripting/monoscript/fileName/BuiltInToNavMeshSurfaceConverterContainer.cs: c40a906f9f99ea8a6c5aaa215767017f -> 
  custom:video-decoder-ogg-theora: a1e56fd34408186e4bbccfd4996cb3dc -> 
  custom:scripting/monoscript/fileName/NavigationWindow.cs: 7884404b71178f59d8819c380b951d7c -> 
  custom:scripting/monoscript/fileName/NavMeshComponentsGUIUtility.cs: 08c52049b94db52661003d42fda4ecff -> 
  custom:scripting/monoscript/fileName/ConverterItemInfo.cs: 9fb131dfa28a9ed6b6d00fd9cf83ece4 -> 
  custom:CustomObjectIndexerAttribute: 9a22284fe3817be447336de3de66b15e -> 
  custom:scripting/monoscript/fileName/NavMeshAssetManager.cs: 79eb4858c2054289cd611249ab36b0a5 -> 
  custom:scripting/monoscript/fileName/NavMeshSurfaceEditor.cs: adb1294e971eab992abc2e3e7e051565 -> 
  custom:container-demuxer-webm: 4f35f7cbe854078d1ac9338744f61a02 -> 
  custom:scripting/monoscript/fileName/NavMeshModifierVolume.cs: 8dc531216c72b86c60b86e16ff3da10b -> 
  custom:scripting/monoscript/fileName/NavMeshUpdaterUtility.cs: 5eb03802e6dba19b3e13aaf384805cac -> 
  custom:scripting/monoscript/fileName/NavigationPreferences.cs: ada9399a4f085d4c824cc06527e7fcae -> 
  custom:scripting/monoscript/fileName/NavMeshUpdaterEditor.cs: 169704080eda430978bba61ddedeb304 -> 
  custom:scripting/precompiled-assembly-types:Unity.AI.Navigation.Editor.ConversionSystem: 27c718e5de2659aeeb663e092dc21158 -> 
  custom:scripting/monoscript/fileName/NavMeshModifierEditor.cs: b8675d28116f43f78881455a7301fe8c -> 
  custom:container-muxer-webm: aa71ff27fc2769a1b78a27578f13a17b -> 
  custom:video-decoder-webm-vp8: 9c59270c3fd7afecdb556c50c9e8de78 -> 
  custom:scripting/precompiled-assembly-types:Unity.AI.Navigation.Editor: 7eaf38f66973fde07200cf372b24130e -> 
  custom:scripting/monoscript/fileName/HelpUrls.cs: c1a90585e3e9c9d25f58f9141655f24f -> 
  custom:scripting/monoscript/fileName/EditorStyles.cs: 86b9f4d8fe570a8d8295bfc466c975cf -> 
  custom:SearchIndexIgnoredProperties: e643bd26f0fe6173181afceb89e7c659 -> 
  custom:scripting/precompiled-assembly-types:Unity.AI.Navigation.Updater: d2095ddf03fd615830d6dacf5841450d -> 
  custom:scripting/monoscript/fileName/NavMeshLinkEditor.cs: aed8ae070d922149bb2ba3de06889ff6 -> 
  custom:AudioImporter_EditorPlatform: 3918e3fc78b5a79bad01e8451be0beb8 -> 
  custom:scripting/monoscript/fileName/NavMeshModifier.cs: 99ae5ed91bb784edc4f8312d7de046da -> 
  custom:scripting/monoscript/fileName/NavMeshSceneConverter.cs: baf486a1c1cdf03a3111dd113d13c2f4 -> 
  custom:scripting/monoscript/fileName/SystemConverterContainer.cs: eb4026ea01a117ce0888f693e9eed2cd -> 
  custom:scripting/monoscript/fileName/NavMeshLink.cs: 0b3d0eeb07ab57d259e8f9365538df09 -> 
  custom:framework-osx-AVFoundation: e770b220cccbd017edd2c1fefb359320 -> 
  custom:scripting/monoscript/fileName/ObsoleteNavigationWindowMenuEntry.cs: c7f73386e6473f401a8e4151cac4e1e5 -> 
  custom:scripting/monoscript/fileName/InitializeConverterContext.cs: a97e19589a5774cdc2a34a28caea355f -> 
  custom:scripting/monoscript/fileName/SystemConverter.cs: c748d1769fc66e95256254a1cc1497f3 -> 
  custom:video-encoder-webm-vp8: eb34c28f22e8b96e1ab97ce403110664 -> 
  custom:audio-decoder-ogg-vorbis: bf7c407c2cedff20999df2af8eb42d56 -> 
  custom:scripting/monoscript/fileName/Models.cs: 72a9bccda329dd678eddccf95c3a65ef -> 
  custom:scripting/monoscript/fileName/RunItemContext.cs: 338b2243183036c2b60f94c1b5e817c5 -> 
  custom:scripting/monoscript/fileName/CoordinatePoller.cs: c9ac2ca40c1a1dc312a717df933e1b50 -> 
  custom:audio-encoder-webm-vorbis: bf7c407c2cedff20999df2af8eb42d56 -> 
  custom:scripting/precompiled-assembly-types:Assembly-CSharp: 83993ae4bf1c8ad999a3159253bbbfe0 -> 
  custom:scripting/monoscript/fileName/SystemConvertersEditor.cs: c127c1335f24b77ca70195bf2136c6a2 -> 
========================================================================
Received Import Request.
  Time since last request: 311.214091 seconds.
  path: Assets/Scripts/AgentPrefab.prefab
  artifactKey: Guid(6e3ab4d637b6e441e9e817760af4c456) Importer(815301076,1909f56bfc062723c751e8b465ee728b)
Start importing Assets/Scripts/AgentPrefab.prefab using Guid(6e3ab4d637b6e441e9e817760af4c456) Importer(815301076,1909f56bfc062723c751e8b465ee728b) [PhysX] Initialized MultithreadedTaskDispatcher with 8 workers.
[PhysX] Initialized MultithreadedTaskDispatcher with 8 workers.
 -> (artifact id: '7c9c134d29032292263c1b0ac7722991') in 0.043960 seconds
Number of updated asset objects reloaded before import = 0
Number of asset objects unloaded after import = 13
========================================================================
Received Prepare
Caller must complete domain reload
Begin MonoManager ReloadAssembly
Thread 0x16d687000 may have been prematurely finalized
- Loaded All Assemblies, in  0.336 seconds
Native extension for OSXStandalone target not found
Mono: successfully reloaded assembly
- Finished resetting the current domain, in  0.871 seconds
Domain Reload Profiling: 1207ms
	BeginReloadAssembly (118ms)
		ExecutionOrderSort (0ms)
		DisableScriptedObjects (3ms)
		BackupInstance (0ms)
		ReleaseScriptingObjects (0ms)
		CreateAndSetChildDomain (44ms)
	RebuildCommonClasses (29ms)
	RebuildNativeTypeToScriptingClass (8ms)
	initialDomainReloadingComplete (18ms)
	LoadAllAssembliesAndSetupDomain (162ms)
		LoadAssemblies (183ms)
		RebuildTransferFunctionScriptingTraits (0ms)
		AnalyzeDomain (17ms)
			TypeCache.Refresh (13ms)
				TypeCache.ScanAssembly (0ms)
			ScanForSourceGeneratedMonoScriptInfo (0ms)
			ResolveRequiredComponents (4ms)
	FinalizeReload (871ms)
		ReleaseScriptCaches (0ms)
		RebuildScriptCaches (0ms)
		SetupLoadedEditorAssemblies (380ms)
			LogAssemblyErrors (0ms)
			InitializePlatformSupportModulesInManaged (3ms)
			SetLoadedEditorAssemblies (4ms)
			RefreshPlugins (0ms)
			BeforeProcessingInitializeOnLoad (35ms)
			ProcessInitializeOnLoadAttributes (325ms)
			ProcessInitializeOnLoadMethodAttributes (12ms)
			AfterProcessingInitializeOnLoad (1ms)
			EditorAssembliesLoaded (0ms)
		ExecutionOrderSort2 (0ms)
		AwakeInstancesAfterBackupRestoration (3ms)
Refreshing native plugins compatible for Editor in 0.68 ms, found 2 plugins.
Preloading 0 native plugins for Editor in 0.00 ms.
Unloading 3272 Unused Serialized files (Serialized files now loaded: 0)
Unloading 13 unused Assets / (27.7 KB). Loaded Objects now: 3921.
Memory consumption went from 0.59 GB to 0.59 GB.
Total: 3.156166 ms (FindLiveObjects: 0.156875 ms CreateObjectMapping: 0.044084 ms MarkObjects: 2.908000 ms  DeleteObjects: 0.046666 ms)

Prepare: number of updated asset objects reloaded= 0
AssetImportParameters requested are different than current active one (requested -> active):
  custom:scripting/monoscript/fileName/NavMeshSurface.cs: 34aebd278d8d3d5db6b23265b9c700f9 -> 
  custom:scripting/monoscript/fileName/ObjectAgent.cs: 7094d35a52139832028c68b6859410f1 -> 
  custom:scripting/precompiled-assembly-types:Unity.AI.Navigation: 5d8fa505e3253b9a2a456e2c28a1afb3 -> 
  custom:container-demuxer-ogg: 62fdf1f143b41e24485cea50d1cbac27 -> 
  custom:scripting/monoscript/fileName/NavMeshModifierVolumeEditor.cs: 262a50135a116189426aa01c964a744c -> 
  custom:scripting/monoscript/fileName/NavigationOverlay.cs: 2744f4e7946ebbb71339c9b1ce538d00 -> 
  custom:scripting/monoscript/fileName/ConverterItemDescriptor.cs: 8182050d34c5cb602eb7913435a7abee -> 
  custom:scripting/monoscript/fileName/BuiltInToNavMeshSurfaceConverterContainer.cs: c40a906f9f99ea8a6c5aaa215767017f -> 
  custom:video-decoder-ogg-theora: a1e56fd34408186e4bbccfd4996cb3dc -> 
  custom:scripting/monoscript/fileName/NavigationWindow.cs: 7884404b71178f59d8819c380b951d7c -> 
  custom:scripting/monoscript/fileName/NavMeshComponentsGUIUtility.cs: 08c52049b94db52661003d42fda4ecff -> 
  custom:scripting/monoscript/fileName/ConverterItemInfo.cs: 9fb131dfa28a9ed6b6d00fd9cf83ece4 -> 
  custom:CustomObjectIndexerAttribute: 9a22284fe3817be447336de3de66b15e -> 
  custom:scripting/monoscript/fileName/NavMeshAssetManager.cs: 79eb4858c2054289cd611249ab36b0a5 -> 
  custom:scripting/monoscript/fileName/NavMeshSurfaceEditor.cs: adb1294e971eab992abc2e3e7e051565 -> 
  custom:container-demuxer-webm: 4f35f7cbe854078d1ac9338744f61a02 -> 
  custom:scripting/monoscript/fileName/NavMeshModifierVolume.cs: 8dc531216c72b86c60b86e16ff3da10b -> 
  custom:scripting/monoscript/fileName/NavMeshUpdaterUtility.cs: 5eb03802e6dba19b3e13aaf384805cac -> 
  custom:scripting/monoscript/fileName/NavigationPreferences.cs: ada9399a4f085d4c824cc06527e7fcae -> 
  custom:scripting/monoscript/fileName/NavMeshUpdaterEditor.cs: 169704080eda430978bba61ddedeb304 -> 
  custom:scripting/precompiled-assembly-types:Unity.AI.Navigation.Editor.ConversionSystem: 27c718e5de2659aeeb663e092dc21158 -> 
  custom:scripting/monoscript/fileName/NavMeshModifierEditor.cs: b8675d28116f43f78881455a7301fe8c -> 
  custom:container-muxer-webm: aa71ff27fc2769a1b78a27578f13a17b -> 
  custom:video-decoder-webm-vp8: 9c59270c3fd7afecdb556c50c9e8de78 -> 
  custom:scripting/precompiled-assembly-types:Unity.AI.Navigation.Editor: 7eaf38f66973fde07200cf372b24130e -> 
  custom:scripting/monoscript/fileName/HelpUrls.cs: c1a90585e3e9c9d25f58f9141655f24f -> 
  custom:scripting/monoscript/fileName/EditorStyles.cs: 86b9f4d8fe570a8d8295bfc466c975cf -> 
  custom:SearchIndexIgnoredProperties: e643bd26f0fe6173181afceb89e7c659 -> 
  custom:scripting/precompiled-assembly-types:Unity.AI.Navigation.Updater: d2095ddf03fd615830d6dacf5841450d -> 
  custom:scripting/monoscript/fileName/NavMeshLinkEditor.cs: aed8ae070d922149bb2ba3de06889ff6 -> 
  custom:AudioImporter_EditorPlatform: 3918e3fc78b5a79bad01e8451be0beb8 -> 
  custom:scripting/monoscript/fileName/NavMeshModifier.cs: 99ae5ed91bb784edc4f8312d7de046da -> 
  custom:scripting/monoscript/fileName/NavMeshSceneConverter.cs: baf486a1c1cdf03a3111dd113d13c2f4 -> 
  custom:scripting/monoscript/fileName/SystemConverterContainer.cs: eb4026ea01a117ce0888f693e9eed2cd -> 
  custom:scripting/monoscript/fileName/NavMeshLink.cs: 0b3d0eeb07ab57d259e8f9365538df09 -> 
  custom:framework-osx-AVFoundation: e770b220cccbd017edd2c1fefb359320 -> 
  custom:scripting/monoscript/fileName/ObsoleteNavigationWindowMenuEntry.cs: c7f73386e6473f401a8e4151cac4e1e5 -> 
  custom:scripting/monoscript/fileName/InitializeConverterContext.cs: a97e19589a5774cdc2a34a28caea355f -> 
  custom:scripting/monoscript/fileName/SystemConverter.cs: c748d1769fc66e95256254a1cc1497f3 -> 
  custom:video-encoder-webm-vp8: eb34c28f22e8b96e1ab97ce403110664 -> 
  custom:audio-decoder-ogg-vorbis: bf7c407c2cedff20999df2af8eb42d56 -> 
  custom:scripting/monoscript/fileName/Models.cs: 72a9bccda329dd678eddccf95c3a65ef -> 
  custom:scripting/monoscript/fileName/RunItemContext.cs: 338b2243183036c2b60f94c1b5e817c5 -> 
  custom:scripting/monoscript/fileName/CoordinatePoller.cs: c9ac2ca40c1a1dc312a717df933e1b50 -> 
  custom:audio-encoder-webm-vorbis: bf7c407c2cedff20999df2af8eb42d56 -> 
  custom:scripting/precompiled-assembly-types:Assembly-CSharp: 83993ae4bf1c8ad999a3159253bbbfe0 -> 
  custom:scripting/monoscript/fileName/SystemConvertersEditor.cs: c127c1335f24b77ca70195bf2136c6a2 -> 
========================================================================
Received Prepare
Caller must complete domain reload
Begin MonoManager ReloadAssembly
Thread 0x16d747000 may have been prematurely finalized
- Loaded All Assemblies, in  0.308 seconds
Native extension for OSXStandalone target not found
Mono: successfully reloaded assembly
- Finished resetting the current domain, in  0.903 seconds
Domain Reload Profiling: 1212ms
	BeginReloadAssembly (107ms)
		ExecutionOrderSort (0ms)
		DisableScriptedObjects (4ms)
		BackupInstance (0ms)
		ReleaseScriptingObjects (0ms)
		CreateAndSetChildDomain (38ms)
	RebuildCommonClasses (25ms)
	RebuildNativeTypeToScriptingClass (9ms)
	initialDomainReloadingComplete (18ms)
	LoadAllAssembliesAndSetupDomain (151ms)
		LoadAssemblies (167ms)
		RebuildTransferFunctionScriptingTraits (0ms)
		AnalyzeDomain (20ms)
			TypeCache.Refresh (14ms)
				TypeCache.ScanAssembly (0ms)
			ScanForSourceGeneratedMonoScriptInfo (0ms)
			ResolveRequiredComponents (5ms)
	FinalizeReload (904ms)
		ReleaseScriptCaches (0ms)
		RebuildScriptCaches (0ms)
		SetupLoadedEditorAssemblies (385ms)
			LogAssemblyErrors (0ms)
			InitializePlatformSupportModulesInManaged (3ms)
			SetLoadedEditorAssemblies (3ms)
			RefreshPlugins (0ms)
			BeforeProcessingInitializeOnLoad (36ms)
			ProcessInitializeOnLoadAttributes (329ms)
			ProcessInitializeOnLoadMethodAttributes (13ms)
			AfterProcessingInitializeOnLoad (1ms)
			EditorAssembliesLoaded (0ms)
		ExecutionOrderSort2 (0ms)
		AwakeInstancesAfterBackupRestoration (3ms)
Refreshing native plugins compatible for Editor in 0.65 ms, found 2 plugins.
Preloading 0 native plugins for Editor in 0.00 ms.
Unloading 3272 Unused Serialized files (Serialized files now loaded: 0)
Unloading 13 unused Assets / (27.8 KB). Loaded Objects now: 3924.
Memory consumption went from 0.60 GB to 0.60 GB.
Total: 3.222625 ms (FindLiveObjects: 0.219667 ms CreateObjectMapping: 0.049000 ms MarkObjects: 2.910417 ms  DeleteObjects: 0.042375 ms)

Prepare: number of updated asset objects reloaded= 0
AssetImportParameters requested are different than current active one (requested -> active):
  custom:scripting/monoscript/fileName/NavMeshSurface.cs: 34aebd278d8d3d5db6b23265b9c700f9 -> 
  custom:scripting/monoscript/fileName/ObjectAgent.cs: 7094d35a52139832028c68b6859410f1 -> 
  custom:scripting/precompiled-assembly-types:Unity.AI.Navigation: 5d8fa505e3253b9a2a456e2c28a1afb3 -> 
  custom:container-demuxer-ogg: 62fdf1f143b41e24485cea50d1cbac27 -> 
  custom:scripting/monoscript/fileName/NavMeshModifierVolumeEditor.cs: 262a50135a116189426aa01c964a744c -> 
  custom:scripting/monoscript/fileName/NavigationOverlay.cs: 2744f4e7946ebbb71339c9b1ce538d00 -> 
  custom:scripting/monoscript/fileName/ConverterItemDescriptor.cs: 8182050d34c5cb602eb7913435a7abee -> 
  custom:scripting/monoscript/fileName/BuiltInToNavMeshSurfaceConverterContainer.cs: c40a906f9f99ea8a6c5aaa215767017f -> 
  custom:video-decoder-ogg-theora: a1e56fd34408186e4bbccfd4996cb3dc -> 
  custom:scripting/monoscript/fileName/NavigationWindow.cs: 7884404b71178f59d8819c380b951d7c -> 
  custom:scripting/monoscript/fileName/NavMeshComponentsGUIUtility.cs: 08c52049b94db52661003d42fda4ecff -> 
  custom:scripting/monoscript/fileName/ConverterItemInfo.cs: 9fb131dfa28a9ed6b6d00fd9cf83ece4 -> 
  custom:CustomObjectIndexerAttribute: 9a22284fe3817be447336de3de66b15e -> 
  custom:scripting/monoscript/fileName/NavMeshAssetManager.cs: 79eb4858c2054289cd611249ab36b0a5 -> 
  custom:scripting/monoscript/fileName/NavMeshSurfaceEditor.cs: adb1294e971eab992abc2e3e7e051565 -> 
  custom:container-demuxer-webm: 4f35f7cbe854078d1ac9338744f61a02 -> 
  custom:scripting/monoscript/fileName/NavMeshModifierVolume.cs: 8dc531216c72b86c60b86e16ff3da10b -> 
  custom:scripting/monoscript/fileName/NavMeshUpdaterUtility.cs: 5eb03802e6dba19b3e13aaf384805cac -> 
  custom:scripting/monoscript/fileName/NavigationPreferences.cs: ada9399a4f085d4c824cc06527e7fcae -> 
  custom:scripting/monoscript/fileName/NavMeshUpdaterEditor.cs: 169704080eda430978bba61ddedeb304 -> 
  custom:scripting/precompiled-assembly-types:Unity.AI.Navigation.Editor.ConversionSystem: 27c718e5de2659aeeb663e092dc21158 -> 
  custom:scripting/monoscript/fileName/NavMeshModifierEditor.cs: b8675d28116f43f78881455a7301fe8c -> 
  custom:container-muxer-webm: aa71ff27fc2769a1b78a27578f13a17b -> 
  custom:video-decoder-webm-vp8: 9c59270c3fd7afecdb556c50c9e8de78 -> 
  custom:scripting/precompiled-assembly-types:Unity.AI.Navigation.Editor: 7eaf38f66973fde07200cf372b24130e -> 
  custom:scripting/monoscript/fileName/HelpUrls.cs: c1a90585e3e9c9d25f58f9141655f24f -> 
  custom:scripting/monoscript/fileName/EditorStyles.cs: 86b9f4d8fe570a8d8295bfc466c975cf -> 
  custom:SearchIndexIgnoredProperties: e643bd26f0fe6173181afceb89e7c659 -> 
  custom:scripting/precompiled-assembly-types:Unity.AI.Navigation.Updater: d2095ddf03fd615830d6dacf5841450d -> 
  custom:scripting/monoscript/fileName/NavMeshLinkEditor.cs: aed8ae070d922149bb2ba3de06889ff6 -> 
  custom:AudioImporter_EditorPlatform: 3918e3fc78b5a79bad01e8451be0beb8 -> 
  custom:scripting/monoscript/fileName/NavMeshModifier.cs: 99ae5ed91bb784edc4f8312d7de046da -> 
  custom:scripting/monoscript/fileName/NavMeshSceneConverter.cs: baf486a1c1cdf03a3111dd113d13c2f4 -> 
  custom:scripting/monoscript/fileName/SystemConverterContainer.cs: eb4026ea01a117ce0888f693e9eed2cd -> 
  custom:scripting/monoscript/fileName/NavMeshLink.cs: 0b3d0eeb07ab57d259e8f9365538df09 -> 
  custom:framework-osx-AVFoundation: e770b220cccbd017edd2c1fefb359320 -> 
  custom:scripting/monoscript/fileName/ObsoleteNavigationWindowMenuEntry.cs: c7f73386e6473f401a8e4151cac4e1e5 -> 
  custom:scripting/monoscript/fileName/InitializeConverterContext.cs: a97e19589a5774cdc2a34a28caea355f -> 
  custom:scripting/monoscript/fileName/SystemConverter.cs: c748d1769fc66e95256254a1cc1497f3 -> 
  custom:video-encoder-webm-vp8: eb34c28f22e8b96e1ab97ce403110664 -> 
  custom:audio-decoder-ogg-vorbis: bf7c407c2cedff20999df2af8eb42d56 -> 
  custom:scripting/monoscript/fileName/Models.cs: 72a9bccda329dd678eddccf95c3a65ef -> 
  custom:scripting/monoscript/fileName/RunItemContext.cs: 338b2243183036c2b60f94c1b5e817c5 -> 
  custom:scripting/monoscript/fileName/CoordinatePoller.cs: c9ac2ca40c1a1dc312a717df933e1b50 -> 
  custom:audio-encoder-webm-vorbis: bf7c407c2cedff20999df2af8eb42d56 -> 
  custom:scripting/precompiled-assembly-types:Assembly-CSharp: 83993ae4bf1c8ad999a3159253bbbfe0 -> 
  custom:scripting/monoscript/fileName/SystemConvertersEditor.cs: c127c1335f24b77ca70195bf2136c6a2 -> 
========================================================================
Received Prepare
Caller must complete domain reload
Begin MonoManager ReloadAssembly
Thread 0x16c587000 may have been prematurely finalized
- Loaded All Assemblies, in  0.365 seconds
Native extension for OSXStandalone target not found
Mono: successfully reloaded assembly
- Finished resetting the current domain, in  0.985 seconds
Domain Reload Profiling: 1350ms
	BeginReloadAssembly (149ms)
		ExecutionOrderSort (0ms)
		DisableScriptedObjects (5ms)
		BackupInstance (0ms)
		ReleaseScriptingObjects (1ms)
		CreateAndSetChildDomain (65ms)
	RebuildCommonClasses (24ms)
	RebuildNativeTypeToScriptingClass (8ms)
	initialDomainReloadingComplete (21ms)
	LoadAllAssembliesAndSetupDomain (164ms)
		LoadAssemblies (182ms)
		RebuildTransferFunctionScriptingTraits (0ms)
		AnalyzeDomain (21ms)
			TypeCache.Refresh (16ms)
				TypeCache.ScanAssembly (0ms)
			ScanForSourceGeneratedMonoScriptInfo (0ms)
			ResolveRequiredComponents (5ms)
	FinalizeReload (985ms)
		ReleaseScriptCaches (0ms)
		RebuildScriptCaches (0ms)
		SetupLoadedEditorAssemblies (391ms)
			LogAssemblyErrors (0ms)
			InitializePlatformSupportModulesInManaged (3ms)
			SetLoadedEditorAssemblies (3ms)
			RefreshPlugins (0ms)
			BeforeProcessingInitializeOnLoad (39ms)
			ProcessInitializeOnLoadAttributes (332ms)
			ProcessInitializeOnLoadMethodAttributes (12ms)
			AfterProcessingInitializeOnLoad (1ms)
			EditorAssembliesLoaded (0ms)
		ExecutionOrderSort2 (0ms)
		AwakeInstancesAfterBackupRestoration (3ms)
Refreshing native plugins compatible for Editor in 0.84 ms, found 2 plugins.
Preloading 0 native plugins for Editor in 0.00 ms.
Unloading 3272 Unused Serialized files (Serialized files now loaded: 0)
Unloading 13 unused Assets / (27.7 KB). Loaded Objects now: 3927.
Memory consumption went from 0.61 GB to 0.61 GB.
Total: 3.028958 ms (FindLiveObjects: 0.231250 ms CreateObjectMapping: 0.047041 ms MarkObjects: 2.707459 ms  DeleteObjects: 0.042166 ms)

Prepare: number of updated asset objects reloaded= 0
AssetImportParameters requested are different than current active one (requested -> active):
  custom:scripting/monoscript/fileName/NavMeshSurface.cs: 34aebd278d8d3d5db6b23265b9c700f9 -> 
  custom:scripting/monoscript/fileName/ObjectAgent.cs: 7094d35a52139832028c68b6859410f1 -> 
  custom:scripting/precompiled-assembly-types:Unity.AI.Navigation: 5d8fa505e3253b9a2a456e2c28a1afb3 -> 
  custom:container-demuxer-ogg: 62fdf1f143b41e24485cea50d1cbac27 -> 
  custom:scripting/monoscript/fileName/NavMeshModifierVolumeEditor.cs: 262a50135a116189426aa01c964a744c -> 
  custom:scripting/monoscript/fileName/NavigationOverlay.cs: 2744f4e7946ebbb71339c9b1ce538d00 -> 
  custom:scripting/monoscript/fileName/ConverterItemDescriptor.cs: 8182050d34c5cb602eb7913435a7abee -> 
  custom:scripting/monoscript/fileName/BuiltInToNavMeshSurfaceConverterContainer.cs: c40a906f9f99ea8a6c5aaa215767017f -> 
  custom:video-decoder-ogg-theora: a1e56fd34408186e4bbccfd4996cb3dc -> 
  custom:scripting/monoscript/fileName/NavigationWindow.cs: 7884404b71178f59d8819c380b951d7c -> 
  custom:scripting/monoscript/fileName/NavMeshComponentsGUIUtility.cs: 08c52049b94db52661003d42fda4ecff -> 
  custom:scripting/monoscript/fileName/ConverterItemInfo.cs: 9fb131dfa28a9ed6b6d00fd9cf83ece4 -> 
  custom:CustomObjectIndexerAttribute: 9a22284fe3817be447336de3de66b15e -> 
  custom:scripting/monoscript/fileName/NavMeshAssetManager.cs: 79eb4858c2054289cd611249ab36b0a5 -> 
  custom:scripting/monoscript/fileName/NavMeshSurfaceEditor.cs: adb1294e971eab992abc2e3e7e051565 -> 
  custom:container-demuxer-webm: 4f35f7cbe854078d1ac9338744f61a02 -> 
  custom:scripting/monoscript/fileName/NavMeshModifierVolume.cs: 8dc531216c72b86c60b86e16ff3da10b -> 
  custom:scripting/monoscript/fileName/NavMeshUpdaterUtility.cs: 5eb03802e6dba19b3e13aaf384805cac -> 
  custom:scripting/monoscript/fileName/NavigationPreferences.cs: ada9399a4f085d4c824cc06527e7fcae -> 
  custom:scripting/monoscript/fileName/NavMeshUpdaterEditor.cs: 169704080eda430978bba61ddedeb304 -> 
  custom:scripting/precompiled-assembly-types:Unity.AI.Navigation.Editor.ConversionSystem: 27c718e5de2659aeeb663e092dc21158 -> 
  custom:scripting/monoscript/fileName/NavMeshModifierEditor.cs: b8675d28116f43f78881455a7301fe8c -> 
  custom:container-muxer-webm: aa71ff27fc2769a1b78a27578f13a17b -> 
  custom:video-decoder-webm-vp8: 9c59270c3fd7afecdb556c50c9e8de78 -> 
  custom:scripting/precompiled-assembly-types:Unity.AI.Navigation.Editor: 7eaf38f66973fde07200cf372b24130e -> 
  custom:scripting/monoscript/fileName/HelpUrls.cs: c1a90585e3e9c9d25f58f9141655f24f -> 
  custom:scripting/monoscript/fileName/EditorStyles.cs: 86b9f4d8fe570a8d8295bfc466c975cf -> 
  custom:SearchIndexIgnoredProperties: e643bd26f0fe6173181afceb89e7c659 -> 
  custom:scripting/precompiled-assembly-types:Unity.AI.Navigation.Updater: d2095ddf03fd615830d6dacf5841450d -> 
  custom:scripting/monoscript/fileName/NavMeshLinkEditor.cs: aed8ae070d922149bb2ba3de06889ff6 -> 
  custom:AudioImporter_EditorPlatform: 3918e3fc78b5a79bad01e8451be0beb8 -> 
  custom:scripting/monoscript/fileName/NavMeshModifier.cs: 99ae5ed91bb784edc4f8312d7de046da -> 
  custom:scripting/monoscript/fileName/NavMeshSceneConverter.cs: baf486a1c1cdf03a3111dd113d13c2f4 -> 
  custom:scripting/monoscript/fileName/SystemConverterContainer.cs: eb4026ea01a117ce0888f693e9eed2cd -> 
  custom:scripting/monoscript/fileName/NavMeshLink.cs: 0b3d0eeb07ab57d259e8f9365538df09 -> 
  custom:framework-osx-AVFoundation: e770b220cccbd017edd2c1fefb359320 -> 
  custom:scripting/monoscript/fileName/ObsoleteNavigationWindowMenuEntry.cs: c7f73386e6473f401a8e4151cac4e1e5 -> 
  custom:scripting/monoscript/fileName/InitializeConverterContext.cs: a97e19589a5774cdc2a34a28caea355f -> 
  custom:scripting/monoscript/fileName/SystemConverter.cs: c748d1769fc66e95256254a1cc1497f3 -> 
  custom:video-encoder-webm-vp8: eb34c28f22e8b96e1ab97ce403110664 -> 
  custom:audio-decoder-ogg-vorbis: bf7c407c2cedff20999df2af8eb42d56 -> 
  custom:scripting/monoscript/fileName/Models.cs: 72a9bccda329dd678eddccf95c3a65ef -> 
  custom:scripting/monoscript/fileName/RunItemContext.cs: 338b2243183036c2b60f94c1b5e817c5 -> 
  custom:scripting/monoscript/fileName/CoordinatePoller.cs: c9ac2ca40c1a1dc312a717df933e1b50 -> 
  custom:audio-encoder-webm-vorbis: bf7c407c2cedff20999df2af8eb42d56 -> 
  custom:scripting/precompiled-assembly-types:Assembly-CSharp: 83993ae4bf1c8ad999a3159253bbbfe0 -> 
  custom:scripting/monoscript/fileName/SystemConvertersEditor.cs: c127c1335f24b77ca70195bf2136c6a2 -> 
========================================================================
Received Prepare
Caller must complete domain reload
Begin MonoManager ReloadAssembly
Thread 0x16c587000 may have been prematurely finalized
- Loaded All Assemblies, in  0.300 seconds
Native extension for OSXStandalone target not found
Mono: successfully reloaded assembly
- Finished resetting the current domain, in  0.888 seconds
Domain Reload Profiling: 1188ms
	BeginReloadAssembly (105ms)
		ExecutionOrderSort (0ms)
		DisableScriptedObjects (4ms)
		BackupInstance (0ms)
		ReleaseScriptingObjects (0ms)
		CreateAndSetChildDomain (42ms)
	RebuildCommonClasses (24ms)
	RebuildNativeTypeToScriptingClass (8ms)
	initialDomainReloadingComplete (16ms)
	LoadAllAssembliesAndSetupDomain (147ms)
		LoadAssemblies (171ms)
		RebuildTransferFunctionScriptingTraits (0ms)
		AnalyzeDomain (11ms)
			TypeCache.Refresh (7ms)
				TypeCache.ScanAssembly (0ms)
			ScanForSourceGeneratedMonoScriptInfo (0ms)
			ResolveRequiredComponents (4ms)
	FinalizeReload (888ms)
		ReleaseScriptCaches (0ms)
		RebuildScriptCaches (0ms)
		SetupLoadedEditorAssemblies (388ms)
			LogAssemblyErrors (0ms)
			InitializePlatformSupportModulesInManaged (4ms)
			SetLoadedEditorAssemblies (3ms)
			RefreshPlugins (0ms)
			BeforeProcessingInitializeOnLoad (37ms)
			ProcessInitializeOnLoadAttributes (333ms)
			ProcessInitializeOnLoadMethodAttributes (11ms)
			AfterProcessingInitializeOnLoad (1ms)
			EditorAssembliesLoaded (0ms)
		ExecutionOrderSort2 (0ms)
		AwakeInstancesAfterBackupRestoration (3ms)
Refreshing native plugins compatible for Editor in 0.89 ms, found 2 plugins.
Preloading 0 native plugins for Editor in 0.00 ms.
Unloading 3272 Unused Serialized files (Serialized files now loaded: 0)
Unloading 13 unused Assets / (27.7 KB). Loaded Objects now: 3930.
Memory consumption went from 0.62 GB to 0.62 GB.
Total: 3.059041 ms (FindLiveObjects: 0.193708 ms CreateObjectMapping: 0.048875 ms MarkObjects: 2.768917 ms  DeleteObjects: 0.046541 ms)

Prepare: number of updated asset objects reloaded= 0
AssetImportParameters requested are different than current active one (requested -> active):
  custom:scripting/monoscript/fileName/NavMeshSurface.cs: 34aebd278d8d3d5db6b23265b9c700f9 -> 
  custom:scripting/monoscript/fileName/ObjectAgent.cs: 7094d35a52139832028c68b6859410f1 -> 
  custom:scripting/precompiled-assembly-types:Unity.AI.Navigation: 5d8fa505e3253b9a2a456e2c28a1afb3 -> 
  custom:container-demuxer-ogg: 62fdf1f143b41e24485cea50d1cbac27 -> 
  custom:scripting/monoscript/fileName/NavMeshModifierVolumeEditor.cs: 262a50135a116189426aa01c964a744c -> 
  custom:scripting/monoscript/fileName/NavigationOverlay.cs: 2744f4e7946ebbb71339c9b1ce538d00 -> 
  custom:scripting/monoscript/fileName/ConverterItemDescriptor.cs: 8182050d34c5cb602eb7913435a7abee -> 
  custom:scripting/monoscript/fileName/BuiltInToNavMeshSurfaceConverterContainer.cs: c40a906f9f99ea8a6c5aaa215767017f -> 
  custom:video-decoder-ogg-theora: a1e56fd34408186e4bbccfd4996cb3dc -> 
  custom:scripting/monoscript/fileName/NavigationWindow.cs: 7884404b71178f59d8819c380b951d7c -> 
  custom:scripting/monoscript/fileName/NavMeshComponentsGUIUtility.cs: 08c52049b94db52661003d42fda4ecff -> 
  custom:scripting/monoscript/fileName/ConverterItemInfo.cs: 9fb131dfa28a9ed6b6d00fd9cf83ece4 -> 
  custom:CustomObjectIndexerAttribute: 9a22284fe3817be447336de3de66b15e -> 
  custom:scripting/monoscript/fileName/NavMeshAssetManager.cs: 79eb4858c2054289cd611249ab36b0a5 -> 
  custom:scripting/monoscript/fileName/NavMeshSurfaceEditor.cs: adb1294e971eab992abc2e3e7e051565 -> 
  custom:container-demuxer-webm: 4f35f7cbe854078d1ac9338744f61a02 -> 
  custom:scripting/monoscript/fileName/NavMeshModifierVolume.cs: 8dc531216c72b86c60b86e16ff3da10b -> 
  custom:scripting/monoscript/fileName/NavMeshUpdaterUtility.cs: 5eb03802e6dba19b3e13aaf384805cac -> 
  custom:scripting/monoscript/fileName/NavigationPreferences.cs: ada9399a4f085d4c824cc06527e7fcae -> 
  custom:scripting/monoscript/fileName/NavMeshUpdaterEditor.cs: 169704080eda430978bba61ddedeb304 -> 
  custom:scripting/precompiled-assembly-types:Unity.AI.Navigation.Editor.ConversionSystem: 27c718e5de2659aeeb663e092dc21158 -> 
  custom:scripting/monoscript/fileName/NavMeshModifierEditor.cs: b8675d28116f43f78881455a7301fe8c -> 
  custom:container-muxer-webm: aa71ff27fc2769a1b78a27578f13a17b -> 
  custom:video-decoder-webm-vp8: 9c59270c3fd7afecdb556c50c9e8de78 -> 
  custom:scripting/precompiled-assembly-types:Unity.AI.Navigation.Editor: 7eaf38f66973fde07200cf372b24130e -> 
  custom:scripting/monoscript/fileName/HelpUrls.cs: c1a90585e3e9c9d25f58f9141655f24f -> 
  custom:scripting/monoscript/fileName/EditorStyles.cs: 86b9f4d8fe570a8d8295bfc466c975cf -> 
  custom:SearchIndexIgnoredProperties: e643bd26f0fe6173181afceb89e7c659 -> 
  custom:scripting/precompiled-assembly-types:Unity.AI.Navigation.Updater: d2095ddf03fd615830d6dacf5841450d -> 
  custom:scripting/monoscript/fileName/NavMeshLinkEditor.cs: aed8ae070d922149bb2ba3de06889ff6 -> 
  custom:AudioImporter_EditorPlatform: 3918e3fc78b5a79bad01e8451be0beb8 -> 
  custom:scripting/monoscript/fileName/NavMeshModifier.cs: 99ae5ed91bb784edc4f8312d7de046da -> 
  custom:scripting/monoscript/fileName/NavMeshSceneConverter.cs: baf486a1c1cdf03a3111dd113d13c2f4 -> 
  custom:scripting/monoscript/fileName/SystemConverterContainer.cs: eb4026ea01a117ce0888f693e9eed2cd -> 
  custom:scripting/monoscript/fileName/NavMeshLink.cs: 0b3d0eeb07ab57d259e8f9365538df09 -> 
  custom:framework-osx-AVFoundation: e770b220cccbd017edd2c1fefb359320 -> 
  custom:scripting/monoscript/fileName/ObsoleteNavigationWindowMenuEntry.cs: c7f73386e6473f401a8e4151cac4e1e5 -> 
  custom:scripting/monoscript/fileName/InitializeConverterContext.cs: a97e19589a5774cdc2a34a28caea355f -> 
  custom:scripting/monoscript/fileName/SystemConverter.cs: c748d1769fc66e95256254a1cc1497f3 -> 
  custom:video-encoder-webm-vp8: eb34c28f22e8b96e1ab97ce403110664 -> 
  custom:audio-decoder-ogg-vorbis: bf7c407c2cedff20999df2af8eb42d56 -> 
  custom:scripting/monoscript/fileName/Models.cs: 72a9bccda329dd678eddccf95c3a65ef -> 
  custom:scripting/monoscript/fileName/RunItemContext.cs: 338b2243183036c2b60f94c1b5e817c5 -> 
  custom:scripting/monoscript/fileName/CoordinatePoller.cs: c9ac2ca40c1a1dc312a717df933e1b50 -> 
  custom:audio-encoder-webm-vorbis: bf7c407c2cedff20999df2af8eb42d56 -> 
  custom:scripting/precompiled-assembly-types:Assembly-CSharp: 83993ae4bf1c8ad999a3159253bbbfe0 -> 
  custom:scripting/monoscript/fileName/SystemConvertersEditor.cs: c127c1335f24b77ca70195bf2136c6a2 -> 
========================================================================
Received Prepare
Caller must complete domain reload
Begin MonoManager ReloadAssembly
Thread 0x16b74f000 may have been prematurely finalized
- Loaded All Assemblies, in  0.360 seconds
Native extension for OSXStandalone target not found
Mono: successfully reloaded assembly
- Finished resetting the current domain, in  0.814 seconds
Domain Reload Profiling: 1174ms
	BeginReloadAssembly (111ms)
		ExecutionOrderSort (0ms)
		DisableScriptedObjects (3ms)
		BackupInstance (0ms)
		ReleaseScriptingObjects (0ms)
		CreateAndSetChildDomain (47ms)
	RebuildCommonClasses (25ms)
	RebuildNativeTypeToScriptingClass (8ms)
	initialDomainReloadingComplete (15ms)
	LoadAllAssembliesAndSetupDomain (200ms)
		LoadAssemblies (211ms)
		RebuildTransferFunctionScriptingTraits (0ms)
		AnalyzeDomain (26ms)
			TypeCache.Refresh (15ms)
				TypeCache.ScanAssembly (0ms)
			ScanForSourceGeneratedMonoScriptInfo (7ms)
			ResolveRequiredComponents (5ms)
	FinalizeReload (814ms)
		ReleaseScriptCaches (0ms)
		RebuildScriptCaches (0ms)
		SetupLoadedEditorAssemblies (361ms)
			LogAssemblyErrors (0ms)
			InitializePlatformSupportModulesInManaged (3ms)
			SetLoadedEditorAssemblies (3ms)
			RefreshPlugins (0ms)
			BeforeProcessingInitializeOnLoad (33ms)
			ProcessInitializeOnLoadAttributes (310ms)
			ProcessInitializeOnLoadMethodAttributes (11ms)
			AfterProcessingInitializeOnLoad (1ms)
			EditorAssembliesLoaded (0ms)
		ExecutionOrderSort2 (0ms)
		AwakeInstancesAfterBackupRestoration (2ms)
Refreshing native plugins compatible for Editor in 0.66 ms, found 2 plugins.
Preloading 0 native plugins for Editor in 0.00 ms.
Unloading 3272 Unused Serialized files (Serialized files now loaded: 0)
Unloading 13 unused Assets / (27.7 KB). Loaded Objects now: 3933.
Memory consumption went from 0.62 GB to 0.62 GB.
Total: 2.843083 ms (FindLiveObjects: 0.168042 ms CreateObjectMapping: 0.042375 ms MarkObjects: 2.596959 ms  DeleteObjects: 0.035166 ms)

Prepare: number of updated asset objects reloaded= 0
AssetImportParameters requested are different than current active one (requested -> active):
  custom:scripting/monoscript/fileName/NavMeshSurface.cs: 34aebd278d8d3d5db6b23265b9c700f9 -> 
  custom:scripting/monoscript/fileName/ObjectAgent.cs: e91ff64fdc0e2c351aa5461de0a543bc -> 
  custom:scripting/precompiled-assembly-types:Unity.AI.Navigation: 5d8fa505e3253b9a2a456e2c28a1afb3 -> 
  custom:container-demuxer-ogg: 62fdf1f143b41e24485cea50d1cbac27 -> 
  custom:scripting/monoscript/fileName/NavMeshModifierVolumeEditor.cs: 262a50135a116189426aa01c964a744c -> 
  custom:scripting/monoscript/fileName/NavigationOverlay.cs: 2744f4e7946ebbb71339c9b1ce538d00 -> 
  custom:scripting/monoscript/fileName/ConverterItemDescriptor.cs: 8182050d34c5cb602eb7913435a7abee -> 
  custom:scripting/monoscript/fileName/BuiltInToNavMeshSurfaceConverterContainer.cs: c40a906f9f99ea8a6c5aaa215767017f -> 
  custom:video-decoder-ogg-theora: a1e56fd34408186e4bbccfd4996cb3dc -> 
  custom:scripting/monoscript/fileName/NavigationWindow.cs: 7884404b71178f59d8819c380b951d7c -> 
  custom:scripting/monoscript/fileName/NavMeshComponentsGUIUtility.cs: 08c52049b94db52661003d42fda4ecff -> 
  custom:scripting/monoscript/fileName/ConverterItemInfo.cs: 9fb131dfa28a9ed6b6d00fd9cf83ece4 -> 
  custom:CustomObjectIndexerAttribute: 9a22284fe3817be447336de3de66b15e -> 
  custom:scripting/monoscript/fileName/NavMeshAssetManager.cs: 79eb4858c2054289cd611249ab36b0a5 -> 
  custom:scripting/monoscript/fileName/NavMeshSurfaceEditor.cs: adb1294e971eab992abc2e3e7e051565 -> 
  custom:container-demuxer-webm: 4f35f7cbe854078d1ac9338744f61a02 -> 
  custom:scripting/monoscript/fileName/NavMeshModifierVolume.cs: 8dc531216c72b86c60b86e16ff3da10b -> 
  custom:scripting/monoscript/fileName/NavMeshUpdaterUtility.cs: 5eb03802e6dba19b3e13aaf384805cac -> 
  custom:scripting/monoscript/fileName/NavigationPreferences.cs: ada9399a4f085d4c824cc06527e7fcae -> 
  custom:scripting/monoscript/fileName/NavMeshUpdaterEditor.cs: 169704080eda430978bba61ddedeb304 -> 
  custom:scripting/precompiled-assembly-types:Unity.AI.Navigation.Editor.ConversionSystem: 27c718e5de2659aeeb663e092dc21158 -> 
  custom:scripting/monoscript/fileName/NavMeshModifierEditor.cs: b8675d28116f43f78881455a7301fe8c -> 
  custom:container-muxer-webm: aa71ff27fc2769a1b78a27578f13a17b -> 
  custom:video-decoder-webm-vp8: 9c59270c3fd7afecdb556c50c9e8de78 -> 
  custom:scripting/precompiled-assembly-types:Unity.AI.Navigation.Editor: 7eaf38f66973fde07200cf372b24130e -> 
  custom:scripting/monoscript/fileName/HelpUrls.cs: c1a90585e3e9c9d25f58f9141655f24f -> 
  custom:scripting/monoscript/fileName/EditorStyles.cs: 86b9f4d8fe570a8d8295bfc466c975cf -> 
  custom:SearchIndexIgnoredProperties: e643bd26f0fe6173181afceb89e7c659 -> 
  custom:scripting/precompiled-assembly-types:Unity.AI.Navigation.Updater: d2095ddf03fd615830d6dacf5841450d -> 
  custom:scripting/monoscript/fileName/NavMeshLinkEditor.cs: aed8ae070d922149bb2ba3de06889ff6 -> 
  custom:AudioImporter_EditorPlatform: 3918e3fc78b5a79bad01e8451be0beb8 -> 
  custom:scripting/monoscript/fileName/NavMeshModifier.cs: 99ae5ed91bb784edc4f8312d7de046da -> 
  custom:scripting/monoscript/fileName/NavMeshSceneConverter.cs: baf486a1c1cdf03a3111dd113d13c2f4 -> 
  custom:scripting/monoscript/fileName/SystemConverterContainer.cs: eb4026ea01a117ce0888f693e9eed2cd -> 
  custom:scripting/monoscript/fileName/NavMeshLink.cs: 0b3d0eeb07ab57d259e8f9365538df09 -> 
  custom:framework-osx-AVFoundation: e770b220cccbd017edd2c1fefb359320 -> 
  custom:scripting/monoscript/fileName/ObsoleteNavigationWindowMenuEntry.cs: c7f73386e6473f401a8e4151cac4e1e5 -> 
  custom:scripting/monoscript/fileName/InitializeConverterContext.cs: a97e19589a5774cdc2a34a28caea355f -> 
  custom:scripting/monoscript/fileName/SystemConverter.cs: c748d1769fc66e95256254a1cc1497f3 -> 
  custom:video-encoder-webm-vp8: eb34c28f22e8b96e1ab97ce403110664 -> 
  custom:audio-decoder-ogg-vorbis: bf7c407c2cedff20999df2af8eb42d56 -> 
  custom:scripting/monoscript/fileName/Models.cs: 72a9bccda329dd678eddccf95c3a65ef -> 
  custom:scripting/monoscript/fileName/RunItemContext.cs: 338b2243183036c2b60f94c1b5e817c5 -> 
  custom:scripting/monoscript/fileName/CoordinatePoller.cs: c9ac2ca40c1a1dc312a717df933e1b50 -> 
  custom:audio-encoder-webm-vorbis: bf7c407c2cedff20999df2af8eb42d56 -> 
  custom:scripting/precompiled-assembly-types:Assembly-CSharp: 97ccbea1209e8cdc087ce337782d8ab2 -> 
  custom:scripting/monoscript/fileName/SystemConvertersEditor.cs: c127c1335f24b77ca70195bf2136c6a2 -> 
========================================================================
Received Import Request.
  Time since last request: 729.762665 seconds.
  path: Assets/Scripts/AgentPrefab.prefab
  artifactKey: Guid(6e3ab4d637b6e441e9e817760af4c456) Importer(815301076,1909f56bfc062723c751e8b465ee728b)
Start importing Assets/Scripts/AgentPrefab.prefab using Guid(6e3ab4d637b6e441e9e817760af4c456) Importer(815301076,1909f56bfc062723c751e8b465ee728b) [PhysX] Initialized MultithreadedTaskDispatcher with 8 workers.
[PhysX] Initialized MultithreadedTaskDispatcher with 8 workers.
 -> (artifact id: 'c02368cfb3da7f51561c157794814f23') in 0.044126 seconds
Number of updated asset objects reloaded before import = 0
Number of asset objects unloaded after import = 13
========================================================================
Received Prepare
Caller must complete domain reload
Begin MonoManager ReloadAssembly
Thread 0x16b74f000 may have been prematurely finalized
- Loaded All Assemblies, in  0.326 seconds
Native extension for OSXStandalone target not found
Mono: successfully reloaded assembly
- Finished resetting the current domain, in  0.606 seconds
Domain Reload Profiling: 933ms
	BeginReloadAssembly (144ms)
		ExecutionOrderSort (0ms)
		DisableScriptedObjects (3ms)
		BackupInstance (0ms)
		ReleaseScriptingObjects (0ms)
		CreateAndSetChildDomain (71ms)
	RebuildCommonClasses (25ms)
	RebuildNativeTypeToScriptingClass (8ms)
	initialDomainReloadingComplete (18ms)
	LoadAllAssembliesAndSetupDomain (131ms)
		LoadAssemblies (168ms)
		RebuildTransferFunctionScriptingTraits (0ms)
		AnalyzeDomain (12ms)
			TypeCache.Refresh (8ms)
				TypeCache.ScanAssembly (0ms)
			ScanForSourceGeneratedMonoScriptInfo (0ms)
			ResolveRequiredComponents (4ms)
	FinalizeReload (606ms)
		ReleaseScriptCaches (0ms)
		RebuildScriptCaches (0ms)
		SetupLoadedEditorAssemblies (392ms)
			LogAssemblyErrors (0ms)
			InitializePlatformSupportModulesInManaged (3ms)
			SetLoadedEditorAssemblies (3ms)
			RefreshPlugins (0ms)
			BeforeProcessingInitializeOnLoad (41ms)
			ProcessInitializeOnLoadAttributes (333ms)
			ProcessInitializeOnLoadMethodAttributes (12ms)
			AfterProcessingInitializeOnLoad (1ms)
			EditorAssembliesLoaded (0ms)
		ExecutionOrderSort2 (0ms)
		AwakeInstancesAfterBackupRestoration (3ms)
Refreshing native plugins compatible for Editor in 0.77 ms, found 2 plugins.
Preloading 0 native plugins for Editor in 0.00 ms.
Unloading 3272 Unused Serialized files (Serialized files now loaded: 0)
Unloading 13 unused Assets / (27.7 KB). Loaded Objects now: 3936.
Memory consumption went from 0.63 GB to 0.63 GB.
Total: 2.953666 ms (FindLiveObjects: 0.137458 ms CreateObjectMapping: 0.042292 ms MarkObjects: 2.725958 ms  DeleteObjects: 0.047125 ms)

Prepare: number of updated asset objects reloaded= 0
AssetImportParameters requested are different than current active one (requested -> active):
  custom:scripting/monoscript/fileName/NavMeshSurface.cs: 34aebd278d8d3d5db6b23265b9c700f9 -> 
  custom:scripting/monoscript/fileName/ObjectAgent.cs: e91ff64fdc0e2c351aa5461de0a543bc -> 
  custom:scripting/precompiled-assembly-types:Unity.AI.Navigation: 5d8fa505e3253b9a2a456e2c28a1afb3 -> 
  custom:container-demuxer-ogg: 62fdf1f143b41e24485cea50d1cbac27 -> 
  custom:scripting/monoscript/fileName/NavMeshModifierVolumeEditor.cs: 262a50135a116189426aa01c964a744c -> 
  custom:scripting/monoscript/fileName/NavigationOverlay.cs: 2744f4e7946ebbb71339c9b1ce538d00 -> 
  custom:scripting/monoscript/fileName/ConverterItemDescriptor.cs: 8182050d34c5cb602eb7913435a7abee -> 
  custom:scripting/monoscript/fileName/BuiltInToNavMeshSurfaceConverterContainer.cs: c40a906f9f99ea8a6c5aaa215767017f -> 
  custom:video-decoder-ogg-theora: a1e56fd34408186e4bbccfd4996cb3dc -> 
  custom:scripting/monoscript/fileName/NavigationWindow.cs: 7884404b71178f59d8819c380b951d7c -> 
  custom:scripting/monoscript/fileName/NavMeshComponentsGUIUtility.cs: 08c52049b94db52661003d42fda4ecff -> 
  custom:scripting/monoscript/fileName/ConverterItemInfo.cs: 9fb131dfa28a9ed6b6d00fd9cf83ece4 -> 
  custom:CustomObjectIndexerAttribute: 9a22284fe3817be447336de3de66b15e -> 
  custom:scripting/monoscript/fileName/NavMeshAssetManager.cs: 79eb4858c2054289cd611249ab36b0a5 -> 
  custom:scripting/monoscript/fileName/NavMeshSurfaceEditor.cs: adb1294e971eab992abc2e3e7e051565 -> 
  custom:container-demuxer-webm: 4f35f7cbe854078d1ac9338744f61a02 -> 
  custom:scripting/monoscript/fileName/NavMeshModifierVolume.cs: 8dc531216c72b86c60b86e16ff3da10b -> 
  custom:scripting/monoscript/fileName/NavMeshUpdaterUtility.cs: 5eb03802e6dba19b3e13aaf384805cac -> 
  custom:scripting/monoscript/fileName/NavigationPreferences.cs: ada9399a4f085d4c824cc06527e7fcae -> 
  custom:scripting/monoscript/fileName/NavMeshUpdaterEditor.cs: 169704080eda430978bba61ddedeb304 -> 
  custom:scripting/precompiled-assembly-types:Unity.AI.Navigation.Editor.ConversionSystem: 27c718e5de2659aeeb663e092dc21158 -> 
  custom:scripting/monoscript/fileName/NavMeshModifierEditor.cs: b8675d28116f43f78881455a7301fe8c -> 
  custom:container-muxer-webm: aa71ff27fc2769a1b78a27578f13a17b -> 
  custom:video-decoder-webm-vp8: 9c59270c3fd7afecdb556c50c9e8de78 -> 
  custom:scripting/precompiled-assembly-types:Unity.AI.Navigation.Editor: 7eaf38f66973fde07200cf372b24130e -> 
  custom:scripting/monoscript/fileName/HelpUrls.cs: c1a90585e3e9c9d25f58f9141655f24f -> 
  custom:scripting/monoscript/fileName/EditorStyles.cs: 86b9f4d8fe570a8d8295bfc466c975cf -> 
  custom:SearchIndexIgnoredProperties: e643bd26f0fe6173181afceb89e7c659 -> 
  custom:scripting/precompiled-assembly-types:Unity.AI.Navigation.Updater: d2095ddf03fd615830d6dacf5841450d -> 
  custom:scripting/monoscript/fileName/NavMeshLinkEditor.cs: aed8ae070d922149bb2ba3de06889ff6 -> 
  custom:AudioImporter_EditorPlatform: 3918e3fc78b5a79bad01e8451be0beb8 -> 
  custom:scripting/monoscript/fileName/NavMeshModifier.cs: 99ae5ed91bb784edc4f8312d7de046da -> 
  custom:scripting/monoscript/fileName/NavMeshSceneConverter.cs: baf486a1c1cdf03a3111dd113d13c2f4 -> 
  custom:scripting/monoscript/fileName/SystemConverterContainer.cs: eb4026ea01a117ce0888f693e9eed2cd -> 
  custom:scripting/monoscript/fileName/NavMeshLink.cs: 0b3d0eeb07ab57d259e8f9365538df09 -> 
  custom:framework-osx-AVFoundation: e770b220cccbd017edd2c1fefb359320 -> 
  custom:scripting/monoscript/fileName/ObsoleteNavigationWindowMenuEntry.cs: c7f73386e6473f401a8e4151cac4e1e5 -> 
  custom:scripting/monoscript/fileName/InitializeConverterContext.cs: a97e19589a5774cdc2a34a28caea355f -> 
  custom:scripting/monoscript/fileName/SystemConverter.cs: c748d1769fc66e95256254a1cc1497f3 -> 
  custom:video-encoder-webm-vp8: eb34c28f22e8b96e1ab97ce403110664 -> 
  custom:audio-decoder-ogg-vorbis: bf7c407c2cedff20999df2af8eb42d56 -> 
  custom:scripting/monoscript/fileName/Models.cs: 72a9bccda329dd678eddccf95c3a65ef -> 
  custom:scripting/monoscript/fileName/RunItemContext.cs: 338b2243183036c2b60f94c1b5e817c5 -> 
  custom:scripting/monoscript/fileName/CoordinatePoller.cs: c9ac2ca40c1a1dc312a717df933e1b50 -> 
  custom:audio-encoder-webm-vorbis: bf7c407c2cedff20999df2af8eb42d56 -> 
  custom:scripting/precompiled-assembly-types:Assembly-CSharp: 97ccbea1209e8cdc087ce337782d8ab2 -> 
  custom:scripting/monoscript/fileName/SystemConvertersEditor.cs: c127c1335f24b77ca70195bf2136c6a2 -> 
========================================================================
Received Prepare
Caller must complete domain reload
Begin MonoManager ReloadAssembly
Thread 0x16b74f000 may have been prematurely finalized
- Loaded All Assemblies, in  0.293 seconds
Native extension for OSXStandalone target not found
Mono: successfully reloaded assembly
- Finished resetting the current domain, in  0.902 seconds
Domain Reload Profiling: 1195ms
	BeginReloadAssembly (114ms)
		ExecutionOrderSort (0ms)
		DisableScriptedObjects (3ms)
		BackupInstance (0ms)
		ReleaseScriptingObjects (0ms)
		CreateAndSetChildDomain (45ms)
	RebuildCommonClasses (23ms)
	RebuildNativeTypeToScriptingClass (8ms)
	initialDomainReloadingComplete (15ms)
	LoadAllAssembliesAndSetupDomain (133ms)
		LoadAssemblies (160ms)
		RebuildTransferFunctionScriptingTraits (0ms)
		AnalyzeDomain (12ms)
			TypeCache.Refresh (7ms)
				TypeCache.ScanAssembly (0ms)
			ScanForSourceGeneratedMonoScriptInfo (0ms)
			ResolveRequiredComponents (4ms)
	FinalizeReload (902ms)
		ReleaseScriptCaches (0ms)
		RebuildScriptCaches (0ms)
		SetupLoadedEditorAssemblies (393ms)
			LogAssemblyErrors (0ms)
			InitializePlatformSupportModulesInManaged (3ms)
			SetLoadedEditorAssemblies (3ms)
			RefreshPlugins (0ms)
			BeforeProcessingInitializeOnLoad (35ms)
			ProcessInitializeOnLoadAttributes (340ms)
			ProcessInitializeOnLoadMethodAttributes (11ms)
			AfterProcessingInitializeOnLoad (1ms)
			EditorAssembliesLoaded (0ms)
		ExecutionOrderSort2 (0ms)
		AwakeInstancesAfterBackupRestoration (3ms)
Refreshing native plugins compatible for Editor in 0.56 ms, found 2 plugins.
Preloading 0 native plugins for Editor in 0.00 ms.
Unloading 3272 Unused Serialized files (Serialized files now loaded: 0)
Unloading 13 unused Assets / (27.8 KB). Loaded Objects now: 3939.
Memory consumption went from 0.64 GB to 0.64 GB.
Total: 3.063292 ms (FindLiveObjects: 0.204917 ms CreateObjectMapping: 0.047750 ms MarkObjects: 2.750083 ms  DeleteObjects: 0.058625 ms)

Prepare: number of updated asset objects reloaded= 0
AssetImportParameters requested are different than current active one (requested -> active):
  custom:scripting/monoscript/fileName/NavMeshSurface.cs: 34aebd278d8d3d5db6b23265b9c700f9 -> 
  custom:scripting/monoscript/fileName/ObjectAgent.cs: e91ff64fdc0e2c351aa5461de0a543bc -> 
  custom:scripting/precompiled-assembly-types:Unity.AI.Navigation: 5d8fa505e3253b9a2a456e2c28a1afb3 -> 
  custom:container-demuxer-ogg: 62fdf1f143b41e24485cea50d1cbac27 -> 
  custom:scripting/monoscript/fileName/NavMeshModifierVolumeEditor.cs: 262a50135a116189426aa01c964a744c -> 
  custom:scripting/monoscript/fileName/NavigationOverlay.cs: 2744f4e7946ebbb71339c9b1ce538d00 -> 
  custom:scripting/monoscript/fileName/ConverterItemDescriptor.cs: 8182050d34c5cb602eb7913435a7abee -> 
  custom:scripting/monoscript/fileName/BuiltInToNavMeshSurfaceConverterContainer.cs: c40a906f9f99ea8a6c5aaa215767017f -> 
  custom:video-decoder-ogg-theora: a1e56fd34408186e4bbccfd4996cb3dc -> 
  custom:scripting/monoscript/fileName/NavigationWindow.cs: 7884404b71178f59d8819c380b951d7c -> 
  custom:scripting/monoscript/fileName/NavMeshComponentsGUIUtility.cs: 08c52049b94db52661003d42fda4ecff -> 
  custom:scripting/monoscript/fileName/ConverterItemInfo.cs: 9fb131dfa28a9ed6b6d00fd9cf83ece4 -> 
  custom:CustomObjectIndexerAttribute: 9a22284fe3817be447336de3de66b15e -> 
  custom:scripting/monoscript/fileName/NavMeshAssetManager.cs: 79eb4858c2054289cd611249ab36b0a5 -> 
  custom:scripting/monoscript/fileName/NavMeshSurfaceEditor.cs: adb1294e971eab992abc2e3e7e051565 -> 
  custom:container-demuxer-webm: 4f35f7cbe854078d1ac9338744f61a02 -> 
  custom:scripting/monoscript/fileName/NavMeshModifierVolume.cs: 8dc531216c72b86c60b86e16ff3da10b -> 
  custom:scripting/monoscript/fileName/NavMeshUpdaterUtility.cs: 5eb03802e6dba19b3e13aaf384805cac -> 
  custom:scripting/monoscript/fileName/NavigationPreferences.cs: ada9399a4f085d4c824cc06527e7fcae -> 
  custom:scripting/monoscript/fileName/NavMeshUpdaterEditor.cs: 169704080eda430978bba61ddedeb304 -> 
  custom:scripting/precompiled-assembly-types:Unity.AI.Navigation.Editor.ConversionSystem: 27c718e5de2659aeeb663e092dc21158 -> 
  custom:scripting/monoscript/fileName/NavMeshModifierEditor.cs: b8675d28116f43f78881455a7301fe8c -> 
  custom:container-muxer-webm: aa71ff27fc2769a1b78a27578f13a17b -> 
  custom:video-decoder-webm-vp8: 9c59270c3fd7afecdb556c50c9e8de78 -> 
  custom:scripting/precompiled-assembly-types:Unity.AI.Navigation.Editor: 7eaf38f66973fde07200cf372b24130e -> 
  custom:scripting/monoscript/fileName/HelpUrls.cs: c1a90585e3e9c9d25f58f9141655f24f -> 
  custom:scripting/monoscript/fileName/EditorStyles.cs: 86b9f4d8fe570a8d8295bfc466c975cf -> 
  custom:SearchIndexIgnoredProperties: e643bd26f0fe6173181afceb89e7c659 -> 
  custom:scripting/precompiled-assembly-types:Unity.AI.Navigation.Updater: d2095ddf03fd615830d6dacf5841450d -> 
  custom:scripting/monoscript/fileName/NavMeshLinkEditor.cs: aed8ae070d922149bb2ba3de06889ff6 -> 
  custom:AudioImporter_EditorPlatform: 3918e3fc78b5a79bad01e8451be0beb8 -> 
  custom:scripting/monoscript/fileName/NavMeshModifier.cs: 99ae5ed91bb784edc4f8312d7de046da -> 
  custom:scripting/monoscript/fileName/NavMeshSceneConverter.cs: baf486a1c1cdf03a3111dd113d13c2f4 -> 
  custom:scripting/monoscript/fileName/SystemConverterContainer.cs: eb4026ea01a117ce0888f693e9eed2cd -> 
  custom:scripting/monoscript/fileName/NavMeshLink.cs: 0b3d0eeb07ab57d259e8f9365538df09 -> 
  custom:framework-osx-AVFoundation: e770b220cccbd017edd2c1fefb359320 -> 
  custom:scripting/monoscript/fileName/ObsoleteNavigationWindowMenuEntry.cs: c7f73386e6473f401a8e4151cac4e1e5 -> 
  custom:scripting/monoscript/fileName/InitializeConverterContext.cs: a97e19589a5774cdc2a34a28caea355f -> 
  custom:scripting/monoscript/fileName/SystemConverter.cs: c748d1769fc66e95256254a1cc1497f3 -> 
  custom:video-encoder-webm-vp8: eb34c28f22e8b96e1ab97ce403110664 -> 
  custom:audio-decoder-ogg-vorbis: bf7c407c2cedff20999df2af8eb42d56 -> 
  custom:scripting/monoscript/fileName/Models.cs: 72a9bccda329dd678eddccf95c3a65ef -> 
  custom:scripting/monoscript/fileName/RunItemContext.cs: 338b2243183036c2b60f94c1b5e817c5 -> 
  custom:scripting/monoscript/fileName/CoordinatePoller.cs: c9ac2ca40c1a1dc312a717df933e1b50 -> 
  custom:audio-encoder-webm-vorbis: bf7c407c2cedff20999df2af8eb42d56 -> 
  custom:scripting/precompiled-assembly-types:Assembly-CSharp: 97ccbea1209e8cdc087ce337782d8ab2 -> 
  custom:scripting/monoscript/fileName/SystemConvertersEditor.cs: c127c1335f24b77ca70195bf2136c6a2 -> 
========================================================================
Received Prepare
Caller must complete domain reload
Begin MonoManager ReloadAssembly
Thread 0x16b14b000 may have been prematurely finalized
- Loaded All Assemblies, in  0.349 seconds
Native extension for OSXStandalone target not found
Mono: successfully reloaded assembly
- Finished resetting the current domain, in  0.872 seconds
Domain Reload Profiling: 1221ms
	BeginReloadAssembly (116ms)
		ExecutionOrderSort (0ms)
		DisableScriptedObjects (3ms)
		BackupInstance (0ms)
		ReleaseScriptingObjects (0ms)
		CreateAndSetChildDomain (51ms)
	RebuildCommonClasses (24ms)
	RebuildNativeTypeToScriptingClass (8ms)
	initialDomainReloadingComplete (16ms)
	LoadAllAssembliesAndSetupDomain (186ms)
		LoadAssemblies (205ms)
		RebuildTransferFunctionScriptingTraits (0ms)
		AnalyzeDomain (18ms)
			TypeCache.Refresh (12ms)
				TypeCache.ScanAssembly (0ms)
			ScanForSourceGeneratedMonoScriptInfo (0ms)
			ResolveRequiredComponents (5ms)
	FinalizeReload (873ms)
		ReleaseScriptCaches (0ms)
		RebuildScriptCaches (0ms)
		SetupLoadedEditorAssemblies (376ms)
			LogAssemblyErrors (0ms)
			InitializePlatformSupportModulesInManaged (3ms)
			SetLoadedEditorAssemblies (3ms)
			RefreshPlugins (0ms)
			BeforeProcessingInitializeOnLoad (34ms)
			ProcessInitializeOnLoadAttributes (322ms)
			ProcessInitializeOnLoadMethodAttributes (13ms)
			AfterProcessingInitializeOnLoad (1ms)
			EditorAssembliesLoaded (0ms)
		ExecutionOrderSort2 (0ms)
		AwakeInstancesAfterBackupRestoration (3ms)
Refreshing native plugins compatible for Editor in 0.69 ms, found 2 plugins.
Preloading 0 native plugins for Editor in 0.00 ms.
Unloading 3272 Unused Serialized files (Serialized files now loaded: 0)
Unloading 13 unused Assets / (27.7 KB). Loaded Objects now: 3942.
Memory consumption went from 0.65 GB to 0.65 GB.
Total: 2.971208 ms (FindLiveObjects: 0.204417 ms CreateObjectMapping: 0.063958 ms MarkObjects: 2.658709 ms  DeleteObjects: 0.043500 ms)

Prepare: number of updated asset objects reloaded= 0
AssetImportParameters requested are different than current active one (requested -> active):
  custom:scripting/monoscript/fileName/NavMeshSurface.cs: 34aebd278d8d3d5db6b23265b9c700f9 -> 
  custom:scripting/monoscript/fileName/ObjectAgent.cs: e91ff64fdc0e2c351aa5461de0a543bc -> 
  custom:scripting/precompiled-assembly-types:Unity.AI.Navigation: 5d8fa505e3253b9a2a456e2c28a1afb3 -> 
  custom:container-demuxer-ogg: 62fdf1f143b41e24485cea50d1cbac27 -> 
  custom:scripting/monoscript/fileName/NavMeshModifierVolumeEditor.cs: 262a50135a116189426aa01c964a744c -> 
  custom:scripting/monoscript/fileName/NavigationOverlay.cs: 2744f4e7946ebbb71339c9b1ce538d00 -> 
  custom:scripting/monoscript/fileName/ConverterItemDescriptor.cs: 8182050d34c5cb602eb7913435a7abee -> 
  custom:scripting/monoscript/fileName/BuiltInToNavMeshSurfaceConverterContainer.cs: c40a906f9f99ea8a6c5aaa215767017f -> 
  custom:video-decoder-ogg-theora: a1e56fd34408186e4bbccfd4996cb3dc -> 
  custom:scripting/monoscript/fileName/NavigationWindow.cs: 7884404b71178f59d8819c380b951d7c -> 
  custom:scripting/monoscript/fileName/NavMeshComponentsGUIUtility.cs: 08c52049b94db52661003d42fda4ecff -> 
  custom:scripting/monoscript/fileName/ConverterItemInfo.cs: 9fb131dfa28a9ed6b6d00fd9cf83ece4 -> 
  custom:CustomObjectIndexerAttribute: 9a22284fe3817be447336de3de66b15e -> 
  custom:scripting/monoscript/fileName/NavMeshAssetManager.cs: 79eb4858c2054289cd611249ab36b0a5 -> 
  custom:scripting/monoscript/fileName/NavMeshSurfaceEditor.cs: adb1294e971eab992abc2e3e7e051565 -> 
  custom:container-demuxer-webm: 4f35f7cbe854078d1ac9338744f61a02 -> 
  custom:scripting/monoscript/fileName/NavMeshModifierVolume.cs: 8dc531216c72b86c60b86e16ff3da10b -> 
  custom:scripting/monoscript/fileName/NavMeshUpdaterUtility.cs: 5eb03802e6dba19b3e13aaf384805cac -> 
  custom:scripting/monoscript/fileName/NavigationPreferences.cs: ada9399a4f085d4c824cc06527e7fcae -> 
  custom:scripting/monoscript/fileName/NavMeshUpdaterEditor.cs: 169704080eda430978bba61ddedeb304 -> 
  custom:scripting/precompiled-assembly-types:Unity.AI.Navigation.Editor.ConversionSystem: 27c718e5de2659aeeb663e092dc21158 -> 
  custom:scripting/monoscript/fileName/NavMeshModifierEditor.cs: b8675d28116f43f78881455a7301fe8c -> 
  custom:container-muxer-webm: aa71ff27fc2769a1b78a27578f13a17b -> 
  custom:video-decoder-webm-vp8: 9c59270c3fd7afecdb556c50c9e8de78 -> 
  custom:scripting/precompiled-assembly-types:Unity.AI.Navigation.Editor: 7eaf38f66973fde07200cf372b24130e -> 
  custom:scripting/monoscript/fileName/HelpUrls.cs: c1a90585e3e9c9d25f58f9141655f24f -> 
  custom:scripting/monoscript/fileName/EditorStyles.cs: 86b9f4d8fe570a8d8295bfc466c975cf -> 
  custom:SearchIndexIgnoredProperties: e643bd26f0fe6173181afceb89e7c659 -> 
  custom:scripting/precompiled-assembly-types:Unity.AI.Navigation.Updater: d2095ddf03fd615830d6dacf5841450d -> 
  custom:scripting/monoscript/fileName/NavMeshLinkEditor.cs: aed8ae070d922149bb2ba3de06889ff6 -> 
  custom:AudioImporter_EditorPlatform: 3918e3fc78b5a79bad01e8451be0beb8 -> 
  custom:scripting/monoscript/fileName/NavMeshModifier.cs: 99ae5ed91bb784edc4f8312d7de046da -> 
  custom:scripting/monoscript/fileName/NavMeshSceneConverter.cs: baf486a1c1cdf03a3111dd113d13c2f4 -> 
  custom:scripting/monoscript/fileName/SystemConverterContainer.cs: eb4026ea01a117ce0888f693e9eed2cd -> 
  custom:scripting/monoscript/fileName/NavMeshLink.cs: 0b3d0eeb07ab57d259e8f9365538df09 -> 
  custom:framework-osx-AVFoundation: e770b220cccbd017edd2c1fefb359320 -> 
  custom:scripting/monoscript/fileName/ObsoleteNavigationWindowMenuEntry.cs: c7f73386e6473f401a8e4151cac4e1e5 -> 
  custom:scripting/monoscript/fileName/InitializeConverterContext.cs: a97e19589a5774cdc2a34a28caea355f -> 
  custom:scripting/monoscript/fileName/SystemConverter.cs: c748d1769fc66e95256254a1cc1497f3 -> 
  custom:video-encoder-webm-vp8: eb34c28f22e8b96e1ab97ce403110664 -> 
  custom:audio-decoder-ogg-vorbis: bf7c407c2cedff20999df2af8eb42d56 -> 
  custom:scripting/monoscript/fileName/Models.cs: 72a9bccda329dd678eddccf95c3a65ef -> 
  custom:scripting/monoscript/fileName/RunItemContext.cs: 338b2243183036c2b60f94c1b5e817c5 -> 
  custom:scripting/monoscript/fileName/CoordinatePoller.cs: c9ac2ca40c1a1dc312a717df933e1b50 -> 
  custom:audio-encoder-webm-vorbis: bf7c407c2cedff20999df2af8eb42d56 -> 
  custom:scripting/precompiled-assembly-types:Assembly-CSharp: 97ccbea1209e8cdc087ce337782d8ab2 -> 
  custom:scripting/monoscript/fileName/SystemConvertersEditor.cs: c127c1335f24b77ca70195bf2136c6a2 -> 
========================================================================
Received Prepare
Caller must complete domain reload
Begin MonoManager ReloadAssembly
Thread 0x16b14b000 may have been prematurely finalized
- Loaded All Assemblies, in  0.340 seconds
Native extension for OSXStandalone target not found
Mono: successfully reloaded assembly
- Finished resetting the current domain, in  0.884 seconds
Domain Reload Profiling: 1224ms
	BeginReloadAssembly (113ms)
		ExecutionOrderSort (0ms)
		DisableScriptedObjects (7ms)
		BackupInstance (0ms)
		ReleaseScriptingObjects (0ms)
		CreateAndSetChildDomain (42ms)
	RebuildCommonClasses (25ms)
	RebuildNativeTypeToScriptingClass (9ms)
	initialDomainReloadingComplete (22ms)
	LoadAllAssembliesAndSetupDomain (171ms)
		LoadAssemblies (194ms)
		RebuildTransferFunctionScriptingTraits (0ms)
		AnalyzeDomain (18ms)
			TypeCache.Refresh (13ms)
				TypeCache.ScanAssembly (0ms)
			ScanForSourceGeneratedMonoScriptInfo (0ms)
			ResolveRequiredComponents (5ms)
	FinalizeReload (884ms)
		ReleaseScriptCaches (0ms)
		RebuildScriptCaches (0ms)
		SetupLoadedEditorAssemblies (390ms)
			LogAssemblyErrors (0ms)
			InitializePlatformSupportModulesInManaged (3ms)
			SetLoadedEditorAssemblies (3ms)
			RefreshPlugins (0ms)
			BeforeProcessingInitializeOnLoad (36ms)
			ProcessInitializeOnLoadAttributes (335ms)
			ProcessInitializeOnLoadMethodAttributes (11ms)
			AfterProcessingInitializeOnLoad (1ms)
			EditorAssembliesLoaded (0ms)
		ExecutionOrderSort2 (0ms)
		AwakeInstancesAfterBackupRestoration (3ms)
Refreshing native plugins compatible for Editor in 0.84 ms, found 2 plugins.
Preloading 0 native plugins for Editor in 0.00 ms.
Unloading 3272 Unused Serialized files (Serialized files now loaded: 0)
Unloading 13 unused Assets / (27.7 KB). Loaded Objects now: 3945.
Memory consumption went from 0.66 GB to 0.66 GB.
Total: 2.992875 ms (FindLiveObjects: 0.148417 ms CreateObjectMapping: 0.041291 ms MarkObjects: 2.756959 ms  DeleteObjects: 0.045750 ms)

Prepare: number of updated asset objects reloaded= 0
AssetImportParameters requested are different than current active one (requested -> active):
  custom:scripting/monoscript/fileName/NavMeshSurface.cs: 34aebd278d8d3d5db6b23265b9c700f9 -> 
  custom:scripting/monoscript/fileName/ObjectAgent.cs: e91ff64fdc0e2c351aa5461de0a543bc -> 
  custom:scripting/precompiled-assembly-types:Unity.AI.Navigation: 5d8fa505e3253b9a2a456e2c28a1afb3 -> 
  custom:container-demuxer-ogg: 62fdf1f143b41e24485cea50d1cbac27 -> 
  custom:scripting/monoscript/fileName/NavMeshModifierVolumeEditor.cs: 262a50135a116189426aa01c964a744c -> 
  custom:scripting/monoscript/fileName/NavigationOverlay.cs: 2744f4e7946ebbb71339c9b1ce538d00 -> 
  custom:scripting/monoscript/fileName/ConverterItemDescriptor.cs: 8182050d34c5cb602eb7913435a7abee -> 
  custom:scripting/monoscript/fileName/BuiltInToNavMeshSurfaceConverterContainer.cs: c40a906f9f99ea8a6c5aaa215767017f -> 
  custom:video-decoder-ogg-theora: a1e56fd34408186e4bbccfd4996cb3dc -> 
  custom:scripting/monoscript/fileName/NavigationWindow.cs: 7884404b71178f59d8819c380b951d7c -> 
  custom:scripting/monoscript/fileName/NavMeshComponentsGUIUtility.cs: 08c52049b94db52661003d42fda4ecff -> 
  custom:scripting/monoscript/fileName/ConverterItemInfo.cs: 9fb131dfa28a9ed6b6d00fd9cf83ece4 -> 
  custom:CustomObjectIndexerAttribute: 9a22284fe3817be447336de3de66b15e -> 
  custom:scripting/monoscript/fileName/NavMeshAssetManager.cs: 79eb4858c2054289cd611249ab36b0a5 -> 
  custom:scripting/monoscript/fileName/NavMeshSurfaceEditor.cs: adb1294e971eab992abc2e3e7e051565 -> 
  custom:container-demuxer-webm: 4f35f7cbe854078d1ac9338744f61a02 -> 
  custom:scripting/monoscript/fileName/NavMeshModifierVolume.cs: 8dc531216c72b86c60b86e16ff3da10b -> 
  custom:scripting/monoscript/fileName/NavMeshUpdaterUtility.cs: 5eb03802e6dba19b3e13aaf384805cac -> 
  custom:scripting/monoscript/fileName/NavigationPreferences.cs: ada9399a4f085d4c824cc06527e7fcae -> 
  custom:scripting/monoscript/fileName/NavMeshUpdaterEditor.cs: 169704080eda430978bba61ddedeb304 -> 
  custom:scripting/precompiled-assembly-types:Unity.AI.Navigation.Editor.ConversionSystem: 27c718e5de2659aeeb663e092dc21158 -> 
  custom:scripting/monoscript/fileName/NavMeshModifierEditor.cs: b8675d28116f43f78881455a7301fe8c -> 
  custom:container-muxer-webm: aa71ff27fc2769a1b78a27578f13a17b -> 
  custom:video-decoder-webm-vp8: 9c59270c3fd7afecdb556c50c9e8de78 -> 
  custom:scripting/precompiled-assembly-types:Unity.AI.Navigation.Editor: 7eaf38f66973fde07200cf372b24130e -> 
  custom:scripting/monoscript/fileName/HelpUrls.cs: c1a90585e3e9c9d25f58f9141655f24f -> 
  custom:scripting/monoscript/fileName/EditorStyles.cs: 86b9f4d8fe570a8d8295bfc466c975cf -> 
  custom:SearchIndexIgnoredProperties: e643bd26f0fe6173181afceb89e7c659 -> 
  custom:scripting/precompiled-assembly-types:Unity.AI.Navigation.Updater: d2095ddf03fd615830d6dacf5841450d -> 
  custom:scripting/monoscript/fileName/NavMeshLinkEditor.cs: aed8ae070d922149bb2ba3de06889ff6 -> 
  custom:AudioImporter_EditorPlatform: 3918e3fc78b5a79bad01e8451be0beb8 -> 
  custom:scripting/monoscript/fileName/NavMeshModifier.cs: 99ae5ed91bb784edc4f8312d7de046da -> 
  custom:scripting/monoscript/fileName/NavMeshSceneConverter.cs: baf486a1c1cdf03a3111dd113d13c2f4 -> 
  custom:scripting/monoscript/fileName/SystemConverterContainer.cs: eb4026ea01a117ce0888f693e9eed2cd -> 
  custom:scripting/monoscript/fileName/NavMeshLink.cs: 0b3d0eeb07ab57d259e8f9365538df09 -> 
  custom:framework-osx-AVFoundation: e770b220cccbd017edd2c1fefb359320 -> 
  custom:scripting/monoscript/fileName/ObsoleteNavigationWindowMenuEntry.cs: c7f73386e6473f401a8e4151cac4e1e5 -> 
  custom:scripting/monoscript/fileName/InitializeConverterContext.cs: a97e19589a5774cdc2a34a28caea355f -> 
  custom:scripting/monoscript/fileName/SystemConverter.cs: c748d1769fc66e95256254a1cc1497f3 -> 
  custom:video-encoder-webm-vp8: eb34c28f22e8b96e1ab97ce403110664 -> 
  custom:audio-decoder-ogg-vorbis: bf7c407c2cedff20999df2af8eb42d56 -> 
  custom:scripting/monoscript/fileName/Models.cs: 72a9bccda329dd678eddccf95c3a65ef -> 
  custom:scripting/monoscript/fileName/RunItemContext.cs: 338b2243183036c2b60f94c1b5e817c5 -> 
  custom:scripting/monoscript/fileName/CoordinatePoller.cs: c9ac2ca40c1a1dc312a717df933e1b50 -> 
  custom:audio-encoder-webm-vorbis: bf7c407c2cedff20999df2af8eb42d56 -> 
  custom:scripting/precompiled-assembly-types:Assembly-CSharp: 97ccbea1209e8cdc087ce337782d8ab2 -> 
  custom:scripting/monoscript/fileName/SystemConvertersEditor.cs: c127c1335f24b77ca70195bf2136c6a2 -> 
========================================================================
Received Prepare
Caller must complete domain reload
Begin MonoManager ReloadAssembly
Thread 0x16b14b000 may have been prematurely finalized
- Loaded All Assemblies, in  0.513 seconds
Native extension for OSXStandalone target not found
Mono: successfully reloaded assembly
- Finished resetting the current domain, in  0.823 seconds
Domain Reload Profiling: 1336ms
	BeginReloadAssembly (186ms)
		ExecutionOrderSort (0ms)
		DisableScriptedObjects (8ms)
		BackupInstance (0ms)
		ReleaseScriptingObjects (0ms)
		CreateAndSetChildDomain (65ms)
	RebuildCommonClasses (29ms)
	RebuildNativeTypeToScriptingClass (8ms)
	initialDomainReloadingComplete (29ms)
	LoadAllAssembliesAndSetupDomain (261ms)
		LoadAssemblies (297ms)
		RebuildTransferFunctionScriptingTraits (0ms)
		AnalyzeDomain (38ms)
			TypeCache.Refresh (21ms)
				TypeCache.ScanAssembly (0ms)
			ScanForSourceGeneratedMonoScriptInfo (11ms)
			ResolveRequiredComponents (6ms)
	FinalizeReload (823ms)
		ReleaseScriptCaches (0ms)
		RebuildScriptCaches (0ms)
		SetupLoadedEditorAssemblies (346ms)
			LogAssemblyErrors (0ms)
			InitializePlatformSupportModulesInManaged (3ms)
			SetLoadedEditorAssemblies (3ms)
			RefreshPlugins (0ms)
			BeforeProcessingInitializeOnLoad (34ms)
			ProcessInitializeOnLoadAttributes (294ms)
			ProcessInitializeOnLoadMethodAttributes (10ms)
			AfterProcessingInitializeOnLoad (1ms)
			EditorAssembliesLoaded (0ms)
		ExecutionOrderSort2 (0ms)
		AwakeInstancesAfterBackupRestoration (2ms)
Refreshing native plugins compatible for Editor in 0.66 ms, found 2 plugins.
Preloading 0 native plugins for Editor in 0.00 ms.
Unloading 3272 Unused Serialized files (Serialized files now loaded: 0)
Unloading 13 unused Assets / (27.7 KB). Loaded Objects now: 3948.
Memory consumption went from 0.67 GB to 0.67 GB.
Total: 2.733667 ms (FindLiveObjects: 0.143458 ms CreateObjectMapping: 0.043542 ms MarkObjects: 2.511458 ms  DeleteObjects: 0.034667 ms)

Prepare: number of updated asset objects reloaded= 0
AssetImportParameters requested are different than current active one (requested -> active):
  custom:scripting/monoscript/fileName/NavMeshSurface.cs: 34aebd278d8d3d5db6b23265b9c700f9 -> 
  custom:scripting/monoscript/fileName/ObjectAgent.cs: e91ff64fdc0e2c351aa5461de0a543bc -> 
  custom:scripting/precompiled-assembly-types:Unity.AI.Navigation: 5d8fa505e3253b9a2a456e2c28a1afb3 -> 
  custom:container-demuxer-ogg: 62fdf1f143b41e24485cea50d1cbac27 -> 
  custom:scripting/monoscript/fileName/NavMeshModifierVolumeEditor.cs: 262a50135a116189426aa01c964a744c -> 
  custom:scripting/monoscript/fileName/NavigationOverlay.cs: 2744f4e7946ebbb71339c9b1ce538d00 -> 
  custom:scripting/monoscript/fileName/ConverterItemDescriptor.cs: 8182050d34c5cb602eb7913435a7abee -> 
  custom:scripting/monoscript/fileName/BuiltInToNavMeshSurfaceConverterContainer.cs: c40a906f9f99ea8a6c5aaa215767017f -> 
  custom:video-decoder-ogg-theora: a1e56fd34408186e4bbccfd4996cb3dc -> 
  custom:scripting/monoscript/fileName/NavigationWindow.cs: 7884404b71178f59d8819c380b951d7c -> 
  custom:scripting/monoscript/fileName/NavMeshComponentsGUIUtility.cs: 08c52049b94db52661003d42fda4ecff -> 
  custom:scripting/monoscript/fileName/ConverterItemInfo.cs: 9fb131dfa28a9ed6b6d00fd9cf83ece4 -> 
  custom:CustomObjectIndexerAttribute: 9a22284fe3817be447336de3de66b15e -> 
  custom:scripting/monoscript/fileName/NavMeshAssetManager.cs: 79eb4858c2054289cd611249ab36b0a5 -> 
  custom:scripting/monoscript/fileName/NavMeshSurfaceEditor.cs: adb1294e971eab992abc2e3e7e051565 -> 
  custom:container-demuxer-webm: 4f35f7cbe854078d1ac9338744f61a02 -> 
  custom:scripting/monoscript/fileName/NavMeshModifierVolume.cs: 8dc531216c72b86c60b86e16ff3da10b -> 
  custom:scripting/monoscript/fileName/NavMeshUpdaterUtility.cs: 5eb03802e6dba19b3e13aaf384805cac -> 
  custom:scripting/monoscript/fileName/NavigationPreferences.cs: ada9399a4f085d4c824cc06527e7fcae -> 
  custom:scripting/monoscript/fileName/NavMeshUpdaterEditor.cs: 169704080eda430978bba61ddedeb304 -> 
  custom:scripting/precompiled-assembly-types:Unity.AI.Navigation.Editor.ConversionSystem: 27c718e5de2659aeeb663e092dc21158 -> 
  custom:scripting/monoscript/fileName/NavMeshModifierEditor.cs: b8675d28116f43f78881455a7301fe8c -> 
  custom:container-muxer-webm: aa71ff27fc2769a1b78a27578f13a17b -> 
  custom:video-decoder-webm-vp8: 9c59270c3fd7afecdb556c50c9e8de78 -> 
  custom:scripting/precompiled-assembly-types:Unity.AI.Navigation.Editor: 7eaf38f66973fde07200cf372b24130e -> 
  custom:scripting/monoscript/fileName/HelpUrls.cs: c1a90585e3e9c9d25f58f9141655f24f -> 
  custom:scripting/monoscript/fileName/EditorStyles.cs: 86b9f4d8fe570a8d8295bfc466c975cf -> 
  custom:SearchIndexIgnoredProperties: e643bd26f0fe6173181afceb89e7c659 -> 
  custom:scripting/precompiled-assembly-types:Unity.AI.Navigation.Updater: d2095ddf03fd615830d6dacf5841450d -> 
  custom:scripting/monoscript/fileName/NavMeshLinkEditor.cs: aed8ae070d922149bb2ba3de06889ff6 -> 
  custom:AudioImporter_EditorPlatform: 3918e3fc78b5a79bad01e8451be0beb8 -> 
  custom:scripting/monoscript/fileName/NavMeshModifier.cs: 99ae5ed91bb784edc4f8312d7de046da -> 
  custom:scripting/monoscript/fileName/NavMeshSceneConverter.cs: baf486a1c1cdf03a3111dd113d13c2f4 -> 
  custom:scripting/monoscript/fileName/SystemConverterContainer.cs: eb4026ea01a117ce0888f693e9eed2cd -> 
  custom:scripting/monoscript/fileName/NavMeshLink.cs: 0b3d0eeb07ab57d259e8f9365538df09 -> 
  custom:framework-osx-AVFoundation: e770b220cccbd017edd2c1fefb359320 -> 
  custom:scripting/monoscript/fileName/ObsoleteNavigationWindowMenuEntry.cs: c7f73386e6473f401a8e4151cac4e1e5 -> 
  custom:scripting/monoscript/fileName/InitializeConverterContext.cs: a97e19589a5774cdc2a34a28caea355f -> 
  custom:scripting/monoscript/fileName/SystemConverter.cs: c748d1769fc66e95256254a1cc1497f3 -> 
  custom:video-encoder-webm-vp8: eb34c28f22e8b96e1ab97ce403110664 -> 
  custom:audio-decoder-ogg-vorbis: bf7c407c2cedff20999df2af8eb42d56 -> 
  custom:scripting/monoscript/fileName/Models.cs: 72a9bccda329dd678eddccf95c3a65ef -> 
  custom:scripting/monoscript/fileName/RunItemContext.cs: 338b2243183036c2b60f94c1b5e817c5 -> 
  custom:scripting/monoscript/fileName/CoordinatePoller.cs: c9ac2ca40c1a1dc312a717df933e1b50 -> 
  custom:audio-encoder-webm-vorbis: bf7c407c2cedff20999df2af8eb42d56 -> 
  custom:scripting/precompiled-assembly-types:Assembly-CSharp: 9e1db5b905b057d25667eb5c717acbf9 -> 
  custom:scripting/monoscript/fileName/SystemConvertersEditor.cs: c127c1335f24b77ca70195bf2136c6a2 -> 
========================================================================
Received Prepare
Caller must complete domain reload
Begin MonoManager ReloadAssembly
Thread 0x16b14b000 may have been prematurely finalized
- Loaded All Assemblies, in  0.354 seconds
Native extension for OSXStandalone target not found
Mono: successfully reloaded assembly
- Finished resetting the current domain, in  0.885 seconds
Domain Reload Profiling: 1239ms
	BeginReloadAssembly (131ms)
		ExecutionOrderSort (0ms)
		DisableScriptedObjects (11ms)
		BackupInstance (0ms)
		ReleaseScriptingObjects (0ms)
		CreateAndSetChildDomain (47ms)
	RebuildCommonClasses (24ms)
	RebuildNativeTypeToScriptingClass (8ms)
	initialDomainReloadingComplete (19ms)
	LoadAllAssembliesAndSetupDomain (172ms)
		LoadAssemblies (193ms)
		RebuildTransferFunctionScriptingTraits (0ms)
		AnalyzeDomain (18ms)
			TypeCache.Refresh (13ms)
				TypeCache.ScanAssembly (0ms)
			ScanForSourceGeneratedMonoScriptInfo (0ms)
			ResolveRequiredComponents (4ms)
	FinalizeReload (885ms)
		ReleaseScriptCaches (0ms)
		RebuildScriptCaches (0ms)
		SetupLoadedEditorAssemblies (390ms)
			LogAssemblyErrors (0ms)
			InitializePlatformSupportModulesInManaged (4ms)
			SetLoadedEditorAssemblies (4ms)
			RefreshPlugins (0ms)
			BeforeProcessingInitializeOnLoad (36ms)
			ProcessInitializeOnLoadAttributes (333ms)
			ProcessInitializeOnLoadMethodAttributes (12ms)
			AfterProcessingInitializeOnLoad (1ms)
			EditorAssembliesLoaded (0ms)
		ExecutionOrderSort2 (0ms)
		AwakeInstancesAfterBackupRestoration (3ms)
Refreshing native plugins compatible for Editor in 0.79 ms, found 2 plugins.
Preloading 0 native plugins for Editor in 0.00 ms.
Unloading 3272 Unused Serialized files (Serialized files now loaded: 0)
Unloading 13 unused Assets / (27.7 KB). Loaded Objects now: 3951.
Memory consumption went from 0.67 GB to 0.67 GB.
Total: 3.492583 ms (FindLiveObjects: 0.147292 ms CreateObjectMapping: 0.042958 ms MarkObjects: 3.235125 ms  DeleteObjects: 0.066500 ms)

Prepare: number of updated asset objects reloaded= 0
AssetImportParameters requested are different than current active one (requested -> active):
  custom:scripting/monoscript/fileName/NavMeshSurface.cs: 34aebd278d8d3d5db6b23265b9c700f9 -> 
  custom:scripting/monoscript/fileName/ObjectAgent.cs: e91ff64fdc0e2c351aa5461de0a543bc -> 
  custom:scripting/precompiled-assembly-types:Unity.AI.Navigation: 5d8fa505e3253b9a2a456e2c28a1afb3 -> 
  custom:container-demuxer-ogg: 62fdf1f143b41e24485cea50d1cbac27 -> 
  custom:scripting/monoscript/fileName/NavMeshModifierVolumeEditor.cs: 262a50135a116189426aa01c964a744c -> 
  custom:scripting/monoscript/fileName/NavigationOverlay.cs: 2744f4e7946ebbb71339c9b1ce538d00 -> 
  custom:scripting/monoscript/fileName/ConverterItemDescriptor.cs: 8182050d34c5cb602eb7913435a7abee -> 
  custom:scripting/monoscript/fileName/BuiltInToNavMeshSurfaceConverterContainer.cs: c40a906f9f99ea8a6c5aaa215767017f -> 
  custom:video-decoder-ogg-theora: a1e56fd34408186e4bbccfd4996cb3dc -> 
  custom:scripting/monoscript/fileName/NavigationWindow.cs: 7884404b71178f59d8819c380b951d7c -> 
  custom:scripting/monoscript/fileName/NavMeshComponentsGUIUtility.cs: 08c52049b94db52661003d42fda4ecff -> 
  custom:scripting/monoscript/fileName/ConverterItemInfo.cs: 9fb131dfa28a9ed6b6d00fd9cf83ece4 -> 
  custom:CustomObjectIndexerAttribute: 9a22284fe3817be447336de3de66b15e -> 
  custom:scripting/monoscript/fileName/NavMeshAssetManager.cs: 79eb4858c2054289cd611249ab36b0a5 -> 
  custom:scripting/monoscript/fileName/NavMeshSurfaceEditor.cs: adb1294e971eab992abc2e3e7e051565 -> 
  custom:container-demuxer-webm: 4f35f7cbe854078d1ac9338744f61a02 -> 
  custom:scripting/monoscript/fileName/NavMeshModifierVolume.cs: 8dc531216c72b86c60b86e16ff3da10b -> 
  custom:scripting/monoscript/fileName/NavMeshUpdaterUtility.cs: 5eb03802e6dba19b3e13aaf384805cac -> 
  custom:scripting/monoscript/fileName/NavigationPreferences.cs: ada9399a4f085d4c824cc06527e7fcae -> 
  custom:scripting/monoscript/fileName/NavMeshUpdaterEditor.cs: 169704080eda430978bba61ddedeb304 -> 
  custom:scripting/precompiled-assembly-types:Unity.AI.Navigation.Editor.ConversionSystem: 27c718e5de2659aeeb663e092dc21158 -> 
  custom:scripting/monoscript/fileName/NavMeshModifierEditor.cs: b8675d28116f43f78881455a7301fe8c -> 
  custom:container-muxer-webm: aa71ff27fc2769a1b78a27578f13a17b -> 
  custom:video-decoder-webm-vp8: 9c59270c3fd7afecdb556c50c9e8de78 -> 
  custom:scripting/precompiled-assembly-types:Unity.AI.Navigation.Editor: 7eaf38f66973fde07200cf372b24130e -> 
  custom:scripting/monoscript/fileName/HelpUrls.cs: c1a90585e3e9c9d25f58f9141655f24f -> 
  custom:scripting/monoscript/fileName/EditorStyles.cs: 86b9f4d8fe570a8d8295bfc466c975cf -> 
  custom:SearchIndexIgnoredProperties: e643bd26f0fe6173181afceb89e7c659 -> 
  custom:scripting/precompiled-assembly-types:Unity.AI.Navigation.Updater: d2095ddf03fd615830d6dacf5841450d -> 
  custom:scripting/monoscript/fileName/NavMeshLinkEditor.cs: aed8ae070d922149bb2ba3de06889ff6 -> 
  custom:AudioImporter_EditorPlatform: 3918e3fc78b5a79bad01e8451be0beb8 -> 
  custom:scripting/monoscript/fileName/NavMeshModifier.cs: 99ae5ed91bb784edc4f8312d7de046da -> 
  custom:scripting/monoscript/fileName/NavMeshSceneConverter.cs: baf486a1c1cdf03a3111dd113d13c2f4 -> 
  custom:scripting/monoscript/fileName/SystemConverterContainer.cs: eb4026ea01a117ce0888f693e9eed2cd -> 
  custom:scripting/monoscript/fileName/NavMeshLink.cs: 0b3d0eeb07ab57d259e8f9365538df09 -> 
  custom:framework-osx-AVFoundation: e770b220cccbd017edd2c1fefb359320 -> 
  custom:scripting/monoscript/fileName/ObsoleteNavigationWindowMenuEntry.cs: c7f73386e6473f401a8e4151cac4e1e5 -> 
  custom:scripting/monoscript/fileName/InitializeConverterContext.cs: a97e19589a5774cdc2a34a28caea355f -> 
  custom:scripting/monoscript/fileName/SystemConverter.cs: c748d1769fc66e95256254a1cc1497f3 -> 
  custom:video-encoder-webm-vp8: eb34c28f22e8b96e1ab97ce403110664 -> 
  custom:audio-decoder-ogg-vorbis: bf7c407c2cedff20999df2af8eb42d56 -> 
  custom:scripting/monoscript/fileName/Models.cs: 72a9bccda329dd678eddccf95c3a65ef -> 
  custom:scripting/monoscript/fileName/RunItemContext.cs: 338b2243183036c2b60f94c1b5e817c5 -> 
  custom:scripting/monoscript/fileName/CoordinatePoller.cs: c9ac2ca40c1a1dc312a717df933e1b50 -> 
  custom:audio-encoder-webm-vorbis: bf7c407c2cedff20999df2af8eb42d56 -> 
  custom:scripting/precompiled-assembly-types:Assembly-CSharp: 9e1db5b905b057d25667eb5c717acbf9 -> 
  custom:scripting/monoscript/fileName/SystemConvertersEditor.cs: c127c1335f24b77ca70195bf2136c6a2 -> 
========================================================================
Received Prepare
Caller must complete domain reload
Begin MonoManager ReloadAssembly
Thread 0x16b14b000 may have been prematurely finalized
- Loaded All Assemblies, in  0.402 seconds
Native extension for OSXStandalone target not found
Mono: successfully reloaded assembly
- Finished resetting the current domain, in  1.033 seconds
Domain Reload Profiling: 1436ms
	BeginReloadAssembly (128ms)
		ExecutionOrderSort (0ms)
		DisableScriptedObjects (4ms)
		BackupInstance (0ms)
		ReleaseScriptingObjects (0ms)
		CreateAndSetChildDomain (49ms)
	RebuildCommonClasses (24ms)
	RebuildNativeTypeToScriptingClass (9ms)
	initialDomainReloadingComplete (19ms)
	LoadAllAssembliesAndSetupDomain (223ms)
		LoadAssemblies (242ms)
		RebuildTransferFunctionScriptingTraits (0ms)
		AnalyzeDomain (18ms)
			TypeCache.Refresh (13ms)
				TypeCache.ScanAssembly (0ms)
			ScanForSourceGeneratedMonoScriptInfo (0ms)
			ResolveRequiredComponents (4ms)
	FinalizeReload (1034ms)
		ReleaseScriptCaches (0ms)
		RebuildScriptCaches (0ms)
		SetupLoadedEditorAssemblies (418ms)
			LogAssemblyErrors (0ms)
			InitializePlatformSupportModulesInManaged (5ms)
			SetLoadedEditorAssemblies (6ms)
			RefreshPlugins (0ms)
			BeforeProcessingInitializeOnLoad (46ms)
			ProcessInitializeOnLoadAttributes (347ms)
			ProcessInitializeOnLoadMethodAttributes (12ms)
			AfterProcessingInitializeOnLoad (1ms)
			EditorAssembliesLoaded (0ms)
		ExecutionOrderSort2 (0ms)
		AwakeInstancesAfterBackupRestoration (3ms)
Refreshing native plugins compatible for Editor in 0.64 ms, found 2 plugins.
Preloading 0 native plugins for Editor in 0.00 ms.
Unloading 3272 Unused Serialized files (Serialized files now loaded: 0)
Unloading 13 unused Assets / (27.7 KB). Loaded Objects now: 3954.
Memory consumption went from 0.68 GB to 0.68 GB.
Total: 3.140042 ms (FindLiveObjects: 0.199000 ms CreateObjectMapping: 0.047042 ms MarkObjects: 2.853916 ms  DeleteObjects: 0.039167 ms)

Prepare: number of updated asset objects reloaded= 0
AssetImportParameters requested are different than current active one (requested -> active):
  custom:scripting/monoscript/fileName/NavMeshSurface.cs: 34aebd278d8d3d5db6b23265b9c700f9 -> 
  custom:scripting/monoscript/fileName/ObjectAgent.cs: e91ff64fdc0e2c351aa5461de0a543bc -> 
  custom:scripting/precompiled-assembly-types:Unity.AI.Navigation: 5d8fa505e3253b9a2a456e2c28a1afb3 -> 
  custom:container-demuxer-ogg: 62fdf1f143b41e24485cea50d1cbac27 -> 
  custom:scripting/monoscript/fileName/NavMeshModifierVolumeEditor.cs: 262a50135a116189426aa01c964a744c -> 
  custom:scripting/monoscript/fileName/NavigationOverlay.cs: 2744f4e7946ebbb71339c9b1ce538d00 -> 
  custom:scripting/monoscript/fileName/ConverterItemDescriptor.cs: 8182050d34c5cb602eb7913435a7abee -> 
  custom:scripting/monoscript/fileName/BuiltInToNavMeshSurfaceConverterContainer.cs: c40a906f9f99ea8a6c5aaa215767017f -> 
  custom:video-decoder-ogg-theora: a1e56fd34408186e4bbccfd4996cb3dc -> 
  custom:scripting/monoscript/fileName/NavigationWindow.cs: 7884404b71178f59d8819c380b951d7c -> 
  custom:scripting/monoscript/fileName/NavMeshComponentsGUIUtility.cs: 08c52049b94db52661003d42fda4ecff -> 
  custom:scripting/monoscript/fileName/ConverterItemInfo.cs: 9fb131dfa28a9ed6b6d00fd9cf83ece4 -> 
  custom:CustomObjectIndexerAttribute: 9a22284fe3817be447336de3de66b15e -> 
  custom:scripting/monoscript/fileName/NavMeshAssetManager.cs: 79eb4858c2054289cd611249ab36b0a5 -> 
  custom:scripting/monoscript/fileName/NavMeshSurfaceEditor.cs: adb1294e971eab992abc2e3e7e051565 -> 
  custom:container-demuxer-webm: 4f35f7cbe854078d1ac9338744f61a02 -> 
  custom:scripting/monoscript/fileName/NavMeshModifierVolume.cs: 8dc531216c72b86c60b86e16ff3da10b -> 
  custom:scripting/monoscript/fileName/NavMeshUpdaterUtility.cs: 5eb03802e6dba19b3e13aaf384805cac -> 
  custom:scripting/monoscript/fileName/NavigationPreferences.cs: ada9399a4f085d4c824cc06527e7fcae -> 
  custom:scripting/monoscript/fileName/NavMeshUpdaterEditor.cs: 169704080eda430978bba61ddedeb304 -> 
  custom:scripting/precompiled-assembly-types:Unity.AI.Navigation.Editor.ConversionSystem: 27c718e5de2659aeeb663e092dc21158 -> 
  custom:scripting/monoscript/fileName/NavMeshModifierEditor.cs: b8675d28116f43f78881455a7301fe8c -> 
  custom:container-muxer-webm: aa71ff27fc2769a1b78a27578f13a17b -> 
  custom:video-decoder-webm-vp8: 9c59270c3fd7afecdb556c50c9e8de78 -> 
  custom:scripting/precompiled-assembly-types:Unity.AI.Navigation.Editor: 7eaf38f66973fde07200cf372b24130e -> 
  custom:scripting/monoscript/fileName/HelpUrls.cs: c1a90585e3e9c9d25f58f9141655f24f -> 
  custom:scripting/monoscript/fileName/EditorStyles.cs: 86b9f4d8fe570a8d8295bfc466c975cf -> 
  custom:SearchIndexIgnoredProperties: e643bd26f0fe6173181afceb89e7c659 -> 
  custom:scripting/precompiled-assembly-types:Unity.AI.Navigation.Updater: d2095ddf03fd615830d6dacf5841450d -> 
  custom:scripting/monoscript/fileName/NavMeshLinkEditor.cs: aed8ae070d922149bb2ba3de06889ff6 -> 
  custom:AudioImporter_EditorPlatform: 3918e3fc78b5a79bad01e8451be0beb8 -> 
  custom:scripting/monoscript/fileName/NavMeshModifier.cs: 99ae5ed91bb784edc4f8312d7de046da -> 
  custom:scripting/monoscript/fileName/NavMeshSceneConverter.cs: baf486a1c1cdf03a3111dd113d13c2f4 -> 
  custom:scripting/monoscript/fileName/SystemConverterContainer.cs: eb4026ea01a117ce0888f693e9eed2cd -> 
  custom:scripting/monoscript/fileName/NavMeshLink.cs: 0b3d0eeb07ab57d259e8f9365538df09 -> 
  custom:framework-osx-AVFoundation: e770b220cccbd017edd2c1fefb359320 -> 
  custom:scripting/monoscript/fileName/ObsoleteNavigationWindowMenuEntry.cs: c7f73386e6473f401a8e4151cac4e1e5 -> 
  custom:scripting/monoscript/fileName/InitializeConverterContext.cs: a97e19589a5774cdc2a34a28caea355f -> 
  custom:scripting/monoscript/fileName/SystemConverter.cs: c748d1769fc66e95256254a1cc1497f3 -> 
  custom:video-encoder-webm-vp8: eb34c28f22e8b96e1ab97ce403110664 -> 
  custom:audio-decoder-ogg-vorbis: bf7c407c2cedff20999df2af8eb42d56 -> 
  custom:scripting/monoscript/fileName/Models.cs: 72a9bccda329dd678eddccf95c3a65ef -> 
  custom:scripting/monoscript/fileName/RunItemContext.cs: 338b2243183036c2b60f94c1b5e817c5 -> 
  custom:scripting/monoscript/fileName/CoordinatePoller.cs: c9ac2ca40c1a1dc312a717df933e1b50 -> 
  custom:audio-encoder-webm-vorbis: bf7c407c2cedff20999df2af8eb42d56 -> 
  custom:scripting/precompiled-assembly-types:Assembly-CSharp: 9e1db5b905b057d25667eb5c717acbf9 -> 
  custom:scripting/monoscript/fileName/SystemConvertersEditor.cs: c127c1335f24b77ca70195bf2136c6a2 -> 
========================================================================
Received Prepare
Caller must complete domain reload
Begin MonoManager ReloadAssembly
Thread 0x16b14b000 may have been prematurely finalized
- Loaded All Assemblies, in  0.359 seconds
Native extension for OSXStandalone target not found
Mono: successfully reloaded assembly
- Finished resetting the current domain, in  0.821 seconds
Domain Reload Profiling: 1181ms
	BeginReloadAssembly (101ms)
		ExecutionOrderSort (0ms)
		DisableScriptedObjects (4ms)
		BackupInstance (0ms)
		ReleaseScriptingObjects (0ms)
		CreateAndSetChildDomain (36ms)
	RebuildCommonClasses (23ms)
	RebuildNativeTypeToScriptingClass (9ms)
	initialDomainReloadingComplete (20ms)
	LoadAllAssembliesAndSetupDomain (207ms)
		LoadAssemblies (225ms)
		RebuildTransferFunctionScriptingTraits (0ms)
		AnalyzeDomain (20ms)
			TypeCache.Refresh (15ms)
				TypeCache.ScanAssembly (0ms)
			ScanForSourceGeneratedMonoScriptInfo (0ms)
			ResolveRequiredComponents (4ms)
	FinalizeReload (821ms)
		ReleaseScriptCaches (0ms)
		RebuildScriptCaches (0ms)
		SetupLoadedEditorAssemblies (380ms)
			LogAssemblyErrors (0ms)
			InitializePlatformSupportModulesInManaged (3ms)
			SetLoadedEditorAssemblies (3ms)
			RefreshPlugins (0ms)
			BeforeProcessingInitializeOnLoad (36ms)
			ProcessInitializeOnLoadAttributes (324ms)
			ProcessInitializeOnLoadMethodAttributes (12ms)
			AfterProcessingInitializeOnLoad (1ms)
			EditorAssembliesLoaded (0ms)
		ExecutionOrderSort2 (0ms)
		AwakeInstancesAfterBackupRestoration (3ms)
Refreshing native plugins compatible for Editor in 0.74 ms, found 2 plugins.
Preloading 0 native plugins for Editor in 0.00 ms.
Unloading 3272 Unused Serialized files (Serialized files now loaded: 0)
Unloading 13 unused Assets / (27.7 KB). Loaded Objects now: 3957.
Memory consumption went from 0.69 GB to 0.69 GB.
Total: 3.145375 ms (FindLiveObjects: 0.201042 ms CreateObjectMapping: 0.072625 ms MarkObjects: 2.810250 ms  DeleteObjects: 0.060459 ms)

Prepare: number of updated asset objects reloaded= 0
AssetImportParameters requested are different than current active one (requested -> active):
  custom:scripting/monoscript/fileName/NavMeshSurface.cs: 34aebd278d8d3d5db6b23265b9c700f9 -> 
  custom:scripting/monoscript/fileName/ObjectAgent.cs: e91ff64fdc0e2c351aa5461de0a543bc -> 
  custom:scripting/precompiled-assembly-types:Unity.AI.Navigation: 5d8fa505e3253b9a2a456e2c28a1afb3 -> 
  custom:container-demuxer-ogg: 62fdf1f143b41e24485cea50d1cbac27 -> 
  custom:scripting/monoscript/fileName/NavMeshModifierVolumeEditor.cs: 262a50135a116189426aa01c964a744c -> 
  custom:scripting/monoscript/fileName/NavigationOverlay.cs: 2744f4e7946ebbb71339c9b1ce538d00 -> 
  custom:scripting/monoscript/fileName/ConverterItemDescriptor.cs: 8182050d34c5cb602eb7913435a7abee -> 
  custom:scripting/monoscript/fileName/BuiltInToNavMeshSurfaceConverterContainer.cs: c40a906f9f99ea8a6c5aaa215767017f -> 
  custom:video-decoder-ogg-theora: a1e56fd34408186e4bbccfd4996cb3dc -> 
  custom:scripting/monoscript/fileName/NavigationWindow.cs: 7884404b71178f59d8819c380b951d7c -> 
  custom:scripting/monoscript/fileName/NavMeshComponentsGUIUtility.cs: 08c52049b94db52661003d42fda4ecff -> 
  custom:scripting/monoscript/fileName/ConverterItemInfo.cs: 9fb131dfa28a9ed6b6d00fd9cf83ece4 -> 
  custom:CustomObjectIndexerAttribute: 9a22284fe3817be447336de3de66b15e -> 
  custom:scripting/monoscript/fileName/NavMeshAssetManager.cs: 79eb4858c2054289cd611249ab36b0a5 -> 
  custom:scripting/monoscript/fileName/NavMeshSurfaceEditor.cs: adb1294e971eab992abc2e3e7e051565 -> 
  custom:container-demuxer-webm: 4f35f7cbe854078d1ac9338744f61a02 -> 
  custom:scripting/monoscript/fileName/NavMeshModifierVolume.cs: 8dc531216c72b86c60b86e16ff3da10b -> 
  custom:scripting/monoscript/fileName/NavMeshUpdaterUtility.cs: 5eb03802e6dba19b3e13aaf384805cac -> 
  custom:scripting/monoscript/fileName/NavigationPreferences.cs: ada9399a4f085d4c824cc06527e7fcae -> 
  custom:scripting/monoscript/fileName/NavMeshUpdaterEditor.cs: 169704080eda430978bba61ddedeb304 -> 
  custom:scripting/precompiled-assembly-types:Unity.AI.Navigation.Editor.ConversionSystem: 27c718e5de2659aeeb663e092dc21158 -> 
  custom:scripting/monoscript/fileName/NavMeshModifierEditor.cs: b8675d28116f43f78881455a7301fe8c -> 
  custom:container-muxer-webm: aa71ff27fc2769a1b78a27578f13a17b -> 
  custom:video-decoder-webm-vp8: 9c59270c3fd7afecdb556c50c9e8de78 -> 
  custom:scripting/precompiled-assembly-types:Unity.AI.Navigation.Editor: 7eaf38f66973fde07200cf372b24130e -> 
  custom:scripting/monoscript/fileName/HelpUrls.cs: c1a90585e3e9c9d25f58f9141655f24f -> 
  custom:scripting/monoscript/fileName/EditorStyles.cs: 86b9f4d8fe570a8d8295bfc466c975cf -> 
  custom:SearchIndexIgnoredProperties: e643bd26f0fe6173181afceb89e7c659 -> 
  custom:scripting/precompiled-assembly-types:Unity.AI.Navigation.Updater: d2095ddf03fd615830d6dacf5841450d -> 
  custom:scripting/monoscript/fileName/NavMeshLinkEditor.cs: aed8ae070d922149bb2ba3de06889ff6 -> 
  custom:AudioImporter_EditorPlatform: 3918e3fc78b5a79bad01e8451be0beb8 -> 
  custom:scripting/monoscript/fileName/NavMeshModifier.cs: 99ae5ed91bb784edc4f8312d7de046da -> 
  custom:scripting/monoscript/fileName/NavMeshSceneConverter.cs: baf486a1c1cdf03a3111dd113d13c2f4 -> 
  custom:scripting/monoscript/fileName/SystemConverterContainer.cs: eb4026ea01a117ce0888f693e9eed2cd -> 
  custom:scripting/monoscript/fileName/NavMeshLink.cs: 0b3d0eeb07ab57d259e8f9365538df09 -> 
  custom:framework-osx-AVFoundation: e770b220cccbd017edd2c1fefb359320 -> 
  custom:scripting/monoscript/fileName/ObsoleteNavigationWindowMenuEntry.cs: c7f73386e6473f401a8e4151cac4e1e5 -> 
  custom:scripting/monoscript/fileName/InitializeConverterContext.cs: a97e19589a5774cdc2a34a28caea355f -> 
  custom:scripting/monoscript/fileName/SystemConverter.cs: c748d1769fc66e95256254a1cc1497f3 -> 
  custom:video-encoder-webm-vp8: eb34c28f22e8b96e1ab97ce403110664 -> 
  custom:audio-decoder-ogg-vorbis: bf7c407c2cedff20999df2af8eb42d56 -> 
  custom:scripting/monoscript/fileName/Models.cs: 72a9bccda329dd678eddccf95c3a65ef -> 
  custom:scripting/monoscript/fileName/RunItemContext.cs: 338b2243183036c2b60f94c1b5e817c5 -> 
  custom:scripting/monoscript/fileName/CoordinatePoller.cs: c9ac2ca40c1a1dc312a717df933e1b50 -> 
  custom:audio-encoder-webm-vorbis: bf7c407c2cedff20999df2af8eb42d56 -> 
  custom:scripting/precompiled-assembly-types:Assembly-CSharp: 9e1db5b905b057d25667eb5c717acbf9 -> 
  custom:scripting/monoscript/fileName/SystemConvertersEditor.cs: c127c1335f24b77ca70195bf2136c6a2 -> 
========================================================================
Received Prepare
Caller must complete domain reload
Begin MonoManager ReloadAssembly
Thread 0x16b14b000 may have been prematurely finalized
- Loaded All Assemblies, in  0.363 seconds
Native extension for OSXStandalone target not found
Mono: successfully reloaded assembly
- Finished resetting the current domain, in  0.830 seconds
Domain Reload Profiling: 1194ms
	BeginReloadAssembly (121ms)
		ExecutionOrderSort (0ms)
		DisableScriptedObjects (4ms)
		BackupInstance (0ms)
		ReleaseScriptingObjects (0ms)
		CreateAndSetChildDomain (47ms)
	RebuildCommonClasses (24ms)
	RebuildNativeTypeToScriptingClass (8ms)
	initialDomainReloadingComplete (21ms)
	LoadAllAssembliesAndSetupDomain (188ms)
		LoadAssemblies (209ms)
		RebuildTransferFunctionScriptingTraits (0ms)
		AnalyzeDomain (18ms)
			TypeCache.Refresh (14ms)
				TypeCache.ScanAssembly (0ms)
			ScanForSourceGeneratedMonoScriptInfo (0ms)
			ResolveRequiredComponents (4ms)
	FinalizeReload (831ms)
		ReleaseScriptCaches (0ms)
		RebuildScriptCaches (0ms)
		SetupLoadedEditorAssemblies (371ms)
			LogAssemblyErrors (0ms)
			InitializePlatformSupportModulesInManaged (3ms)
			SetLoadedEditorAssemblies (4ms)
			RefreshPlugins (0ms)
			BeforeProcessingInitializeOnLoad (35ms)
			ProcessInitializeOnLoadAttributes (318ms)
			ProcessInitializeOnLoadMethodAttributes (12ms)
			AfterProcessingInitializeOnLoad (1ms)
			EditorAssembliesLoaded (0ms)
		ExecutionOrderSort2 (0ms)
		AwakeInstancesAfterBackupRestoration (3ms)
Refreshing native plugins compatible for Editor in 0.85 ms, found 2 plugins.
Preloading 0 native plugins for Editor in 0.00 ms.
Unloading 3272 Unused Serialized files (Serialized files now loaded: 0)
Unloading 13 unused Assets / (27.7 KB). Loaded Objects now: 3960.
Memory consumption went from 0.70 GB to 0.70 GB.
Total: 3.230625 ms (FindLiveObjects: 0.212042 ms CreateObjectMapping: 0.050250 ms MarkObjects: 2.908167 ms  DeleteObjects: 0.059333 ms)

Prepare: number of updated asset objects reloaded= 0
AssetImportParameters requested are different than current active one (requested -> active):
  custom:scripting/monoscript/fileName/NavMeshSurface.cs: 34aebd278d8d3d5db6b23265b9c700f9 -> 
  custom:scripting/monoscript/fileName/ObjectAgent.cs: e91ff64fdc0e2c351aa5461de0a543bc -> 
  custom:scripting/precompiled-assembly-types:Unity.AI.Navigation: 5d8fa505e3253b9a2a456e2c28a1afb3 -> 
  custom:container-demuxer-ogg: 62fdf1f143b41e24485cea50d1cbac27 -> 
  custom:scripting/monoscript/fileName/NavMeshModifierVolumeEditor.cs: 262a50135a116189426aa01c964a744c -> 
  custom:scripting/monoscript/fileName/NavigationOverlay.cs: 2744f4e7946ebbb71339c9b1ce538d00 -> 
  custom:scripting/monoscript/fileName/ConverterItemDescriptor.cs: 8182050d34c5cb602eb7913435a7abee -> 
  custom:scripting/monoscript/fileName/BuiltInToNavMeshSurfaceConverterContainer.cs: c40a906f9f99ea8a6c5aaa215767017f -> 
  custom:video-decoder-ogg-theora: a1e56fd34408186e4bbccfd4996cb3dc -> 
  custom:scripting/monoscript/fileName/NavigationWindow.cs: 7884404b71178f59d8819c380b951d7c -> 
  custom:scripting/monoscript/fileName/NavMeshComponentsGUIUtility.cs: 08c52049b94db52661003d42fda4ecff -> 
  custom:scripting/monoscript/fileName/ConverterItemInfo.cs: 9fb131dfa28a9ed6b6d00fd9cf83ece4 -> 
  custom:CustomObjectIndexerAttribute: 9a22284fe3817be447336de3de66b15e -> 
  custom:scripting/monoscript/fileName/NavMeshAssetManager.cs: 79eb4858c2054289cd611249ab36b0a5 -> 
  custom:scripting/monoscript/fileName/NavMeshSurfaceEditor.cs: adb1294e971eab992abc2e3e7e051565 -> 
  custom:container-demuxer-webm: 4f35f7cbe854078d1ac9338744f61a02 -> 
  custom:scripting/monoscript/fileName/NavMeshModifierVolume.cs: 8dc531216c72b86c60b86e16ff3da10b -> 
  custom:scripting/monoscript/fileName/NavMeshUpdaterUtility.cs: 5eb03802e6dba19b3e13aaf384805cac -> 
  custom:scripting/monoscript/fileName/NavigationPreferences.cs: ada9399a4f085d4c824cc06527e7fcae -> 
  custom:scripting/monoscript/fileName/NavMeshUpdaterEditor.cs: 169704080eda430978bba61ddedeb304 -> 
  custom:scripting/precompiled-assembly-types:Unity.AI.Navigation.Editor.ConversionSystem: 27c718e5de2659aeeb663e092dc21158 -> 
  custom:scripting/monoscript/fileName/NavMeshModifierEditor.cs: b8675d28116f43f78881455a7301fe8c -> 
  custom:container-muxer-webm: aa71ff27fc2769a1b78a27578f13a17b -> 
  custom:video-decoder-webm-vp8: 9c59270c3fd7afecdb556c50c9e8de78 -> 
  custom:scripting/precompiled-assembly-types:Unity.AI.Navigation.Editor: 7eaf38f66973fde07200cf372b24130e -> 
  custom:scripting/monoscript/fileName/HelpUrls.cs: c1a90585e3e9c9d25f58f9141655f24f -> 
  custom:scripting/monoscript/fileName/EditorStyles.cs: 86b9f4d8fe570a8d8295bfc466c975cf -> 
  custom:SearchIndexIgnoredProperties: e643bd26f0fe6173181afceb89e7c659 -> 
  custom:scripting/precompiled-assembly-types:Unity.AI.Navigation.Updater: d2095ddf03fd615830d6dacf5841450d -> 
  custom:scripting/monoscript/fileName/NavMeshLinkEditor.cs: aed8ae070d922149bb2ba3de06889ff6 -> 
  custom:AudioImporter_EditorPlatform: 3918e3fc78b5a79bad01e8451be0beb8 -> 
  custom:scripting/monoscript/fileName/NavMeshModifier.cs: 99ae5ed91bb784edc4f8312d7de046da -> 
  custom:scripting/monoscript/fileName/NavMeshSceneConverter.cs: baf486a1c1cdf03a3111dd113d13c2f4 -> 
  custom:scripting/monoscript/fileName/SystemConverterContainer.cs: eb4026ea01a117ce0888f693e9eed2cd -> 
  custom:scripting/monoscript/fileName/NavMeshLink.cs: 0b3d0eeb07ab57d259e8f9365538df09 -> 
  custom:framework-osx-AVFoundation: e770b220cccbd017edd2c1fefb359320 -> 
  custom:scripting/monoscript/fileName/ObsoleteNavigationWindowMenuEntry.cs: c7f73386e6473f401a8e4151cac4e1e5 -> 
  custom:scripting/monoscript/fileName/InitializeConverterContext.cs: a97e19589a5774cdc2a34a28caea355f -> 
  custom:scripting/monoscript/fileName/SystemConverter.cs: c748d1769fc66e95256254a1cc1497f3 -> 
  custom:video-encoder-webm-vp8: eb34c28f22e8b96e1ab97ce403110664 -> 
  custom:audio-decoder-ogg-vorbis: bf7c407c2cedff20999df2af8eb42d56 -> 
  custom:scripting/monoscript/fileName/Models.cs: 72a9bccda329dd678eddccf95c3a65ef -> 
  custom:scripting/monoscript/fileName/RunItemContext.cs: 338b2243183036c2b60f94c1b5e817c5 -> 
  custom:scripting/monoscript/fileName/CoordinatePoller.cs: c9ac2ca40c1a1dc312a717df933e1b50 -> 
  custom:audio-encoder-webm-vorbis: bf7c407c2cedff20999df2af8eb42d56 -> 
  custom:scripting/precompiled-assembly-types:Assembly-CSharp: 9e1db5b905b057d25667eb5c717acbf9 -> 
  custom:scripting/monoscript/fileName/SystemConvertersEditor.cs: c127c1335f24b77ca70195bf2136c6a2 -> 
========================================================================
Received Prepare
Caller must complete domain reload
Begin MonoManager ReloadAssembly
Thread 0x16b14b000 may have been prematurely finalized
- Loaded All Assemblies, in  0.359 seconds
Native extension for OSXStandalone target not found
Mono: successfully reloaded assembly
- Finished resetting the current domain, in  0.862 seconds
Domain Reload Profiling: 1222ms
	BeginReloadAssembly (114ms)
		ExecutionOrderSort (0ms)
		DisableScriptedObjects (9ms)
		BackupInstance (0ms)
		ReleaseScriptingObjects (0ms)
		CreateAndSetChildDomain (41ms)
	RebuildCommonClasses (23ms)
	RebuildNativeTypeToScriptingClass (8ms)
	initialDomainReloadingComplete (18ms)
	LoadAllAssembliesAndSetupDomain (196ms)
		LoadAssemblies (217ms)
		RebuildTransferFunctionScriptingTraits (0ms)
		AnalyzeDomain (14ms)
			TypeCache.Refresh (9ms)
				TypeCache.ScanAssembly (0ms)
			ScanForSourceGeneratedMonoScriptInfo (0ms)
			ResolveRequiredComponents (4ms)
	FinalizeReload (863ms)
		ReleaseScriptCaches (0ms)
		RebuildScriptCaches (0ms)
		SetupLoadedEditorAssemblies (399ms)
			LogAssemblyErrors (0ms)
			InitializePlatformSupportModulesInManaged (4ms)
			SetLoadedEditorAssemblies (3ms)
			RefreshPlugins (0ms)
			BeforeProcessingInitializeOnLoad (36ms)
			ProcessInitializeOnLoadAttributes (342ms)
			ProcessInitializeOnLoadMethodAttributes (13ms)
			AfterProcessingInitializeOnLoad (1ms)
			EditorAssembliesLoaded (0ms)
		ExecutionOrderSort2 (0ms)
		AwakeInstancesAfterBackupRestoration (3ms)
Refreshing native plugins compatible for Editor in 0.68 ms, found 2 plugins.
Preloading 0 native plugins for Editor in 0.00 ms.
Unloading 3272 Unused Serialized files (Serialized files now loaded: 0)
Unloading 13 unused Assets / (27.7 KB). Loaded Objects now: 3963.
Memory consumption went from 0.71 GB to 0.71 GB.
Total: 4.887083 ms (FindLiveObjects: 0.309459 ms CreateObjectMapping: 0.056125 ms MarkObjects: 4.473750 ms  DeleteObjects: 0.046041 ms)

Prepare: number of updated asset objects reloaded= 0
AssetImportParameters requested are different than current active one (requested -> active):
  custom:scripting/monoscript/fileName/NavMeshSurface.cs: 34aebd278d8d3d5db6b23265b9c700f9 -> 
  custom:scripting/monoscript/fileName/ObjectAgent.cs: e91ff64fdc0e2c351aa5461de0a543bc -> 
  custom:scripting/precompiled-assembly-types:Unity.AI.Navigation: 5d8fa505e3253b9a2a456e2c28a1afb3 -> 
  custom:container-demuxer-ogg: 62fdf1f143b41e24485cea50d1cbac27 -> 
  custom:scripting/monoscript/fileName/NavMeshModifierVolumeEditor.cs: 262a50135a116189426aa01c964a744c -> 
  custom:scripting/monoscript/fileName/NavigationOverlay.cs: 2744f4e7946ebbb71339c9b1ce538d00 -> 
  custom:scripting/monoscript/fileName/ConverterItemDescriptor.cs: 8182050d34c5cb602eb7913435a7abee -> 
  custom:scripting/monoscript/fileName/BuiltInToNavMeshSurfaceConverterContainer.cs: c40a906f9f99ea8a6c5aaa215767017f -> 
  custom:video-decoder-ogg-theora: a1e56fd34408186e4bbccfd4996cb3dc -> 
  custom:scripting/monoscript/fileName/NavigationWindow.cs: 7884404b71178f59d8819c380b951d7c -> 
  custom:scripting/monoscript/fileName/NavMeshComponentsGUIUtility.cs: 08c52049b94db52661003d42fda4ecff -> 
  custom:scripting/monoscript/fileName/ConverterItemInfo.cs: 9fb131dfa28a9ed6b6d00fd9cf83ece4 -> 
  custom:CustomObjectIndexerAttribute: 9a22284fe3817be447336de3de66b15e -> 
  custom:scripting/monoscript/fileName/NavMeshAssetManager.cs: 79eb4858c2054289cd611249ab36b0a5 -> 
  custom:scripting/monoscript/fileName/NavMeshSurfaceEditor.cs: adb1294e971eab992abc2e3e7e051565 -> 
  custom:container-demuxer-webm: 4f35f7cbe854078d1ac9338744f61a02 -> 
  custom:scripting/monoscript/fileName/NavMeshModifierVolume.cs: 8dc531216c72b86c60b86e16ff3da10b -> 
  custom:scripting/monoscript/fileName/NavMeshUpdaterUtility.cs: 5eb03802e6dba19b3e13aaf384805cac -> 
  custom:scripting/monoscript/fileName/NavigationPreferences.cs: ada9399a4f085d4c824cc06527e7fcae -> 
  custom:scripting/monoscript/fileName/NavMeshUpdaterEditor.cs: 169704080eda430978bba61ddedeb304 -> 
  custom:scripting/precompiled-assembly-types:Unity.AI.Navigation.Editor.ConversionSystem: 27c718e5de2659aeeb663e092dc21158 -> 
  custom:scripting/monoscript/fileName/NavMeshModifierEditor.cs: b8675d28116f43f78881455a7301fe8c -> 
  custom:container-muxer-webm: aa71ff27fc2769a1b78a27578f13a17b -> 
  custom:video-decoder-webm-vp8: 9c59270c3fd7afecdb556c50c9e8de78 -> 
  custom:scripting/precompiled-assembly-types:Unity.AI.Navigation.Editor: 7eaf38f66973fde07200cf372b24130e -> 
  custom:scripting/monoscript/fileName/HelpUrls.cs: c1a90585e3e9c9d25f58f9141655f24f -> 
  custom:scripting/monoscript/fileName/EditorStyles.cs: 86b9f4d8fe570a8d8295bfc466c975cf -> 
  custom:SearchIndexIgnoredProperties: e643bd26f0fe6173181afceb89e7c659 -> 
  custom:scripting/precompiled-assembly-types:Unity.AI.Navigation.Updater: d2095ddf03fd615830d6dacf5841450d -> 
  custom:scripting/monoscript/fileName/NavMeshLinkEditor.cs: aed8ae070d922149bb2ba3de06889ff6 -> 
  custom:AudioImporter_EditorPlatform: 3918e3fc78b5a79bad01e8451be0beb8 -> 
  custom:scripting/monoscript/fileName/NavMeshModifier.cs: 99ae5ed91bb784edc4f8312d7de046da -> 
  custom:scripting/monoscript/fileName/NavMeshSceneConverter.cs: baf486a1c1cdf03a3111dd113d13c2f4 -> 
  custom:scripting/monoscript/fileName/SystemConverterContainer.cs: eb4026ea01a117ce0888f693e9eed2cd -> 
  custom:scripting/monoscript/fileName/NavMeshLink.cs: 0b3d0eeb07ab57d259e8f9365538df09 -> 
  custom:framework-osx-AVFoundation: e770b220cccbd017edd2c1fefb359320 -> 
  custom:scripting/monoscript/fileName/ObsoleteNavigationWindowMenuEntry.cs: c7f73386e6473f401a8e4151cac4e1e5 -> 
  custom:scripting/monoscript/fileName/InitializeConverterContext.cs: a97e19589a5774cdc2a34a28caea355f -> 
  custom:scripting/monoscript/fileName/SystemConverter.cs: c748d1769fc66e95256254a1cc1497f3 -> 
  custom:video-encoder-webm-vp8: eb34c28f22e8b96e1ab97ce403110664 -> 
  custom:audio-decoder-ogg-vorbis: bf7c407c2cedff20999df2af8eb42d56 -> 
  custom:scripting/monoscript/fileName/Models.cs: 72a9bccda329dd678eddccf95c3a65ef -> 
  custom:scripting/monoscript/fileName/RunItemContext.cs: 338b2243183036c2b60f94c1b5e817c5 -> 
  custom:scripting/monoscript/fileName/CoordinatePoller.cs: c9ac2ca40c1a1dc312a717df933e1b50 -> 
  custom:audio-encoder-webm-vorbis: bf7c407c2cedff20999df2af8eb42d56 -> 
  custom:scripting/precompiled-assembly-types:Assembly-CSharp: 9e1db5b905b057d25667eb5c717acbf9 -> 
  custom:scripting/monoscript/fileName/SystemConvertersEditor.cs: c127c1335f24b77ca70195bf2136c6a2 -> 
========================================================================
Received Prepare
Caller must complete domain reload
Begin MonoManager ReloadAssembly
Thread 0x16b14b000 may have been prematurely finalized
- Loaded All Assemblies, in  0.370 seconds
Native extension for OSXStandalone target not found
Mono: successfully reloaded assembly
- Finished resetting the current domain, in  1.151 seconds
Domain Reload Profiling: 1522ms
	BeginReloadAssembly (115ms)
		ExecutionOrderSort (0ms)
		DisableScriptedObjects (5ms)
		BackupInstance (0ms)
		ReleaseScriptingObjects (0ms)
		CreateAndSetChildDomain (43ms)
	RebuildCommonClasses (28ms)
	RebuildNativeTypeToScriptingClass (11ms)
	initialDomainReloadingComplete (51ms)
	LoadAllAssembliesAndSetupDomain (165ms)
		LoadAssemblies (182ms)
		RebuildTransferFunctionScriptingTraits (0ms)
		AnalyzeDomain (22ms)
			TypeCache.Refresh (15ms)
				TypeCache.ScanAssembly (0ms)
			ScanForSourceGeneratedMonoScriptInfo (0ms)
			ResolveRequiredComponents (6ms)
	FinalizeReload (1152ms)
		ReleaseScriptCaches (0ms)
		RebuildScriptCaches (0ms)
		SetupLoadedEditorAssemblies (450ms)
			LogAssemblyErrors (0ms)
			InitializePlatformSupportModulesInManaged (9ms)
			SetLoadedEditorAssemblies (5ms)
			RefreshPlugins (0ms)
			BeforeProcessingInitializeOnLoad (43ms)
			ProcessInitializeOnLoadAttributes (379ms)
			ProcessInitializeOnLoadMethodAttributes (13ms)
			AfterProcessingInitializeOnLoad (1ms)
			EditorAssembliesLoaded (0ms)
		ExecutionOrderSort2 (0ms)
		AwakeInstancesAfterBackupRestoration (3ms)
Refreshing native plugins compatible for Editor in 1.00 ms, found 2 plugins.
Preloading 0 native plugins for Editor in 0.00 ms.
Unloading 3272 Unused Serialized files (Serialized files now loaded: 0)
Unloading 13 unused Assets / (27.7 KB). Loaded Objects now: 3966.
Memory consumption went from 0.72 GB to 0.72 GB.
Total: 3.516875 ms (FindLiveObjects: 0.272125 ms CreateObjectMapping: 0.053583 ms MarkObjects: 3.145959 ms  DeleteObjects: 0.044625 ms)

Prepare: number of updated asset objects reloaded= 0
AssetImportParameters requested are different than current active one (requested -> active):
  custom:scripting/monoscript/fileName/NavMeshSurface.cs: 34aebd278d8d3d5db6b23265b9c700f9 -> 
  custom:scripting/monoscript/fileName/ObjectAgent.cs: e91ff64fdc0e2c351aa5461de0a543bc -> 
  custom:scripting/precompiled-assembly-types:Unity.AI.Navigation: 5d8fa505e3253b9a2a456e2c28a1afb3 -> 
  custom:container-demuxer-ogg: 62fdf1f143b41e24485cea50d1cbac27 -> 
  custom:scripting/monoscript/fileName/NavMeshModifierVolumeEditor.cs: 262a50135a116189426aa01c964a744c -> 
  custom:scripting/monoscript/fileName/NavigationOverlay.cs: 2744f4e7946ebbb71339c9b1ce538d00 -> 
  custom:scripting/monoscript/fileName/ConverterItemDescriptor.cs: 8182050d34c5cb602eb7913435a7abee -> 
  custom:scripting/monoscript/fileName/BuiltInToNavMeshSurfaceConverterContainer.cs: c40a906f9f99ea8a6c5aaa215767017f -> 
  custom:video-decoder-ogg-theora: a1e56fd34408186e4bbccfd4996cb3dc -> 
  custom:scripting/monoscript/fileName/NavigationWindow.cs: 7884404b71178f59d8819c380b951d7c -> 
  custom:scripting/monoscript/fileName/NavMeshComponentsGUIUtility.cs: 08c52049b94db52661003d42fda4ecff -> 
  custom:scripting/monoscript/fileName/ConverterItemInfo.cs: 9fb131dfa28a9ed6b6d00fd9cf83ece4 -> 
  custom:CustomObjectIndexerAttribute: 9a22284fe3817be447336de3de66b15e -> 
  custom:scripting/monoscript/fileName/NavMeshAssetManager.cs: 79eb4858c2054289cd611249ab36b0a5 -> 
  custom:scripting/monoscript/fileName/NavMeshSurfaceEditor.cs: adb1294e971eab992abc2e3e7e051565 -> 
  custom:container-demuxer-webm: 4f35f7cbe854078d1ac9338744f61a02 -> 
  custom:scripting/monoscript/fileName/NavMeshModifierVolume.cs: 8dc531216c72b86c60b86e16ff3da10b -> 
  custom:scripting/monoscript/fileName/NavMeshUpdaterUtility.cs: 5eb03802e6dba19b3e13aaf384805cac -> 
  custom:scripting/monoscript/fileName/NavigationPreferences.cs: ada9399a4f085d4c824cc06527e7fcae -> 
  custom:scripting/monoscript/fileName/NavMeshUpdaterEditor.cs: 169704080eda430978bba61ddedeb304 -> 
  custom:scripting/precompiled-assembly-types:Unity.AI.Navigation.Editor.ConversionSystem: 27c718e5de2659aeeb663e092dc21158 -> 
  custom:scripting/monoscript/fileName/NavMeshModifierEditor.cs: b8675d28116f43f78881455a7301fe8c -> 
  custom:container-muxer-webm: aa71ff27fc2769a1b78a27578f13a17b -> 
  custom:video-decoder-webm-vp8: 9c59270c3fd7afecdb556c50c9e8de78 -> 
  custom:scripting/precompiled-assembly-types:Unity.AI.Navigation.Editor: 7eaf38f66973fde07200cf372b24130e -> 
  custom:scripting/monoscript/fileName/HelpUrls.cs: c1a90585e3e9c9d25f58f9141655f24f -> 
  custom:scripting/monoscript/fileName/EditorStyles.cs: 86b9f4d8fe570a8d8295bfc466c975cf -> 
  custom:SearchIndexIgnoredProperties: e643bd26f0fe6173181afceb89e7c659 -> 
  custom:scripting/precompiled-assembly-types:Unity.AI.Navigation.Updater: d2095ddf03fd615830d6dacf5841450d -> 
  custom:scripting/monoscript/fileName/NavMeshLinkEditor.cs: aed8ae070d922149bb2ba3de06889ff6 -> 
  custom:AudioImporter_EditorPlatform: 3918e3fc78b5a79bad01e8451be0beb8 -> 
  custom:scripting/monoscript/fileName/NavMeshModifier.cs: 99ae5ed91bb784edc4f8312d7de046da -> 
  custom:scripting/monoscript/fileName/NavMeshSceneConverter.cs: baf486a1c1cdf03a3111dd113d13c2f4 -> 
  custom:scripting/monoscript/fileName/SystemConverterContainer.cs: eb4026ea01a117ce0888f693e9eed2cd -> 
  custom:scripting/monoscript/fileName/NavMeshLink.cs: 0b3d0eeb07ab57d259e8f9365538df09 -> 
  custom:framework-osx-AVFoundation: e770b220cccbd017edd2c1fefb359320 -> 
  custom:scripting/monoscript/fileName/ObsoleteNavigationWindowMenuEntry.cs: c7f73386e6473f401a8e4151cac4e1e5 -> 
  custom:scripting/monoscript/fileName/InitializeConverterContext.cs: a97e19589a5774cdc2a34a28caea355f -> 
  custom:scripting/monoscript/fileName/SystemConverter.cs: c748d1769fc66e95256254a1cc1497f3 -> 
  custom:video-encoder-webm-vp8: eb34c28f22e8b96e1ab97ce403110664 -> 
  custom:audio-decoder-ogg-vorbis: bf7c407c2cedff20999df2af8eb42d56 -> 
  custom:scripting/monoscript/fileName/Models.cs: 72a9bccda329dd678eddccf95c3a65ef -> 
  custom:scripting/monoscript/fileName/RunItemContext.cs: 338b2243183036c2b60f94c1b5e817c5 -> 
  custom:scripting/monoscript/fileName/CoordinatePoller.cs: c9ac2ca40c1a1dc312a717df933e1b50 -> 
  custom:audio-encoder-webm-vorbis: bf7c407c2cedff20999df2af8eb42d56 -> 
  custom:scripting/precompiled-assembly-types:Assembly-CSharp: 9e1db5b905b057d25667eb5c717acbf9 -> 
  custom:scripting/monoscript/fileName/SystemConvertersEditor.cs: c127c1335f24b77ca70195bf2136c6a2 -> 
========================================================================
Received Prepare
Caller must complete domain reload
Begin MonoManager ReloadAssembly
Thread 0x16b14b000 may have been prematurely finalized
- Loaded All Assemblies, in  0.351 seconds
Native extension for OSXStandalone target not found
Mono: successfully reloaded assembly
- Finished resetting the current domain, in  0.844 seconds
Domain Reload Profiling: 1195ms
	BeginReloadAssembly (111ms)
		ExecutionOrderSort (0ms)
		DisableScriptedObjects (4ms)
		BackupInstance (0ms)
		ReleaseScriptingObjects (0ms)
		CreateAndSetChildDomain (38ms)
	RebuildCommonClasses (25ms)
	RebuildNativeTypeToScriptingClass (9ms)
	initialDomainReloadingComplete (19ms)
	LoadAllAssembliesAndSetupDomain (188ms)
		LoadAssemblies (198ms)
		RebuildTransferFunctionScriptingTraits (0ms)
		AnalyzeDomain (24ms)
			TypeCache.Refresh (19ms)
				TypeCache.ScanAssembly (0ms)
			ScanForSourceGeneratedMonoScriptInfo (0ms)
			ResolveRequiredComponents (4ms)
	FinalizeReload (844ms)
		ReleaseScriptCaches (0ms)
		RebuildScriptCaches (0ms)
		SetupLoadedEditorAssemblies (394ms)
			LogAssemblyErrors (0ms)
			InitializePlatformSupportModulesInManaged (6ms)
			SetLoadedEditorAssemblies (3ms)
			RefreshPlugins (0ms)
			BeforeProcessingInitializeOnLoad (35ms)
			ProcessInitializeOnLoadAttributes (337ms)
			ProcessInitializeOnLoadMethodAttributes (12ms)
			AfterProcessingInitializeOnLoad (1ms)
			EditorAssembliesLoaded (0ms)
		ExecutionOrderSort2 (0ms)
		AwakeInstancesAfterBackupRestoration (3ms)
Refreshing native plugins compatible for Editor in 0.81 ms, found 2 plugins.
Preloading 0 native plugins for Editor in 0.00 ms.
Unloading 3272 Unused Serialized files (Serialized files now loaded: 0)
Unloading 13 unused Assets / (27.7 KB). Loaded Objects now: 3969.
Memory consumption went from 0.73 GB to 0.73 GB.
Total: 2.959417 ms (FindLiveObjects: 0.148750 ms CreateObjectMapping: 0.057000 ms MarkObjects: 2.707541 ms  DeleteObjects: 0.045458 ms)

Prepare: number of updated asset objects reloaded= 0
AssetImportParameters requested are different than current active one (requested -> active):
  custom:scripting/monoscript/fileName/NavMeshSurface.cs: 34aebd278d8d3d5db6b23265b9c700f9 -> 
  custom:scripting/monoscript/fileName/ObjectAgent.cs: e91ff64fdc0e2c351aa5461de0a543bc -> 
  custom:scripting/precompiled-assembly-types:Unity.AI.Navigation: 5d8fa505e3253b9a2a456e2c28a1afb3 -> 
  custom:container-demuxer-ogg: 62fdf1f143b41e24485cea50d1cbac27 -> 
  custom:scripting/monoscript/fileName/NavMeshModifierVolumeEditor.cs: 262a50135a116189426aa01c964a744c -> 
  custom:scripting/monoscript/fileName/NavigationOverlay.cs: 2744f4e7946ebbb71339c9b1ce538d00 -> 
  custom:scripting/monoscript/fileName/ConverterItemDescriptor.cs: 8182050d34c5cb602eb7913435a7abee -> 
  custom:scripting/monoscript/fileName/BuiltInToNavMeshSurfaceConverterContainer.cs: c40a906f9f99ea8a6c5aaa215767017f -> 
  custom:video-decoder-ogg-theora: a1e56fd34408186e4bbccfd4996cb3dc -> 
  custom:scripting/monoscript/fileName/NavigationWindow.cs: 7884404b71178f59d8819c380b951d7c -> 
  custom:scripting/monoscript/fileName/NavMeshComponentsGUIUtility.cs: 08c52049b94db52661003d42fda4ecff -> 
  custom:scripting/monoscript/fileName/ConverterItemInfo.cs: 9fb131dfa28a9ed6b6d00fd9cf83ece4 -> 
  custom:CustomObjectIndexerAttribute: 9a22284fe3817be447336de3de66b15e -> 
  custom:scripting/monoscript/fileName/NavMeshAssetManager.cs: 79eb4858c2054289cd611249ab36b0a5 -> 
  custom:scripting/monoscript/fileName/NavMeshSurfaceEditor.cs: adb1294e971eab992abc2e3e7e051565 -> 
  custom:container-demuxer-webm: 4f35f7cbe854078d1ac9338744f61a02 -> 
  custom:scripting/monoscript/fileName/NavMeshModifierVolume.cs: 8dc531216c72b86c60b86e16ff3da10b -> 
  custom:scripting/monoscript/fileName/NavMeshUpdaterUtility.cs: 5eb03802e6dba19b3e13aaf384805cac -> 
  custom:scripting/monoscript/fileName/NavigationPreferences.cs: ada9399a4f085d4c824cc06527e7fcae -> 
  custom:scripting/monoscript/fileName/NavMeshUpdaterEditor.cs: 169704080eda430978bba61ddedeb304 -> 
  custom:scripting/precompiled-assembly-types:Unity.AI.Navigation.Editor.ConversionSystem: 27c718e5de2659aeeb663e092dc21158 -> 
  custom:scripting/monoscript/fileName/NavMeshModifierEditor.cs: b8675d28116f43f78881455a7301fe8c -> 
  custom:container-muxer-webm: aa71ff27fc2769a1b78a27578f13a17b -> 
  custom:video-decoder-webm-vp8: 9c59270c3fd7afecdb556c50c9e8de78 -> 
  custom:scripting/precompiled-assembly-types:Unity.AI.Navigation.Editor: 7eaf38f66973fde07200cf372b24130e -> 
  custom:scripting/monoscript/fileName/HelpUrls.cs: c1a90585e3e9c9d25f58f9141655f24f -> 
  custom:scripting/monoscript/fileName/EditorStyles.cs: 86b9f4d8fe570a8d8295bfc466c975cf -> 
  custom:SearchIndexIgnoredProperties: e643bd26f0fe6173181afceb89e7c659 -> 
  custom:scripting/precompiled-assembly-types:Unity.AI.Navigation.Updater: d2095ddf03fd615830d6dacf5841450d -> 
  custom:scripting/monoscript/fileName/NavMeshLinkEditor.cs: aed8ae070d922149bb2ba3de06889ff6 -> 
  custom:AudioImporter_EditorPlatform: 3918e3fc78b5a79bad01e8451be0beb8 -> 
  custom:scripting/monoscript/fileName/NavMeshModifier.cs: 99ae5ed91bb784edc4f8312d7de046da -> 
  custom:scripting/monoscript/fileName/NavMeshSceneConverter.cs: baf486a1c1cdf03a3111dd113d13c2f4 -> 
  custom:scripting/monoscript/fileName/SystemConverterContainer.cs: eb4026ea01a117ce0888f693e9eed2cd -> 
  custom:scripting/monoscript/fileName/NavMeshLink.cs: 0b3d0eeb07ab57d259e8f9365538df09 -> 
  custom:framework-osx-AVFoundation: e770b220cccbd017edd2c1fefb359320 -> 
  custom:scripting/monoscript/fileName/ObsoleteNavigationWindowMenuEntry.cs: c7f73386e6473f401a8e4151cac4e1e5 -> 
  custom:scripting/monoscript/fileName/InitializeConverterContext.cs: a97e19589a5774cdc2a34a28caea355f -> 
  custom:scripting/monoscript/fileName/SystemConverter.cs: c748d1769fc66e95256254a1cc1497f3 -> 
  custom:video-encoder-webm-vp8: eb34c28f22e8b96e1ab97ce403110664 -> 
  custom:audio-decoder-ogg-vorbis: bf7c407c2cedff20999df2af8eb42d56 -> 
  custom:scripting/monoscript/fileName/Models.cs: 72a9bccda329dd678eddccf95c3a65ef -> 
  custom:scripting/monoscript/fileName/RunItemContext.cs: 338b2243183036c2b60f94c1b5e817c5 -> 
  custom:scripting/monoscript/fileName/CoordinatePoller.cs: c9ac2ca40c1a1dc312a717df933e1b50 -> 
  custom:audio-encoder-webm-vorbis: bf7c407c2cedff20999df2af8eb42d56 -> 
  custom:scripting/precompiled-assembly-types:Assembly-CSharp: 9e1db5b905b057d25667eb5c717acbf9 -> 
  custom:scripting/monoscript/fileName/SystemConvertersEditor.cs: c127c1335f24b77ca70195bf2136c6a2 -> 
========================================================================
Received Prepare
Caller must complete domain reload
Begin MonoManager ReloadAssembly
Thread 0x16b14b000 may have been prematurely finalized
- Loaded All Assemblies, in  0.349 seconds
Native extension for OSXStandalone target not found
Mono: successfully reloaded assembly
- Finished resetting the current domain, in  0.922 seconds
Domain Reload Profiling: 1271ms
	BeginReloadAssembly (112ms)
		ExecutionOrderSort (0ms)
		DisableScriptedObjects (5ms)
		BackupInstance (0ms)
		ReleaseScriptingObjects (0ms)
		CreateAndSetChildDomain (41ms)
	RebuildCommonClasses (26ms)
	RebuildNativeTypeToScriptingClass (9ms)
	initialDomainReloadingComplete (22ms)
	LoadAllAssembliesAndSetupDomain (180ms)
		LoadAssemblies (190ms)
		RebuildTransferFunctionScriptingTraits (0ms)
		AnalyzeDomain (29ms)
			TypeCache.Refresh (16ms)
				TypeCache.ScanAssembly (0ms)
			ScanForSourceGeneratedMonoScriptInfo (7ms)
			ResolveRequiredComponents (5ms)
	FinalizeReload (922ms)
		ReleaseScriptCaches (0ms)
		RebuildScriptCaches (0ms)
		SetupLoadedEditorAssemblies (449ms)
			LogAssemblyErrors (0ms)
			InitializePlatformSupportModulesInManaged (3ms)
			SetLoadedEditorAssemblies (3ms)
			RefreshPlugins (0ms)
			BeforeProcessingInitializeOnLoad (34ms)
			ProcessInitializeOnLoadAttributes (395ms)
			ProcessInitializeOnLoadMethodAttributes (13ms)
			AfterProcessingInitializeOnLoad (1ms)
			EditorAssembliesLoaded (0ms)
		ExecutionOrderSort2 (0ms)
		AwakeInstancesAfterBackupRestoration (3ms)
Refreshing native plugins compatible for Editor in 0.53 ms, found 2 plugins.
Preloading 0 native plugins for Editor in 0.00 ms.
Unloading 3272 Unused Serialized files (Serialized files now loaded: 0)
Unloading 13 unused Assets / (27.7 KB). Loaded Objects now: 3972.
Memory consumption went from 0.73 GB to 0.73 GB.
Total: 2.840959 ms (FindLiveObjects: 0.183750 ms CreateObjectMapping: 0.044042 ms MarkObjects: 2.578208 ms  DeleteObjects: 0.034167 ms)

Prepare: number of updated asset objects reloaded= 0
AssetImportParameters requested are different than current active one (requested -> active):
  custom:scripting/monoscript/fileName/NavMeshSurface.cs: 34aebd278d8d3d5db6b23265b9c700f9 -> 
  custom:scripting/monoscript/fileName/ObjectAgent.cs: e91ff64fdc0e2c351aa5461de0a543bc -> 
  custom:scripting/precompiled-assembly-types:Unity.AI.Navigation: 5d8fa505e3253b9a2a456e2c28a1afb3 -> 
  custom:container-demuxer-ogg: 62fdf1f143b41e24485cea50d1cbac27 -> 
  custom:scripting/monoscript/fileName/NavMeshModifierVolumeEditor.cs: 262a50135a116189426aa01c964a744c -> 
  custom:scripting/monoscript/fileName/NavigationOverlay.cs: 2744f4e7946ebbb71339c9b1ce538d00 -> 
  custom:scripting/monoscript/fileName/ConverterItemDescriptor.cs: 8182050d34c5cb602eb7913435a7abee -> 
  custom:scripting/monoscript/fileName/BuiltInToNavMeshSurfaceConverterContainer.cs: c40a906f9f99ea8a6c5aaa215767017f -> 
  custom:video-decoder-ogg-theora: a1e56fd34408186e4bbccfd4996cb3dc -> 
  custom:scripting/monoscript/fileName/NavigationWindow.cs: 7884404b71178f59d8819c380b951d7c -> 
  custom:scripting/monoscript/fileName/NavMeshComponentsGUIUtility.cs: 08c52049b94db52661003d42fda4ecff -> 
  custom:scripting/monoscript/fileName/ConverterItemInfo.cs: 9fb131dfa28a9ed6b6d00fd9cf83ece4 -> 
  custom:CustomObjectIndexerAttribute: 9a22284fe3817be447336de3de66b15e -> 
  custom:scripting/monoscript/fileName/NavMeshAssetManager.cs: 79eb4858c2054289cd611249ab36b0a5 -> 
  custom:scripting/monoscript/fileName/NavMeshSurfaceEditor.cs: adb1294e971eab992abc2e3e7e051565 -> 
  custom:container-demuxer-webm: 4f35f7cbe854078d1ac9338744f61a02 -> 
  custom:scripting/monoscript/fileName/NavMeshModifierVolume.cs: 8dc531216c72b86c60b86e16ff3da10b -> 
  custom:scripting/monoscript/fileName/NavMeshUpdaterUtility.cs: 5eb03802e6dba19b3e13aaf384805cac -> 
  custom:scripting/monoscript/fileName/NavigationPreferences.cs: ada9399a4f085d4c824cc06527e7fcae -> 
  custom:scripting/monoscript/fileName/NavMeshUpdaterEditor.cs: 169704080eda430978bba61ddedeb304 -> 
  custom:scripting/precompiled-assembly-types:Unity.AI.Navigation.Editor.ConversionSystem: 27c718e5de2659aeeb663e092dc21158 -> 
  custom:scripting/monoscript/fileName/NavMeshModifierEditor.cs: b8675d28116f43f78881455a7301fe8c -> 
  custom:container-muxer-webm: aa71ff27fc2769a1b78a27578f13a17b -> 
  custom:video-decoder-webm-vp8: 9c59270c3fd7afecdb556c50c9e8de78 -> 
  custom:scripting/precompiled-assembly-types:Unity.AI.Navigation.Editor: 7eaf38f66973fde07200cf372b24130e -> 
  custom:scripting/monoscript/fileName/HelpUrls.cs: c1a90585e3e9c9d25f58f9141655f24f -> 
  custom:scripting/monoscript/fileName/EditorStyles.cs: 86b9f4d8fe570a8d8295bfc466c975cf -> 
  custom:SearchIndexIgnoredProperties: e643bd26f0fe6173181afceb89e7c659 -> 
  custom:scripting/precompiled-assembly-types:Unity.AI.Navigation.Updater: d2095ddf03fd615830d6dacf5841450d -> 
  custom:scripting/monoscript/fileName/NavMeshLinkEditor.cs: aed8ae070d922149bb2ba3de06889ff6 -> 
  custom:AudioImporter_EditorPlatform: 3918e3fc78b5a79bad01e8451be0beb8 -> 
  custom:scripting/monoscript/fileName/NavMeshModifier.cs: 99ae5ed91bb784edc4f8312d7de046da -> 
  custom:scripting/monoscript/fileName/NavMeshSceneConverter.cs: baf486a1c1cdf03a3111dd113d13c2f4 -> 
  custom:scripting/monoscript/fileName/SystemConverterContainer.cs: eb4026ea01a117ce0888f693e9eed2cd -> 
  custom:scripting/monoscript/fileName/NavMeshLink.cs: 0b3d0eeb07ab57d259e8f9365538df09 -> 
  custom:framework-osx-AVFoundation: e770b220cccbd017edd2c1fefb359320 -> 
  custom:scripting/monoscript/fileName/ObsoleteNavigationWindowMenuEntry.cs: c7f73386e6473f401a8e4151cac4e1e5 -> 
  custom:scripting/monoscript/fileName/InitializeConverterContext.cs: a97e19589a5774cdc2a34a28caea355f -> 
  custom:scripting/monoscript/fileName/SystemConverter.cs: c748d1769fc66e95256254a1cc1497f3 -> 
  custom:video-encoder-webm-vp8: eb34c28f22e8b96e1ab97ce403110664 -> 
  custom:audio-decoder-ogg-vorbis: bf7c407c2cedff20999df2af8eb42d56 -> 
  custom:scripting/monoscript/fileName/Models.cs: 72a9bccda329dd678eddccf95c3a65ef -> 
  custom:scripting/monoscript/fileName/RunItemContext.cs: 338b2243183036c2b60f94c1b5e817c5 -> 
  custom:scripting/monoscript/fileName/CoordinatePoller.cs: c9ac2ca40c1a1dc312a717df933e1b50 -> 
  custom:audio-encoder-webm-vorbis: bf7c407c2cedff20999df2af8eb42d56 -> 
  custom:scripting/precompiled-assembly-types:Assembly-CSharp: ece07e25e10e9f45b8922d7850511bea -> 
  custom:scripting/monoscript/fileName/SystemConvertersEditor.cs: c127c1335f24b77ca70195bf2136c6a2 -> 
========================================================================
Received Prepare
Caller must complete domain reload
Begin MonoManager ReloadAssembly
Thread 0x16b14b000 may have been prematurely finalized
- Loaded All Assemblies, in  0.391 seconds
Native extension for OSXStandalone target not found
Mono: successfully reloaded assembly
- Finished resetting the current domain, in  0.832 seconds
Domain Reload Profiling: 1224ms
	BeginReloadAssembly (126ms)
		ExecutionOrderSort (0ms)
		DisableScriptedObjects (3ms)
		BackupInstance (0ms)
		ReleaseScriptingObjects (0ms)
		CreateAndSetChildDomain (57ms)
	RebuildCommonClasses (24ms)
	RebuildNativeTypeToScriptingClass (8ms)
	initialDomainReloadingComplete (18ms)
	LoadAllAssembliesAndSetupDomain (214ms)
		LoadAssemblies (220ms)
		RebuildTransferFunctionScriptingTraits (0ms)
		AnalyzeDomain (32ms)
			TypeCache.Refresh (22ms)
				TypeCache.ScanAssembly (0ms)
			ScanForSourceGeneratedMonoScriptInfo (0ms)
			ResolveRequiredComponents (8ms)
	FinalizeReload (833ms)
		ReleaseScriptCaches (0ms)
		RebuildScriptCaches (0ms)
		SetupLoadedEditorAssemblies (395ms)
			LogAssemblyErrors (0ms)
			InitializePlatformSupportModulesInManaged (3ms)
			SetLoadedEditorAssemblies (3ms)
			RefreshPlugins (0ms)
			BeforeProcessingInitializeOnLoad (36ms)
			ProcessInitializeOnLoadAttributes (339ms)
			ProcessInitializeOnLoadMethodAttributes (12ms)
			AfterProcessingInitializeOnLoad (1ms)
			EditorAssembliesLoaded (0ms)
		ExecutionOrderSort2 (0ms)
		AwakeInstancesAfterBackupRestoration (3ms)
Refreshing native plugins compatible for Editor in 0.56 ms, found 2 plugins.
Preloading 0 native plugins for Editor in 0.00 ms.
Unloading 3272 Unused Serialized files (Serialized files now loaded: 0)
Unloading 13 unused Assets / (27.8 KB). Loaded Objects now: 3975.
Memory consumption went from 0.74 GB to 0.74 GB.
Total: 3.097084 ms (FindLiveObjects: 0.181000 ms CreateObjectMapping: 0.043041 ms MarkObjects: 2.826209 ms  DeleteObjects: 0.045042 ms)

Prepare: number of updated asset objects reloaded= 0
AssetImportParameters requested are different than current active one (requested -> active):
  custom:scripting/monoscript/fileName/NavMeshSurface.cs: 34aebd278d8d3d5db6b23265b9c700f9 -> 
  custom:scripting/monoscript/fileName/ObjectAgent.cs: e91ff64fdc0e2c351aa5461de0a543bc -> 
  custom:scripting/precompiled-assembly-types:Unity.AI.Navigation: 5d8fa505e3253b9a2a456e2c28a1afb3 -> 
  custom:container-demuxer-ogg: 62fdf1f143b41e24485cea50d1cbac27 -> 
  custom:scripting/monoscript/fileName/NavMeshModifierVolumeEditor.cs: 262a50135a116189426aa01c964a744c -> 
  custom:scripting/monoscript/fileName/NavigationOverlay.cs: 2744f4e7946ebbb71339c9b1ce538d00 -> 
  custom:scripting/monoscript/fileName/ConverterItemDescriptor.cs: 8182050d34c5cb602eb7913435a7abee -> 
  custom:scripting/monoscript/fileName/BuiltInToNavMeshSurfaceConverterContainer.cs: c40a906f9f99ea8a6c5aaa215767017f -> 
  custom:video-decoder-ogg-theora: a1e56fd34408186e4bbccfd4996cb3dc -> 
  custom:scripting/monoscript/fileName/NavigationWindow.cs: 7884404b71178f59d8819c380b951d7c -> 
  custom:scripting/monoscript/fileName/NavMeshComponentsGUIUtility.cs: 08c52049b94db52661003d42fda4ecff -> 
  custom:scripting/monoscript/fileName/ConverterItemInfo.cs: 9fb131dfa28a9ed6b6d00fd9cf83ece4 -> 
  custom:CustomObjectIndexerAttribute: 9a22284fe3817be447336de3de66b15e -> 
  custom:scripting/monoscript/fileName/NavMeshAssetManager.cs: 79eb4858c2054289cd611249ab36b0a5 -> 
  custom:scripting/monoscript/fileName/NavMeshSurfaceEditor.cs: adb1294e971eab992abc2e3e7e051565 -> 
  custom:container-demuxer-webm: 4f35f7cbe854078d1ac9338744f61a02 -> 
  custom:scripting/monoscript/fileName/NavMeshModifierVolume.cs: 8dc531216c72b86c60b86e16ff3da10b -> 
  custom:scripting/monoscript/fileName/NavMeshUpdaterUtility.cs: 5eb03802e6dba19b3e13aaf384805cac -> 
  custom:scripting/monoscript/fileName/NavigationPreferences.cs: ada9399a4f085d4c824cc06527e7fcae -> 
  custom:scripting/monoscript/fileName/NavMeshUpdaterEditor.cs: 169704080eda430978bba61ddedeb304 -> 
  custom:scripting/precompiled-assembly-types:Unity.AI.Navigation.Editor.ConversionSystem: 27c718e5de2659aeeb663e092dc21158 -> 
  custom:scripting/monoscript/fileName/NavMeshModifierEditor.cs: b8675d28116f43f78881455a7301fe8c -> 
  custom:container-muxer-webm: aa71ff27fc2769a1b78a27578f13a17b -> 
  custom:video-decoder-webm-vp8: 9c59270c3fd7afecdb556c50c9e8de78 -> 
  custom:scripting/precompiled-assembly-types:Unity.AI.Navigation.Editor: 7eaf38f66973fde07200cf372b24130e -> 
  custom:scripting/monoscript/fileName/HelpUrls.cs: c1a90585e3e9c9d25f58f9141655f24f -> 
  custom:scripting/monoscript/fileName/EditorStyles.cs: 86b9f4d8fe570a8d8295bfc466c975cf -> 
  custom:SearchIndexIgnoredProperties: e643bd26f0fe6173181afceb89e7c659 -> 
  custom:scripting/precompiled-assembly-types:Unity.AI.Navigation.Updater: d2095ddf03fd615830d6dacf5841450d -> 
  custom:scripting/monoscript/fileName/NavMeshLinkEditor.cs: aed8ae070d922149bb2ba3de06889ff6 -> 
  custom:AudioImporter_EditorPlatform: 3918e3fc78b5a79bad01e8451be0beb8 -> 
  custom:scripting/monoscript/fileName/NavMeshModifier.cs: 99ae5ed91bb784edc4f8312d7de046da -> 
  custom:scripting/monoscript/fileName/NavMeshSceneConverter.cs: baf486a1c1cdf03a3111dd113d13c2f4 -> 
  custom:scripting/monoscript/fileName/SystemConverterContainer.cs: eb4026ea01a117ce0888f693e9eed2cd -> 
  custom:scripting/monoscript/fileName/NavMeshLink.cs: 0b3d0eeb07ab57d259e8f9365538df09 -> 
  custom:framework-osx-AVFoundation: e770b220cccbd017edd2c1fefb359320 -> 
  custom:scripting/monoscript/fileName/ObsoleteNavigationWindowMenuEntry.cs: c7f73386e6473f401a8e4151cac4e1e5 -> 
  custom:scripting/monoscript/fileName/InitializeConverterContext.cs: a97e19589a5774cdc2a34a28caea355f -> 
  custom:scripting/monoscript/fileName/SystemConverter.cs: c748d1769fc66e95256254a1cc1497f3 -> 
  custom:video-encoder-webm-vp8: eb34c28f22e8b96e1ab97ce403110664 -> 
  custom:audio-decoder-ogg-vorbis: bf7c407c2cedff20999df2af8eb42d56 -> 
  custom:scripting/monoscript/fileName/Models.cs: 72a9bccda329dd678eddccf95c3a65ef -> 
  custom:scripting/monoscript/fileName/RunItemContext.cs: 338b2243183036c2b60f94c1b5e817c5 -> 
  custom:scripting/monoscript/fileName/CoordinatePoller.cs: c9ac2ca40c1a1dc312a717df933e1b50 -> 
  custom:audio-encoder-webm-vorbis: bf7c407c2cedff20999df2af8eb42d56 -> 
  custom:scripting/precompiled-assembly-types:Assembly-CSharp: ece07e25e10e9f45b8922d7850511bea -> 
  custom:scripting/monoscript/fileName/SystemConvertersEditor.cs: c127c1335f24b77ca70195bf2136c6a2 -> 
========================================================================
Received Prepare
Caller must complete domain reload
Begin MonoManager ReloadAssembly
Thread 0x16b14b000 may have been prematurely finalized
- Loaded All Assemblies, in  0.390 seconds
Native extension for OSXStandalone target not found
Mono: successfully reloaded assembly
- Finished resetting the current domain, in  0.862 seconds
Domain Reload Profiling: 1254ms
	BeginReloadAssembly (124ms)
		ExecutionOrderSort (0ms)
		DisableScriptedObjects (3ms)
		BackupInstance (0ms)
		ReleaseScriptingObjects (0ms)
		CreateAndSetChildDomain (55ms)
	RebuildCommonClasses (24ms)
	RebuildNativeTypeToScriptingClass (8ms)
	initialDomainReloadingComplete (18ms)
	LoadAllAssembliesAndSetupDomain (216ms)
		LoadAssemblies (235ms)
		RebuildTransferFunctionScriptingTraits (0ms)
		AnalyzeDomain (19ms)
			TypeCache.Refresh (12ms)
				TypeCache.ScanAssembly (0ms)
			ScanForSourceGeneratedMonoScriptInfo (0ms)
			ResolveRequiredComponents (5ms)
	FinalizeReload (863ms)
		ReleaseScriptCaches (0ms)
		RebuildScriptCaches (0ms)
		SetupLoadedEditorAssemblies (391ms)
			LogAssemblyErrors (0ms)
			InitializePlatformSupportModulesInManaged (5ms)
			SetLoadedEditorAssemblies (3ms)
			RefreshPlugins (0ms)
			BeforeProcessingInitializeOnLoad (37ms)
			ProcessInitializeOnLoadAttributes (333ms)
			ProcessInitializeOnLoadMethodAttributes (12ms)
			AfterProcessingInitializeOnLoad (1ms)
			EditorAssembliesLoaded (0ms)
		ExecutionOrderSort2 (0ms)
		AwakeInstancesAfterBackupRestoration (3ms)
Refreshing native plugins compatible for Editor in 0.86 ms, found 2 plugins.
Preloading 0 native plugins for Editor in 0.00 ms.
Unloading 3272 Unused Serialized files (Serialized files now loaded: 0)
Unloading 13 unused Assets / (27.8 KB). Loaded Objects now: 3978.
Memory consumption went from 0.75 GB to 0.75 GB.
Total: 3.432167 ms (FindLiveObjects: 0.169208 ms CreateObjectMapping: 0.050458 ms MarkObjects: 3.136542 ms  DeleteObjects: 0.075250 ms)

Prepare: number of updated asset objects reloaded= 0
AssetImportParameters requested are different than current active one (requested -> active):
  custom:scripting/monoscript/fileName/NavMeshSurface.cs: 34aebd278d8d3d5db6b23265b9c700f9 -> 
  custom:scripting/monoscript/fileName/ObjectAgent.cs: e91ff64fdc0e2c351aa5461de0a543bc -> 
  custom:scripting/precompiled-assembly-types:Unity.AI.Navigation: 5d8fa505e3253b9a2a456e2c28a1afb3 -> 
  custom:container-demuxer-ogg: 62fdf1f143b41e24485cea50d1cbac27 -> 
  custom:scripting/monoscript/fileName/NavMeshModifierVolumeEditor.cs: 262a50135a116189426aa01c964a744c -> 
  custom:scripting/monoscript/fileName/NavigationOverlay.cs: 2744f4e7946ebbb71339c9b1ce538d00 -> 
  custom:scripting/monoscript/fileName/ConverterItemDescriptor.cs: 8182050d34c5cb602eb7913435a7abee -> 
  custom:scripting/monoscript/fileName/BuiltInToNavMeshSurfaceConverterContainer.cs: c40a906f9f99ea8a6c5aaa215767017f -> 
  custom:video-decoder-ogg-theora: a1e56fd34408186e4bbccfd4996cb3dc -> 
  custom:scripting/monoscript/fileName/NavigationWindow.cs: 7884404b71178f59d8819c380b951d7c -> 
  custom:scripting/monoscript/fileName/NavMeshComponentsGUIUtility.cs: 08c52049b94db52661003d42fda4ecff -> 
  custom:scripting/monoscript/fileName/ConverterItemInfo.cs: 9fb131dfa28a9ed6b6d00fd9cf83ece4 -> 
  custom:CustomObjectIndexerAttribute: 9a22284fe3817be447336de3de66b15e -> 
  custom:scripting/monoscript/fileName/NavMeshAssetManager.cs: 79eb4858c2054289cd611249ab36b0a5 -> 
  custom:scripting/monoscript/fileName/NavMeshSurfaceEditor.cs: adb1294e971eab992abc2e3e7e051565 -> 
  custom:container-demuxer-webm: 4f35f7cbe854078d1ac9338744f61a02 -> 
  custom:scripting/monoscript/fileName/NavMeshModifierVolume.cs: 8dc531216c72b86c60b86e16ff3da10b -> 
  custom:scripting/monoscript/fileName/NavMeshUpdaterUtility.cs: 5eb03802e6dba19b3e13aaf384805cac -> 
  custom:scripting/monoscript/fileName/NavigationPreferences.cs: ada9399a4f085d4c824cc06527e7fcae -> 
  custom:scripting/monoscript/fileName/NavMeshUpdaterEditor.cs: 169704080eda430978bba61ddedeb304 -> 
  custom:scripting/precompiled-assembly-types:Unity.AI.Navigation.Editor.ConversionSystem: 27c718e5de2659aeeb663e092dc21158 -> 
  custom:scripting/monoscript/fileName/NavMeshModifierEditor.cs: b8675d28116f43f78881455a7301fe8c -> 
  custom:container-muxer-webm: aa71ff27fc2769a1b78a27578f13a17b -> 
  custom:video-decoder-webm-vp8: 9c59270c3fd7afecdb556c50c9e8de78 -> 
  custom:scripting/precompiled-assembly-types:Unity.AI.Navigation.Editor: 7eaf38f66973fde07200cf372b24130e -> 
  custom:scripting/monoscript/fileName/HelpUrls.cs: c1a90585e3e9c9d25f58f9141655f24f -> 
  custom:scripting/monoscript/fileName/EditorStyles.cs: 86b9f4d8fe570a8d8295bfc466c975cf -> 
  custom:SearchIndexIgnoredProperties: e643bd26f0fe6173181afceb89e7c659 -> 
  custom:scripting/precompiled-assembly-types:Unity.AI.Navigation.Updater: d2095ddf03fd615830d6dacf5841450d -> 
  custom:scripting/monoscript/fileName/NavMeshLinkEditor.cs: aed8ae070d922149bb2ba3de06889ff6 -> 
  custom:AudioImporter_EditorPlatform: 3918e3fc78b5a79bad01e8451be0beb8 -> 
  custom:scripting/monoscript/fileName/NavMeshModifier.cs: 99ae5ed91bb784edc4f8312d7de046da -> 
  custom:scripting/monoscript/fileName/NavMeshSceneConverter.cs: baf486a1c1cdf03a3111dd113d13c2f4 -> 
  custom:scripting/monoscript/fileName/SystemConverterContainer.cs: eb4026ea01a117ce0888f693e9eed2cd -> 
  custom:scripting/monoscript/fileName/NavMeshLink.cs: 0b3d0eeb07ab57d259e8f9365538df09 -> 
  custom:framework-osx-AVFoundation: e770b220cccbd017edd2c1fefb359320 -> 
  custom:scripting/monoscript/fileName/ObsoleteNavigationWindowMenuEntry.cs: c7f73386e6473f401a8e4151cac4e1e5 -> 
  custom:scripting/monoscript/fileName/InitializeConverterContext.cs: a97e19589a5774cdc2a34a28caea355f -> 
  custom:scripting/monoscript/fileName/SystemConverter.cs: c748d1769fc66e95256254a1cc1497f3 -> 
  custom:video-encoder-webm-vp8: eb34c28f22e8b96e1ab97ce403110664 -> 
  custom:audio-decoder-ogg-vorbis: bf7c407c2cedff20999df2af8eb42d56 -> 
  custom:scripting/monoscript/fileName/Models.cs: 72a9bccda329dd678eddccf95c3a65ef -> 
  custom:scripting/monoscript/fileName/RunItemContext.cs: 338b2243183036c2b60f94c1b5e817c5 -> 
  custom:scripting/monoscript/fileName/CoordinatePoller.cs: c9ac2ca40c1a1dc312a717df933e1b50 -> 
  custom:audio-encoder-webm-vorbis: bf7c407c2cedff20999df2af8eb42d56 -> 
  custom:scripting/precompiled-assembly-types:Assembly-CSharp: ece07e25e10e9f45b8922d7850511bea -> 
  custom:scripting/monoscript/fileName/SystemConvertersEditor.cs: c127c1335f24b77ca70195bf2136c6a2 -> 
========================================================================
Received Prepare
Caller must complete domain reload
Begin MonoManager ReloadAssembly
Thread 0x16b14b000 may have been prematurely finalized
- Loaded All Assemblies, in  0.341 seconds
Native extension for OSXStandalone target not found
Mono: successfully reloaded assembly
- Finished resetting the current domain, in  0.815 seconds
Domain Reload Profiling: 1156ms
	BeginReloadAssembly (144ms)
		ExecutionOrderSort (0ms)
		DisableScriptedObjects (5ms)
		BackupInstance (0ms)
		ReleaseScriptingObjects (0ms)
		CreateAndSetChildDomain (59ms)
	RebuildCommonClasses (24ms)
	RebuildNativeTypeToScriptingClass (9ms)
	initialDomainReloadingComplete (22ms)
	LoadAllAssembliesAndSetupDomain (142ms)
		LoadAssemblies (162ms)
		RebuildTransferFunctionScriptingTraits (0ms)
		AnalyzeDomain (18ms)
			TypeCache.Refresh (9ms)
				TypeCache.ScanAssembly (0ms)
			ScanForSourceGeneratedMonoScriptInfo (5ms)
			ResolveRequiredComponents (4ms)
	FinalizeReload (815ms)
		ReleaseScriptCaches (0ms)
		RebuildScriptCaches (0ms)
		SetupLoadedEditorAssemblies (358ms)
			LogAssemblyErrors (0ms)
			InitializePlatformSupportModulesInManaged (3ms)
			SetLoadedEditorAssemblies (3ms)
			RefreshPlugins (0ms)
			BeforeProcessingInitializeOnLoad (34ms)
			ProcessInitializeOnLoadAttributes (306ms)
			ProcessInitializeOnLoadMethodAttributes (11ms)
			AfterProcessingInitializeOnLoad (1ms)
			EditorAssembliesLoaded (0ms)
		ExecutionOrderSort2 (0ms)
		AwakeInstancesAfterBackupRestoration (3ms)
Refreshing native plugins compatible for Editor in 1.46 ms, found 2 plugins.
Preloading 0 native plugins for Editor in 0.00 ms.
Unloading 3272 Unused Serialized files (Serialized files now loaded: 0)
Unloading 13 unused Assets / (27.8 KB). Loaded Objects now: 3981.
Memory consumption went from 0.76 GB to 0.76 GB.
Total: 2.926666 ms (FindLiveObjects: 0.139542 ms CreateObjectMapping: 0.043167 ms MarkObjects: 2.693666 ms  DeleteObjects: 0.049333 ms)

Prepare: number of updated asset objects reloaded= 0
AssetImportParameters requested are different than current active one (requested -> active):
  custom:scripting/monoscript/fileName/NavMeshSurface.cs: 34aebd278d8d3d5db6b23265b9c700f9 -> 
  custom:scripting/monoscript/fileName/ObjectAgent.cs: e91ff64fdc0e2c351aa5461de0a543bc -> 
  custom:scripting/precompiled-assembly-types:Unity.AI.Navigation: 5d8fa505e3253b9a2a456e2c28a1afb3 -> 
  custom:container-demuxer-ogg: 62fdf1f143b41e24485cea50d1cbac27 -> 
  custom:scripting/monoscript/fileName/NavMeshModifierVolumeEditor.cs: 262a50135a116189426aa01c964a744c -> 
  custom:scripting/monoscript/fileName/NavigationOverlay.cs: 2744f4e7946ebbb71339c9b1ce538d00 -> 
  custom:scripting/monoscript/fileName/ConverterItemDescriptor.cs: 8182050d34c5cb602eb7913435a7abee -> 
  custom:scripting/monoscript/fileName/BuiltInToNavMeshSurfaceConverterContainer.cs: c40a906f9f99ea8a6c5aaa215767017f -> 
  custom:video-decoder-ogg-theora: a1e56fd34408186e4bbccfd4996cb3dc -> 
  custom:scripting/monoscript/fileName/NavigationWindow.cs: 7884404b71178f59d8819c380b951d7c -> 
  custom:scripting/monoscript/fileName/NavMeshComponentsGUIUtility.cs: 08c52049b94db52661003d42fda4ecff -> 
  custom:scripting/monoscript/fileName/ConverterItemInfo.cs: 9fb131dfa28a9ed6b6d00fd9cf83ece4 -> 
  custom:CustomObjectIndexerAttribute: 9a22284fe3817be447336de3de66b15e -> 
  custom:scripting/monoscript/fileName/NavMeshAssetManager.cs: 79eb4858c2054289cd611249ab36b0a5 -> 
  custom:scripting/monoscript/fileName/NavMeshSurfaceEditor.cs: adb1294e971eab992abc2e3e7e051565 -> 
  custom:container-demuxer-webm: 4f35f7cbe854078d1ac9338744f61a02 -> 
  custom:scripting/monoscript/fileName/NavMeshModifierVolume.cs: 8dc531216c72b86c60b86e16ff3da10b -> 
  custom:scripting/monoscript/fileName/NavMeshUpdaterUtility.cs: 5eb03802e6dba19b3e13aaf384805cac -> 
  custom:scripting/monoscript/fileName/NavigationPreferences.cs: ada9399a4f085d4c824cc06527e7fcae -> 
  custom:scripting/monoscript/fileName/NavMeshUpdaterEditor.cs: 169704080eda430978bba61ddedeb304 -> 
  custom:scripting/precompiled-assembly-types:Unity.AI.Navigation.Editor.ConversionSystem: 27c718e5de2659aeeb663e092dc21158 -> 
  custom:scripting/monoscript/fileName/NavMeshModifierEditor.cs: b8675d28116f43f78881455a7301fe8c -> 
  custom:container-muxer-webm: aa71ff27fc2769a1b78a27578f13a17b -> 
  custom:video-decoder-webm-vp8: 9c59270c3fd7afecdb556c50c9e8de78 -> 
  custom:scripting/precompiled-assembly-types:Unity.AI.Navigation.Editor: 7eaf38f66973fde07200cf372b24130e -> 
  custom:scripting/monoscript/fileName/HelpUrls.cs: c1a90585e3e9c9d25f58f9141655f24f -> 
  custom:scripting/monoscript/fileName/EditorStyles.cs: 86b9f4d8fe570a8d8295bfc466c975cf -> 
  custom:SearchIndexIgnoredProperties: e643bd26f0fe6173181afceb89e7c659 -> 
  custom:scripting/precompiled-assembly-types:Unity.AI.Navigation.Updater: d2095ddf03fd615830d6dacf5841450d -> 
  custom:scripting/monoscript/fileName/NavMeshLinkEditor.cs: aed8ae070d922149bb2ba3de06889ff6 -> 
  custom:AudioImporter_EditorPlatform: 3918e3fc78b5a79bad01e8451be0beb8 -> 
  custom:scripting/monoscript/fileName/NavMeshModifier.cs: 99ae5ed91bb784edc4f8312d7de046da -> 
  custom:scripting/monoscript/fileName/NavMeshSceneConverter.cs: baf486a1c1cdf03a3111dd113d13c2f4 -> 
  custom:scripting/monoscript/fileName/SystemConverterContainer.cs: eb4026ea01a117ce0888f693e9eed2cd -> 
  custom:scripting/monoscript/fileName/NavMeshLink.cs: 0b3d0eeb07ab57d259e8f9365538df09 -> 
  custom:framework-osx-AVFoundation: e770b220cccbd017edd2c1fefb359320 -> 
  custom:scripting/monoscript/fileName/ObsoleteNavigationWindowMenuEntry.cs: c7f73386e6473f401a8e4151cac4e1e5 -> 
  custom:scripting/monoscript/fileName/InitializeConverterContext.cs: a97e19589a5774cdc2a34a28caea355f -> 
  custom:scripting/monoscript/fileName/SystemConverter.cs: c748d1769fc66e95256254a1cc1497f3 -> 
  custom:video-encoder-webm-vp8: eb34c28f22e8b96e1ab97ce403110664 -> 
  custom:audio-decoder-ogg-vorbis: bf7c407c2cedff20999df2af8eb42d56 -> 
  custom:scripting/monoscript/fileName/Models.cs: 72a9bccda329dd678eddccf95c3a65ef -> 
  custom:scripting/monoscript/fileName/RunItemContext.cs: 338b2243183036c2b60f94c1b5e817c5 -> 
  custom:scripting/monoscript/fileName/CoordinatePoller.cs: c9ac2ca40c1a1dc312a717df933e1b50 -> 
  custom:audio-encoder-webm-vorbis: bf7c407c2cedff20999df2af8eb42d56 -> 
  custom:scripting/precompiled-assembly-types:Assembly-CSharp: efba84a7c0800ba2e3f8a40d128c3ac8 -> 
  custom:scripting/monoscript/fileName/SystemConvertersEditor.cs: c127c1335f24b77ca70195bf2136c6a2 -> 
========================================================================
Received Prepare
Caller must complete domain reload
Begin MonoManager ReloadAssembly
Thread 0x16b14b000 may have been prematurely finalized
- Loaded All Assemblies, in  0.396 seconds
Native extension for OSXStandalone target not found
Mono: successfully reloaded assembly
- Finished resetting the current domain, in  0.745 seconds
Domain Reload Profiling: 1142ms
	BeginReloadAssembly (136ms)
		ExecutionOrderSort (0ms)
		DisableScriptedObjects (5ms)
		BackupInstance (0ms)
		ReleaseScriptingObjects (0ms)
		CreateAndSetChildDomain (63ms)
	RebuildCommonClasses (25ms)
	RebuildNativeTypeToScriptingClass (9ms)
	initialDomainReloadingComplete (19ms)
	LoadAllAssembliesAndSetupDomain (208ms)
		LoadAssemblies (227ms)
		RebuildTransferFunctionScriptingTraits (0ms)
		AnalyzeDomain (19ms)
			TypeCache.Refresh (15ms)
				TypeCache.ScanAssembly (0ms)
			ScanForSourceGeneratedMonoScriptInfo (0ms)
			ResolveRequiredComponents (4ms)
	FinalizeReload (746ms)
		ReleaseScriptCaches (0ms)
		RebuildScriptCaches (0ms)
		SetupLoadedEditorAssemblies (385ms)
			LogAssemblyErrors (0ms)
			InitializePlatformSupportModulesInManaged (3ms)
			SetLoadedEditorAssemblies (3ms)
			RefreshPlugins (0ms)
			BeforeProcessingInitializeOnLoad (35ms)
			ProcessInitializeOnLoadAttributes (330ms)
			ProcessInitializeOnLoadMethodAttributes (12ms)
			AfterProcessingInitializeOnLoad (1ms)
			EditorAssembliesLoaded (0ms)
		ExecutionOrderSort2 (0ms)
		AwakeInstancesAfterBackupRestoration (3ms)
Refreshing native plugins compatible for Editor in 0.62 ms, found 2 plugins.
Preloading 0 native plugins for Editor in 0.00 ms.
Unloading 3272 Unused Serialized files (Serialized files now loaded: 0)
Unloading 13 unused Assets / (27.7 KB). Loaded Objects now: 3984.
Memory consumption went from 0.77 GB to 0.77 GB.
Total: 3.126209 ms (FindLiveObjects: 0.145625 ms CreateObjectMapping: 0.061875 ms MarkObjects: 2.874958 ms  DeleteObjects: 0.042667 ms)

Prepare: number of updated asset objects reloaded= 0
AssetImportParameters requested are different than current active one (requested -> active):
  custom:scripting/monoscript/fileName/NavMeshSurface.cs: 34aebd278d8d3d5db6b23265b9c700f9 -> 
  custom:scripting/monoscript/fileName/ObjectAgent.cs: e91ff64fdc0e2c351aa5461de0a543bc -> 
  custom:scripting/precompiled-assembly-types:Unity.AI.Navigation: 5d8fa505e3253b9a2a456e2c28a1afb3 -> 
  custom:container-demuxer-ogg: 62fdf1f143b41e24485cea50d1cbac27 -> 
  custom:scripting/monoscript/fileName/NavMeshModifierVolumeEditor.cs: 262a50135a116189426aa01c964a744c -> 
  custom:scripting/monoscript/fileName/NavigationOverlay.cs: 2744f4e7946ebbb71339c9b1ce538d00 -> 
  custom:scripting/monoscript/fileName/ConverterItemDescriptor.cs: 8182050d34c5cb602eb7913435a7abee -> 
  custom:scripting/monoscript/fileName/BuiltInToNavMeshSurfaceConverterContainer.cs: c40a906f9f99ea8a6c5aaa215767017f -> 
  custom:video-decoder-ogg-theora: a1e56fd34408186e4bbccfd4996cb3dc -> 
  custom:scripting/monoscript/fileName/NavigationWindow.cs: 7884404b71178f59d8819c380b951d7c -> 
  custom:scripting/monoscript/fileName/NavMeshComponentsGUIUtility.cs: 08c52049b94db52661003d42fda4ecff -> 
  custom:scripting/monoscript/fileName/ConverterItemInfo.cs: 9fb131dfa28a9ed6b6d00fd9cf83ece4 -> 
  custom:CustomObjectIndexerAttribute: 9a22284fe3817be447336de3de66b15e -> 
  custom:scripting/monoscript/fileName/NavMeshAssetManager.cs: 79eb4858c2054289cd611249ab36b0a5 -> 
  custom:scripting/monoscript/fileName/NavMeshSurfaceEditor.cs: adb1294e971eab992abc2e3e7e051565 -> 
  custom:container-demuxer-webm: 4f35f7cbe854078d1ac9338744f61a02 -> 
  custom:scripting/monoscript/fileName/NavMeshModifierVolume.cs: 8dc531216c72b86c60b86e16ff3da10b -> 
  custom:scripting/monoscript/fileName/NavMeshUpdaterUtility.cs: 5eb03802e6dba19b3e13aaf384805cac -> 
  custom:scripting/monoscript/fileName/NavigationPreferences.cs: ada9399a4f085d4c824cc06527e7fcae -> 
  custom:scripting/monoscript/fileName/NavMeshUpdaterEditor.cs: 169704080eda430978bba61ddedeb304 -> 
  custom:scripting/precompiled-assembly-types:Unity.AI.Navigation.Editor.ConversionSystem: 27c718e5de2659aeeb663e092dc21158 -> 
  custom:scripting/monoscript/fileName/NavMeshModifierEditor.cs: b8675d28116f43f78881455a7301fe8c -> 
  custom:container-muxer-webm: aa71ff27fc2769a1b78a27578f13a17b -> 
  custom:video-decoder-webm-vp8: 9c59270c3fd7afecdb556c50c9e8de78 -> 
  custom:scripting/precompiled-assembly-types:Unity.AI.Navigation.Editor: 7eaf38f66973fde07200cf372b24130e -> 
  custom:scripting/monoscript/fileName/HelpUrls.cs: c1a90585e3e9c9d25f58f9141655f24f -> 
  custom:scripting/monoscript/fileName/EditorStyles.cs: 86b9f4d8fe570a8d8295bfc466c975cf -> 
  custom:SearchIndexIgnoredProperties: e643bd26f0fe6173181afceb89e7c659 -> 
  custom:scripting/precompiled-assembly-types:Unity.AI.Navigation.Updater: d2095ddf03fd615830d6dacf5841450d -> 
  custom:scripting/monoscript/fileName/NavMeshLinkEditor.cs: aed8ae070d922149bb2ba3de06889ff6 -> 
  custom:AudioImporter_EditorPlatform: 3918e3fc78b5a79bad01e8451be0beb8 -> 
  custom:scripting/monoscript/fileName/NavMeshModifier.cs: 99ae5ed91bb784edc4f8312d7de046da -> 
  custom:scripting/monoscript/fileName/NavMeshSceneConverter.cs: baf486a1c1cdf03a3111dd113d13c2f4 -> 
  custom:scripting/monoscript/fileName/SystemConverterContainer.cs: eb4026ea01a117ce0888f693e9eed2cd -> 
  custom:scripting/monoscript/fileName/NavMeshLink.cs: 0b3d0eeb07ab57d259e8f9365538df09 -> 
  custom:framework-osx-AVFoundation: e770b220cccbd017edd2c1fefb359320 -> 
  custom:scripting/monoscript/fileName/ObsoleteNavigationWindowMenuEntry.cs: c7f73386e6473f401a8e4151cac4e1e5 -> 
  custom:scripting/monoscript/fileName/InitializeConverterContext.cs: a97e19589a5774cdc2a34a28caea355f -> 
  custom:scripting/monoscript/fileName/SystemConverter.cs: c748d1769fc66e95256254a1cc1497f3 -> 
  custom:video-encoder-webm-vp8: eb34c28f22e8b96e1ab97ce403110664 -> 
  custom:audio-decoder-ogg-vorbis: bf7c407c2cedff20999df2af8eb42d56 -> 
  custom:scripting/monoscript/fileName/Models.cs: 72a9bccda329dd678eddccf95c3a65ef -> 
  custom:scripting/monoscript/fileName/RunItemContext.cs: 338b2243183036c2b60f94c1b5e817c5 -> 
  custom:scripting/monoscript/fileName/CoordinatePoller.cs: c9ac2ca40c1a1dc312a717df933e1b50 -> 
  custom:audio-encoder-webm-vorbis: bf7c407c2cedff20999df2af8eb42d56 -> 
  custom:scripting/precompiled-assembly-types:Assembly-CSharp: efba84a7c0800ba2e3f8a40d128c3ac8 -> 
  custom:scripting/monoscript/fileName/SystemConvertersEditor.cs: c127c1335f24b77ca70195bf2136c6a2 -> 
========================================================================
Received Prepare
Caller must complete domain reload
Begin MonoManager ReloadAssembly
Thread 0x16b14b000 may have been prematurely finalized
- Loaded All Assemblies, in  0.383 seconds
Native extension for OSXStandalone target not found
Mono: successfully reloaded assembly
- Finished resetting the current domain, in  0.856 seconds
Domain Reload Profiling: 1239ms
	BeginReloadAssembly (170ms)
		ExecutionOrderSort (0ms)
		DisableScriptedObjects (10ms)
		BackupInstance (0ms)
		ReleaseScriptingObjects (0ms)
		CreateAndSetChildDomain (66ms)
	RebuildCommonClasses (28ms)
	RebuildNativeTypeToScriptingClass (9ms)
	initialDomainReloadingComplete (15ms)
	LoadAllAssembliesAndSetupDomain (161ms)
		LoadAssemblies (183ms)
		RebuildTransferFunctionScriptingTraits (0ms)
		AnalyzeDomain (28ms)
			TypeCache.Refresh (16ms)
				TypeCache.ScanAssembly (0ms)
			ScanForSourceGeneratedMonoScriptInfo (8ms)
			ResolveRequiredComponents (4ms)
	FinalizeReload (856ms)
		ReleaseScriptCaches (0ms)
		RebuildScriptCaches (0ms)
		SetupLoadedEditorAssemblies (368ms)
			LogAssemblyErrors (0ms)
			InitializePlatformSupportModulesInManaged (3ms)
			SetLoadedEditorAssemblies (3ms)
			RefreshPlugins (0ms)
			BeforeProcessingInitializeOnLoad (38ms)
			ProcessInitializeOnLoadAttributes (313ms)
			ProcessInitializeOnLoadMethodAttributes (10ms)
			AfterProcessingInitializeOnLoad (1ms)
			EditorAssembliesLoaded (0ms)
		ExecutionOrderSort2 (0ms)
		AwakeInstancesAfterBackupRestoration (2ms)
Refreshing native plugins compatible for Editor in 0.71 ms, found 2 plugins.
Preloading 0 native plugins for Editor in 0.00 ms.
Unloading 3272 Unused Serialized files (Serialized files now loaded: 0)
Unloading 13 unused Assets / (27.7 KB). Loaded Objects now: 3987.
Memory consumption went from 0.78 GB to 0.78 GB.
Total: 2.730500 ms (FindLiveObjects: 0.147667 ms CreateObjectMapping: 0.049708 ms MarkObjects: 2.497959 ms  DeleteObjects: 0.034291 ms)

Prepare: number of updated asset objects reloaded= 0
AssetImportParameters requested are different than current active one (requested -> active):
  custom:scripting/monoscript/fileName/NavMeshSurface.cs: 34aebd278d8d3d5db6b23265b9c700f9 -> 
  custom:scripting/monoscript/fileName/ObjectAgent.cs: e91ff64fdc0e2c351aa5461de0a543bc -> 
  custom:scripting/precompiled-assembly-types:Unity.AI.Navigation: 5d8fa505e3253b9a2a456e2c28a1afb3 -> 
  custom:container-demuxer-ogg: 62fdf1f143b41e24485cea50d1cbac27 -> 
  custom:scripting/monoscript/fileName/NavMeshModifierVolumeEditor.cs: 262a50135a116189426aa01c964a744c -> 
  custom:scripting/monoscript/fileName/NavigationOverlay.cs: 2744f4e7946ebbb71339c9b1ce538d00 -> 
  custom:scripting/monoscript/fileName/ConverterItemDescriptor.cs: 8182050d34c5cb602eb7913435a7abee -> 
  custom:scripting/monoscript/fileName/BuiltInToNavMeshSurfaceConverterContainer.cs: c40a906f9f99ea8a6c5aaa215767017f -> 
  custom:video-decoder-ogg-theora: a1e56fd34408186e4bbccfd4996cb3dc -> 
  custom:scripting/monoscript/fileName/NavigationWindow.cs: 7884404b71178f59d8819c380b951d7c -> 
  custom:scripting/monoscript/fileName/NavMeshComponentsGUIUtility.cs: 08c52049b94db52661003d42fda4ecff -> 
  custom:scripting/monoscript/fileName/ConverterItemInfo.cs: 9fb131dfa28a9ed6b6d00fd9cf83ece4 -> 
  custom:CustomObjectIndexerAttribute: 9a22284fe3817be447336de3de66b15e -> 
  custom:scripting/monoscript/fileName/NavMeshAssetManager.cs: 79eb4858c2054289cd611249ab36b0a5 -> 
  custom:scripting/monoscript/fileName/NavMeshSurfaceEditor.cs: adb1294e971eab992abc2e3e7e051565 -> 
  custom:container-demuxer-webm: 4f35f7cbe854078d1ac9338744f61a02 -> 
  custom:scripting/monoscript/fileName/NavMeshModifierVolume.cs: 8dc531216c72b86c60b86e16ff3da10b -> 
  custom:scripting/monoscript/fileName/NavMeshUpdaterUtility.cs: 5eb03802e6dba19b3e13aaf384805cac -> 
  custom:scripting/monoscript/fileName/NavigationPreferences.cs: ada9399a4f085d4c824cc06527e7fcae -> 
  custom:scripting/monoscript/fileName/NavMeshUpdaterEditor.cs: 169704080eda430978bba61ddedeb304 -> 
  custom:scripting/precompiled-assembly-types:Unity.AI.Navigation.Editor.ConversionSystem: 27c718e5de2659aeeb663e092dc21158 -> 
  custom:scripting/monoscript/fileName/NavMeshModifierEditor.cs: b8675d28116f43f78881455a7301fe8c -> 
  custom:container-muxer-webm: aa71ff27fc2769a1b78a27578f13a17b -> 
  custom:video-decoder-webm-vp8: 9c59270c3fd7afecdb556c50c9e8de78 -> 
  custom:scripting/precompiled-assembly-types:Unity.AI.Navigation.Editor: 7eaf38f66973fde07200cf372b24130e -> 
  custom:scripting/monoscript/fileName/HelpUrls.cs: c1a90585e3e9c9d25f58f9141655f24f -> 
  custom:scripting/monoscript/fileName/EditorStyles.cs: 86b9f4d8fe570a8d8295bfc466c975cf -> 
  custom:SearchIndexIgnoredProperties: e643bd26f0fe6173181afceb89e7c659 -> 
  custom:scripting/precompiled-assembly-types:Unity.AI.Navigation.Updater: d2095ddf03fd615830d6dacf5841450d -> 
  custom:scripting/monoscript/fileName/NavMeshLinkEditor.cs: aed8ae070d922149bb2ba3de06889ff6 -> 
  custom:AudioImporter_EditorPlatform: 3918e3fc78b5a79bad01e8451be0beb8 -> 
  custom:scripting/monoscript/fileName/NavMeshModifier.cs: 99ae5ed91bb784edc4f8312d7de046da -> 
  custom:scripting/monoscript/fileName/NavMeshSceneConverter.cs: baf486a1c1cdf03a3111dd113d13c2f4 -> 
  custom:scripting/monoscript/fileName/SystemConverterContainer.cs: eb4026ea01a117ce0888f693e9eed2cd -> 
  custom:scripting/monoscript/fileName/NavMeshLink.cs: 0b3d0eeb07ab57d259e8f9365538df09 -> 
  custom:framework-osx-AVFoundation: e770b220cccbd017edd2c1fefb359320 -> 
  custom:scripting/monoscript/fileName/ObsoleteNavigationWindowMenuEntry.cs: c7f73386e6473f401a8e4151cac4e1e5 -> 
  custom:scripting/monoscript/fileName/InitializeConverterContext.cs: a97e19589a5774cdc2a34a28caea355f -> 
  custom:scripting/monoscript/fileName/SystemConverter.cs: c748d1769fc66e95256254a1cc1497f3 -> 
  custom:video-encoder-webm-vp8: eb34c28f22e8b96e1ab97ce403110664 -> 
  custom:audio-decoder-ogg-vorbis: bf7c407c2cedff20999df2af8eb42d56 -> 
  custom:scripting/monoscript/fileName/Models.cs: 72a9bccda329dd678eddccf95c3a65ef -> 
  custom:scripting/monoscript/fileName/RunItemContext.cs: 338b2243183036c2b60f94c1b5e817c5 -> 
  custom:scripting/monoscript/fileName/CoordinatePoller.cs: c9ac2ca40c1a1dc312a717df933e1b50 -> 
  custom:audio-encoder-webm-vorbis: bf7c407c2cedff20999df2af8eb42d56 -> 
  custom:scripting/precompiled-assembly-types:Assembly-CSharp: 24bca05b3a3f7adb1fdda3c142d15ea4 -> 
  custom:scripting/monoscript/fileName/SystemConvertersEditor.cs: c127c1335f24b77ca70195bf2136c6a2 -> 
========================================================================
Received Prepare
Caller must complete domain reload
Begin MonoManager ReloadAssembly
Thread 0x16b14b000 may have been prematurely finalized
- Loaded All Assemblies, in  0.405 seconds
Native extension for OSXStandalone target not found
Mono: successfully reloaded assembly
- Finished resetting the current domain, in  0.631 seconds
Domain Reload Profiling: 1038ms
	BeginReloadAssembly (133ms)
		ExecutionOrderSort (0ms)
		DisableScriptedObjects (3ms)
		BackupInstance (0ms)
		ReleaseScriptingObjects (0ms)
		CreateAndSetChildDomain (39ms)
	RebuildCommonClasses (24ms)
	RebuildNativeTypeToScriptingClass (8ms)
	initialDomainReloadingComplete (18ms)
	LoadAllAssembliesAndSetupDomain (222ms)
		LoadAssemblies (202ms)
		RebuildTransferFunctionScriptingTraits (0ms)
		AnalyzeDomain (86ms)
			TypeCache.Refresh (69ms)
				TypeCache.ScanAssembly (0ms)
			ScanForSourceGeneratedMonoScriptInfo (0ms)
			ResolveRequiredComponents (15ms)
	FinalizeReload (632ms)
		ReleaseScriptCaches (0ms)
		RebuildScriptCaches (0ms)
		SetupLoadedEditorAssemblies (404ms)
			LogAssemblyErrors (0ms)
			InitializePlatformSupportModulesInManaged (4ms)
			SetLoadedEditorAssemblies (4ms)
			RefreshPlugins (0ms)
			BeforeProcessingInitializeOnLoad (39ms)
			ProcessInitializeOnLoadAttributes (343ms)
			ProcessInitializeOnLoadMethodAttributes (12ms)
			AfterProcessingInitializeOnLoad (1ms)
			EditorAssembliesLoaded (0ms)
		ExecutionOrderSort2 (0ms)
		AwakeInstancesAfterBackupRestoration (3ms)
Refreshing native plugins compatible for Editor in 0.64 ms, found 2 plugins.
Preloading 0 native plugins for Editor in 0.00 ms.
Unloading 3272 Unused Serialized files (Serialized files now loaded: 0)
Unloading 13 unused Assets / (27.7 KB). Loaded Objects now: 3990.
Memory consumption went from 0.78 GB to 0.78 GB.
Total: 3.236583 ms (FindLiveObjects: 0.201250 ms CreateObjectMapping: 0.049500 ms MarkObjects: 2.938125 ms  DeleteObjects: 0.046959 ms)

Prepare: number of updated asset objects reloaded= 0
AssetImportParameters requested are different than current active one (requested -> active):
  custom:scripting/monoscript/fileName/NavMeshSurface.cs: 34aebd278d8d3d5db6b23265b9c700f9 -> 
  custom:scripting/monoscript/fileName/ObjectAgent.cs: e91ff64fdc0e2c351aa5461de0a543bc -> 
  custom:scripting/precompiled-assembly-types:Unity.AI.Navigation: 5d8fa505e3253b9a2a456e2c28a1afb3 -> 
  custom:container-demuxer-ogg: 62fdf1f143b41e24485cea50d1cbac27 -> 
  custom:scripting/monoscript/fileName/NavMeshModifierVolumeEditor.cs: 262a50135a116189426aa01c964a744c -> 
  custom:scripting/monoscript/fileName/NavigationOverlay.cs: 2744f4e7946ebbb71339c9b1ce538d00 -> 
  custom:scripting/monoscript/fileName/ConverterItemDescriptor.cs: 8182050d34c5cb602eb7913435a7abee -> 
  custom:scripting/monoscript/fileName/BuiltInToNavMeshSurfaceConverterContainer.cs: c40a906f9f99ea8a6c5aaa215767017f -> 
  custom:video-decoder-ogg-theora: a1e56fd34408186e4bbccfd4996cb3dc -> 
  custom:scripting/monoscript/fileName/NavigationWindow.cs: 7884404b71178f59d8819c380b951d7c -> 
  custom:scripting/monoscript/fileName/NavMeshComponentsGUIUtility.cs: 08c52049b94db52661003d42fda4ecff -> 
  custom:scripting/monoscript/fileName/ConverterItemInfo.cs: 9fb131dfa28a9ed6b6d00fd9cf83ece4 -> 
  custom:CustomObjectIndexerAttribute: 9a22284fe3817be447336de3de66b15e -> 
  custom:scripting/monoscript/fileName/NavMeshAssetManager.cs: 79eb4858c2054289cd611249ab36b0a5 -> 
  custom:scripting/monoscript/fileName/NavMeshSurfaceEditor.cs: adb1294e971eab992abc2e3e7e051565 -> 
  custom:container-demuxer-webm: 4f35f7cbe854078d1ac9338744f61a02 -> 
  custom:scripting/monoscript/fileName/NavMeshModifierVolume.cs: 8dc531216c72b86c60b86e16ff3da10b -> 
  custom:scripting/monoscript/fileName/NavMeshUpdaterUtility.cs: 5eb03802e6dba19b3e13aaf384805cac -> 
  custom:scripting/monoscript/fileName/NavigationPreferences.cs: ada9399a4f085d4c824cc06527e7fcae -> 
  custom:scripting/monoscript/fileName/NavMeshUpdaterEditor.cs: 169704080eda430978bba61ddedeb304 -> 
  custom:scripting/precompiled-assembly-types:Unity.AI.Navigation.Editor.ConversionSystem: 27c718e5de2659aeeb663e092dc21158 -> 
  custom:scripting/monoscript/fileName/NavMeshModifierEditor.cs: b8675d28116f43f78881455a7301fe8c -> 
  custom:container-muxer-webm: aa71ff27fc2769a1b78a27578f13a17b -> 
  custom:video-decoder-webm-vp8: 9c59270c3fd7afecdb556c50c9e8de78 -> 
  custom:scripting/precompiled-assembly-types:Unity.AI.Navigation.Editor: 7eaf38f66973fde07200cf372b24130e -> 
  custom:scripting/monoscript/fileName/HelpUrls.cs: c1a90585e3e9c9d25f58f9141655f24f -> 
  custom:scripting/monoscript/fileName/EditorStyles.cs: 86b9f4d8fe570a8d8295bfc466c975cf -> 
  custom:SearchIndexIgnoredProperties: e643bd26f0fe6173181afceb89e7c659 -> 
  custom:scripting/precompiled-assembly-types:Unity.AI.Navigation.Updater: d2095ddf03fd615830d6dacf5841450d -> 
  custom:scripting/monoscript/fileName/NavMeshLinkEditor.cs: aed8ae070d922149bb2ba3de06889ff6 -> 
  custom:AudioImporter_EditorPlatform: 3918e3fc78b5a79bad01e8451be0beb8 -> 
  custom:scripting/monoscript/fileName/NavMeshModifier.cs: 99ae5ed91bb784edc4f8312d7de046da -> 
  custom:scripting/monoscript/fileName/NavMeshSceneConverter.cs: baf486a1c1cdf03a3111dd113d13c2f4 -> 
  custom:scripting/monoscript/fileName/SystemConverterContainer.cs: eb4026ea01a117ce0888f693e9eed2cd -> 
  custom:scripting/monoscript/fileName/NavMeshLink.cs: 0b3d0eeb07ab57d259e8f9365538df09 -> 
  custom:framework-osx-AVFoundation: e770b220cccbd017edd2c1fefb359320 -> 
  custom:scripting/monoscript/fileName/ObsoleteNavigationWindowMenuEntry.cs: c7f73386e6473f401a8e4151cac4e1e5 -> 
  custom:scripting/monoscript/fileName/InitializeConverterContext.cs: a97e19589a5774cdc2a34a28caea355f -> 
  custom:scripting/monoscript/fileName/SystemConverter.cs: c748d1769fc66e95256254a1cc1497f3 -> 
  custom:video-encoder-webm-vp8: eb34c28f22e8b96e1ab97ce403110664 -> 
  custom:audio-decoder-ogg-vorbis: bf7c407c2cedff20999df2af8eb42d56 -> 
  custom:scripting/monoscript/fileName/Models.cs: 72a9bccda329dd678eddccf95c3a65ef -> 
  custom:scripting/monoscript/fileName/RunItemContext.cs: 338b2243183036c2b60f94c1b5e817c5 -> 
  custom:scripting/monoscript/fileName/CoordinatePoller.cs: c9ac2ca40c1a1dc312a717df933e1b50 -> 
  custom:audio-encoder-webm-vorbis: bf7c407c2cedff20999df2af8eb42d56 -> 
  custom:scripting/precompiled-assembly-types:Assembly-CSharp: 24bca05b3a3f7adb1fdda3c142d15ea4 -> 
  custom:scripting/monoscript/fileName/SystemConvertersEditor.cs: c127c1335f24b77ca70195bf2136c6a2 -> 
========================================================================
Received Prepare
Caller must complete domain reload
Begin MonoManager ReloadAssembly
Thread 0x16b14b000 may have been prematurely finalized
- Loaded All Assemblies, in  0.386 seconds
Native extension for OSXStandalone target not found
Mono: successfully reloaded assembly
- Finished resetting the current domain, in  0.930 seconds
Domain Reload Profiling: 1317ms
	BeginReloadAssembly (124ms)
		ExecutionOrderSort (0ms)
		DisableScriptedObjects (3ms)
		BackupInstance (0ms)
		ReleaseScriptingObjects (0ms)
		CreateAndSetChildDomain (52ms)
	RebuildCommonClasses (24ms)
	RebuildNativeTypeToScriptingClass (8ms)
	initialDomainReloadingComplete (21ms)
	LoadAllAssembliesAndSetupDomain (209ms)
		LoadAssemblies (230ms)
		RebuildTransferFunctionScriptingTraits (0ms)
		AnalyzeDomain (18ms)
			TypeCache.Refresh (12ms)
				TypeCache.ScanAssembly (0ms)
			ScanForSourceGeneratedMonoScriptInfo (0ms)
			ResolveRequiredComponents (5ms)
	FinalizeReload (930ms)
		ReleaseScriptCaches (0ms)
		RebuildScriptCaches (0ms)
		SetupLoadedEditorAssemblies (408ms)
			LogAssemblyErrors (0ms)
			InitializePlatformSupportModulesInManaged (5ms)
			SetLoadedEditorAssemblies (4ms)
			RefreshPlugins (0ms)
			BeforeProcessingInitializeOnLoad (38ms)
			ProcessInitializeOnLoadAttributes (347ms)
			ProcessInitializeOnLoadMethodAttributes (13ms)
			AfterProcessingInitializeOnLoad (1ms)
			EditorAssembliesLoaded (0ms)
		ExecutionOrderSort2 (0ms)
		AwakeInstancesAfterBackupRestoration (3ms)
Refreshing native plugins compatible for Editor in 0.82 ms, found 2 plugins.
Preloading 0 native plugins for Editor in 0.00 ms.
Unloading 3272 Unused Serialized files (Serialized files now loaded: 0)
Unloading 13 unused Assets / (27.8 KB). Loaded Objects now: 3993.
Memory consumption went from 0.79 GB to 0.79 GB.
Total: 3.721167 ms (FindLiveObjects: 0.529042 ms CreateObjectMapping: 0.065541 ms MarkObjects: 3.064834 ms  DeleteObjects: 0.060750 ms)

Prepare: number of updated asset objects reloaded= 0
AssetImportParameters requested are different than current active one (requested -> active):
  custom:scripting/monoscript/fileName/NavMeshSurface.cs: 34aebd278d8d3d5db6b23265b9c700f9 -> 
  custom:scripting/monoscript/fileName/ObjectAgent.cs: e91ff64fdc0e2c351aa5461de0a543bc -> 
  custom:scripting/precompiled-assembly-types:Unity.AI.Navigation: 5d8fa505e3253b9a2a456e2c28a1afb3 -> 
  custom:container-demuxer-ogg: 62fdf1f143b41e24485cea50d1cbac27 -> 
  custom:scripting/monoscript/fileName/NavMeshModifierVolumeEditor.cs: 262a50135a116189426aa01c964a744c -> 
  custom:scripting/monoscript/fileName/NavigationOverlay.cs: 2744f4e7946ebbb71339c9b1ce538d00 -> 
  custom:scripting/monoscript/fileName/ConverterItemDescriptor.cs: 8182050d34c5cb602eb7913435a7abee -> 
  custom:scripting/monoscript/fileName/BuiltInToNavMeshSurfaceConverterContainer.cs: c40a906f9f99ea8a6c5aaa215767017f -> 
  custom:video-decoder-ogg-theora: a1e56fd34408186e4bbccfd4996cb3dc -> 
  custom:scripting/monoscript/fileName/NavigationWindow.cs: 7884404b71178f59d8819c380b951d7c -> 
  custom:scripting/monoscript/fileName/NavMeshComponentsGUIUtility.cs: 08c52049b94db52661003d42fda4ecff -> 
  custom:scripting/monoscript/fileName/ConverterItemInfo.cs: 9fb131dfa28a9ed6b6d00fd9cf83ece4 -> 
  custom:CustomObjectIndexerAttribute: 9a22284fe3817be447336de3de66b15e -> 
  custom:scripting/monoscript/fileName/NavMeshAssetManager.cs: 79eb4858c2054289cd611249ab36b0a5 -> 
  custom:scripting/monoscript/fileName/NavMeshSurfaceEditor.cs: adb1294e971eab992abc2e3e7e051565 -> 
  custom:container-demuxer-webm: 4f35f7cbe854078d1ac9338744f61a02 -> 
  custom:scripting/monoscript/fileName/NavMeshModifierVolume.cs: 8dc531216c72b86c60b86e16ff3da10b -> 
  custom:scripting/monoscript/fileName/NavMeshUpdaterUtility.cs: 5eb03802e6dba19b3e13aaf384805cac -> 
  custom:scripting/monoscript/fileName/NavigationPreferences.cs: ada9399a4f085d4c824cc06527e7fcae -> 
  custom:scripting/monoscript/fileName/NavMeshUpdaterEditor.cs: 169704080eda430978bba61ddedeb304 -> 
  custom:scripting/precompiled-assembly-types:Unity.AI.Navigation.Editor.ConversionSystem: 27c718e5de2659aeeb663e092dc21158 -> 
  custom:scripting/monoscript/fileName/NavMeshModifierEditor.cs: b8675d28116f43f78881455a7301fe8c -> 
  custom:container-muxer-webm: aa71ff27fc2769a1b78a27578f13a17b -> 
  custom:video-decoder-webm-vp8: 9c59270c3fd7afecdb556c50c9e8de78 -> 
  custom:scripting/precompiled-assembly-types:Unity.AI.Navigation.Editor: 7eaf38f66973fde07200cf372b24130e -> 
  custom:scripting/monoscript/fileName/HelpUrls.cs: c1a90585e3e9c9d25f58f9141655f24f -> 
  custom:scripting/monoscript/fileName/EditorStyles.cs: 86b9f4d8fe570a8d8295bfc466c975cf -> 
  custom:SearchIndexIgnoredProperties: e643bd26f0fe6173181afceb89e7c659 -> 
  custom:scripting/precompiled-assembly-types:Unity.AI.Navigation.Updater: d2095ddf03fd615830d6dacf5841450d -> 
  custom:scripting/monoscript/fileName/NavMeshLinkEditor.cs: aed8ae070d922149bb2ba3de06889ff6 -> 
  custom:AudioImporter_EditorPlatform: 3918e3fc78b5a79bad01e8451be0beb8 -> 
  custom:scripting/monoscript/fileName/NavMeshModifier.cs: 99ae5ed91bb784edc4f8312d7de046da -> 
  custom:scripting/monoscript/fileName/NavMeshSceneConverter.cs: baf486a1c1cdf03a3111dd113d13c2f4 -> 
  custom:scripting/monoscript/fileName/SystemConverterContainer.cs: eb4026ea01a117ce0888f693e9eed2cd -> 
  custom:scripting/monoscript/fileName/NavMeshLink.cs: 0b3d0eeb07ab57d259e8f9365538df09 -> 
  custom:framework-osx-AVFoundation: e770b220cccbd017edd2c1fefb359320 -> 
  custom:scripting/monoscript/fileName/ObsoleteNavigationWindowMenuEntry.cs: c7f73386e6473f401a8e4151cac4e1e5 -> 
  custom:scripting/monoscript/fileName/InitializeConverterContext.cs: a97e19589a5774cdc2a34a28caea355f -> 
  custom:scripting/monoscript/fileName/SystemConverter.cs: c748d1769fc66e95256254a1cc1497f3 -> 
  custom:video-encoder-webm-vp8: eb34c28f22e8b96e1ab97ce403110664 -> 
  custom:audio-decoder-ogg-vorbis: bf7c407c2cedff20999df2af8eb42d56 -> 
  custom:scripting/monoscript/fileName/Models.cs: 72a9bccda329dd678eddccf95c3a65ef -> 
  custom:scripting/monoscript/fileName/RunItemContext.cs: 338b2243183036c2b60f94c1b5e817c5 -> 
  custom:scripting/monoscript/fileName/CoordinatePoller.cs: c9ac2ca40c1a1dc312a717df933e1b50 -> 
  custom:audio-encoder-webm-vorbis: bf7c407c2cedff20999df2af8eb42d56 -> 
  custom:scripting/precompiled-assembly-types:Assembly-CSharp: 24bca05b3a3f7adb1fdda3c142d15ea4 -> 
  custom:scripting/monoscript/fileName/SystemConvertersEditor.cs: c127c1335f24b77ca70195bf2136c6a2 -> 
========================================================================
Received Prepare
Caller must complete domain reload
Begin MonoManager ReloadAssembly
Thread 0x16b14b000 may have been prematurely finalized
- Loaded All Assemblies, in  0.372 seconds
Native extension for OSXStandalone target not found
Mono: successfully reloaded assembly
- Finished resetting the current domain, in  0.880 seconds
Domain Reload Profiling: 1253ms
	BeginReloadAssembly (122ms)
		ExecutionOrderSort (0ms)
		DisableScriptedObjects (4ms)
		BackupInstance (0ms)
		ReleaseScriptingObjects (0ms)
		CreateAndSetChildDomain (53ms)
	RebuildCommonClasses (27ms)
	RebuildNativeTypeToScriptingClass (8ms)
	initialDomainReloadingComplete (25ms)
	LoadAllAssembliesAndSetupDomain (190ms)
		LoadAssemblies (210ms)
		RebuildTransferFunctionScriptingTraits (0ms)
		AnalyzeDomain (21ms)
			TypeCache.Refresh (16ms)
				TypeCache.ScanAssembly (0ms)
			ScanForSourceGeneratedMonoScriptInfo (0ms)
			ResolveRequiredComponents (4ms)
	FinalizeReload (880ms)
		ReleaseScriptCaches (0ms)
		RebuildScriptCaches (0ms)
		SetupLoadedEditorAssemblies (389ms)
			LogAssemblyErrors (0ms)
			InitializePlatformSupportModulesInManaged (4ms)
			SetLoadedEditorAssemblies (4ms)
			RefreshPlugins (0ms)
			BeforeProcessingInitializeOnLoad (36ms)
			ProcessInitializeOnLoadAttributes (333ms)
			ProcessInitializeOnLoadMethodAttributes (12ms)
			AfterProcessingInitializeOnLoad (1ms)
			EditorAssembliesLoaded (0ms)
		ExecutionOrderSort2 (0ms)
		AwakeInstancesAfterBackupRestoration (3ms)
Refreshing native plugins compatible for Editor in 0.55 ms, found 2 plugins.
Preloading 0 native plugins for Editor in 0.00 ms.
Unloading 3272 Unused Serialized files (Serialized files now loaded: 0)
Unloading 13 unused Assets / (27.8 KB). Loaded Objects now: 3996.
Memory consumption went from 0.80 GB to 0.80 GB.
Total: 3.353542 ms (FindLiveObjects: 0.177708 ms CreateObjectMapping: 0.053291 ms MarkObjects: 3.068667 ms  DeleteObjects: 0.052708 ms)

Prepare: number of updated asset objects reloaded= 0
AssetImportParameters requested are different than current active one (requested -> active):
  custom:scripting/monoscript/fileName/NavMeshSurface.cs: 34aebd278d8d3d5db6b23265b9c700f9 -> 
  custom:scripting/monoscript/fileName/ObjectAgent.cs: e91ff64fdc0e2c351aa5461de0a543bc -> 
  custom:scripting/precompiled-assembly-types:Unity.AI.Navigation: 5d8fa505e3253b9a2a456e2c28a1afb3 -> 
  custom:container-demuxer-ogg: 62fdf1f143b41e24485cea50d1cbac27 -> 
  custom:scripting/monoscript/fileName/NavMeshModifierVolumeEditor.cs: 262a50135a116189426aa01c964a744c -> 
  custom:scripting/monoscript/fileName/NavigationOverlay.cs: 2744f4e7946ebbb71339c9b1ce538d00 -> 
  custom:scripting/monoscript/fileName/ConverterItemDescriptor.cs: 8182050d34c5cb602eb7913435a7abee -> 
  custom:scripting/monoscript/fileName/BuiltInToNavMeshSurfaceConverterContainer.cs: c40a906f9f99ea8a6c5aaa215767017f -> 
  custom:video-decoder-ogg-theora: a1e56fd34408186e4bbccfd4996cb3dc -> 
  custom:scripting/monoscript/fileName/NavigationWindow.cs: 7884404b71178f59d8819c380b951d7c -> 
  custom:scripting/monoscript/fileName/NavMeshComponentsGUIUtility.cs: 08c52049b94db52661003d42fda4ecff -> 
  custom:scripting/monoscript/fileName/ConverterItemInfo.cs: 9fb131dfa28a9ed6b6d00fd9cf83ece4 -> 
  custom:CustomObjectIndexerAttribute: 9a22284fe3817be447336de3de66b15e -> 
  custom:scripting/monoscript/fileName/NavMeshAssetManager.cs: 79eb4858c2054289cd611249ab36b0a5 -> 
  custom:scripting/monoscript/fileName/NavMeshSurfaceEditor.cs: adb1294e971eab992abc2e3e7e051565 -> 
  custom:container-demuxer-webm: 4f35f7cbe854078d1ac9338744f61a02 -> 
  custom:scripting/monoscript/fileName/NavMeshModifierVolume.cs: 8dc531216c72b86c60b86e16ff3da10b -> 
  custom:scripting/monoscript/fileName/NavMeshUpdaterUtility.cs: 5eb03802e6dba19b3e13aaf384805cac -> 
  custom:scripting/monoscript/fileName/NavigationPreferences.cs: ada9399a4f085d4c824cc06527e7fcae -> 
  custom:scripting/monoscript/fileName/NavMeshUpdaterEditor.cs: 169704080eda430978bba61ddedeb304 -> 
  custom:scripting/precompiled-assembly-types:Unity.AI.Navigation.Editor.ConversionSystem: 27c718e5de2659aeeb663e092dc21158 -> 
  custom:scripting/monoscript/fileName/NavMeshModifierEditor.cs: b8675d28116f43f78881455a7301fe8c -> 
  custom:container-muxer-webm: aa71ff27fc2769a1b78a27578f13a17b -> 
  custom:video-decoder-webm-vp8: 9c59270c3fd7afecdb556c50c9e8de78 -> 
  custom:scripting/precompiled-assembly-types:Unity.AI.Navigation.Editor: 7eaf38f66973fde07200cf372b24130e -> 
  custom:scripting/monoscript/fileName/HelpUrls.cs: c1a90585e3e9c9d25f58f9141655f24f -> 
  custom:scripting/monoscript/fileName/EditorStyles.cs: 86b9f4d8fe570a8d8295bfc466c975cf -> 
  custom:SearchIndexIgnoredProperties: e643bd26f0fe6173181afceb89e7c659 -> 
  custom:scripting/precompiled-assembly-types:Unity.AI.Navigation.Updater: d2095ddf03fd615830d6dacf5841450d -> 
  custom:scripting/monoscript/fileName/NavMeshLinkEditor.cs: aed8ae070d922149bb2ba3de06889ff6 -> 
  custom:AudioImporter_EditorPlatform: 3918e3fc78b5a79bad01e8451be0beb8 -> 
  custom:scripting/monoscript/fileName/NavMeshModifier.cs: 99ae5ed91bb784edc4f8312d7de046da -> 
  custom:scripting/monoscript/fileName/NavMeshSceneConverter.cs: baf486a1c1cdf03a3111dd113d13c2f4 -> 
  custom:scripting/monoscript/fileName/SystemConverterContainer.cs: eb4026ea01a117ce0888f693e9eed2cd -> 
  custom:scripting/monoscript/fileName/NavMeshLink.cs: 0b3d0eeb07ab57d259e8f9365538df09 -> 
  custom:framework-osx-AVFoundation: e770b220cccbd017edd2c1fefb359320 -> 
  custom:scripting/monoscript/fileName/ObsoleteNavigationWindowMenuEntry.cs: c7f73386e6473f401a8e4151cac4e1e5 -> 
  custom:scripting/monoscript/fileName/InitializeConverterContext.cs: a97e19589a5774cdc2a34a28caea355f -> 
  custom:scripting/monoscript/fileName/SystemConverter.cs: c748d1769fc66e95256254a1cc1497f3 -> 
  custom:video-encoder-webm-vp8: eb34c28f22e8b96e1ab97ce403110664 -> 
  custom:audio-decoder-ogg-vorbis: bf7c407c2cedff20999df2af8eb42d56 -> 
  custom:scripting/monoscript/fileName/Models.cs: 72a9bccda329dd678eddccf95c3a65ef -> 
  custom:scripting/monoscript/fileName/RunItemContext.cs: 338b2243183036c2b60f94c1b5e817c5 -> 
  custom:scripting/monoscript/fileName/CoordinatePoller.cs: c9ac2ca40c1a1dc312a717df933e1b50 -> 
  custom:audio-encoder-webm-vorbis: bf7c407c2cedff20999df2af8eb42d56 -> 
  custom:scripting/precompiled-assembly-types:Assembly-CSharp: 24bca05b3a3f7adb1fdda3c142d15ea4 -> 
  custom:scripting/monoscript/fileName/SystemConvertersEditor.cs: c127c1335f24b77ca70195bf2136c6a2 -> 
========================================================================
Received Prepare
Caller must complete domain reload
Begin MonoManager ReloadAssembly
Thread 0x16b14b000 may have been prematurely finalized
- Loaded All Assemblies, in  0.375 seconds
Native extension for OSXStandalone target not found
Mono: successfully reloaded assembly
- Finished resetting the current domain, in  0.870 seconds
Domain Reload Profiling: 1245ms
	BeginReloadAssembly (118ms)
		ExecutionOrderSort (0ms)
		DisableScriptedObjects (3ms)
		BackupInstance (0ms)
		ReleaseScriptingObjects (0ms)
		CreateAndSetChildDomain (51ms)
	RebuildCommonClasses (24ms)
	RebuildNativeTypeToScriptingClass (8ms)
	initialDomainReloadingComplete (17ms)
	LoadAllAssembliesAndSetupDomain (207ms)
		LoadAssemblies (228ms)
		RebuildTransferFunctionScriptingTraits (0ms)
		AnalyzeDomain (18ms)
			TypeCache.Refresh (13ms)
				TypeCache.ScanAssembly (0ms)
			ScanForSourceGeneratedMonoScriptInfo (0ms)
			ResolveRequiredComponents (4ms)
	FinalizeReload (870ms)
		ReleaseScriptCaches (0ms)
		RebuildScriptCaches (0ms)
		SetupLoadedEditorAssemblies (388ms)
			LogAssemblyErrors (0ms)
			InitializePlatformSupportModulesInManaged (4ms)
			SetLoadedEditorAssemblies (4ms)
			RefreshPlugins (0ms)
			BeforeProcessingInitializeOnLoad (35ms)
			ProcessInitializeOnLoadAttributes (334ms)
			ProcessInitializeOnLoadMethodAttributes (11ms)
			AfterProcessingInitializeOnLoad (1ms)
			EditorAssembliesLoaded (0ms)
		ExecutionOrderSort2 (0ms)
		AwakeInstancesAfterBackupRestoration (3ms)
Refreshing native plugins compatible for Editor in 0.80 ms, found 2 plugins.
Preloading 0 native plugins for Editor in 0.00 ms.
Unloading 3272 Unused Serialized files (Serialized files now loaded: 0)
Unloading 13 unused Assets / (27.8 KB). Loaded Objects now: 3999.
Memory consumption went from 0.81 GB to 0.81 GB.
Total: 3.089208 ms (FindLiveObjects: 0.155541 ms CreateObjectMapping: 0.042792 ms MarkObjects: 2.849875 ms  DeleteObjects: 0.040250 ms)

Prepare: number of updated asset objects reloaded= 0
AssetImportParameters requested are different than current active one (requested -> active):
  custom:scripting/monoscript/fileName/NavMeshSurface.cs: 34aebd278d8d3d5db6b23265b9c700f9 -> 
  custom:scripting/monoscript/fileName/ObjectAgent.cs: e91ff64fdc0e2c351aa5461de0a543bc -> 
  custom:scripting/precompiled-assembly-types:Unity.AI.Navigation: 5d8fa505e3253b9a2a456e2c28a1afb3 -> 
  custom:container-demuxer-ogg: 62fdf1f143b41e24485cea50d1cbac27 -> 
  custom:scripting/monoscript/fileName/NavMeshModifierVolumeEditor.cs: 262a50135a116189426aa01c964a744c -> 
  custom:scripting/monoscript/fileName/NavigationOverlay.cs: 2744f4e7946ebbb71339c9b1ce538d00 -> 
  custom:scripting/monoscript/fileName/ConverterItemDescriptor.cs: 8182050d34c5cb602eb7913435a7abee -> 
  custom:scripting/monoscript/fileName/BuiltInToNavMeshSurfaceConverterContainer.cs: c40a906f9f99ea8a6c5aaa215767017f -> 
  custom:video-decoder-ogg-theora: a1e56fd34408186e4bbccfd4996cb3dc -> 
  custom:scripting/monoscript/fileName/NavigationWindow.cs: 7884404b71178f59d8819c380b951d7c -> 
  custom:scripting/monoscript/fileName/NavMeshComponentsGUIUtility.cs: 08c52049b94db52661003d42fda4ecff -> 
  custom:scripting/monoscript/fileName/ConverterItemInfo.cs: 9fb131dfa28a9ed6b6d00fd9cf83ece4 -> 
  custom:CustomObjectIndexerAttribute: 9a22284fe3817be447336de3de66b15e -> 
  custom:scripting/monoscript/fileName/NavMeshAssetManager.cs: 79eb4858c2054289cd611249ab36b0a5 -> 
  custom:scripting/monoscript/fileName/NavMeshSurfaceEditor.cs: adb1294e971eab992abc2e3e7e051565 -> 
  custom:container-demuxer-webm: 4f35f7cbe854078d1ac9338744f61a02 -> 
  custom:scripting/monoscript/fileName/NavMeshModifierVolume.cs: 8dc531216c72b86c60b86e16ff3da10b -> 
  custom:scripting/monoscript/fileName/NavMeshUpdaterUtility.cs: 5eb03802e6dba19b3e13aaf384805cac -> 
  custom:scripting/monoscript/fileName/NavigationPreferences.cs: ada9399a4f085d4c824cc06527e7fcae -> 
  custom:scripting/monoscript/fileName/NavMeshUpdaterEditor.cs: 169704080eda430978bba61ddedeb304 -> 
  custom:scripting/precompiled-assembly-types:Unity.AI.Navigation.Editor.ConversionSystem: 27c718e5de2659aeeb663e092dc21158 -> 
  custom:scripting/monoscript/fileName/NavMeshModifierEditor.cs: b8675d28116f43f78881455a7301fe8c -> 
  custom:container-muxer-webm: aa71ff27fc2769a1b78a27578f13a17b -> 
  custom:video-decoder-webm-vp8: 9c59270c3fd7afecdb556c50c9e8de78 -> 
  custom:scripting/precompiled-assembly-types:Unity.AI.Navigation.Editor: 7eaf38f66973fde07200cf372b24130e -> 
  custom:scripting/monoscript/fileName/HelpUrls.cs: c1a90585e3e9c9d25f58f9141655f24f -> 
  custom:scripting/monoscript/fileName/EditorStyles.cs: 86b9f4d8fe570a8d8295bfc466c975cf -> 
  custom:SearchIndexIgnoredProperties: e643bd26f0fe6173181afceb89e7c659 -> 
  custom:scripting/precompiled-assembly-types:Unity.AI.Navigation.Updater: d2095ddf03fd615830d6dacf5841450d -> 
  custom:scripting/monoscript/fileName/NavMeshLinkEditor.cs: aed8ae070d922149bb2ba3de06889ff6 -> 
  custom:AudioImporter_EditorPlatform: 3918e3fc78b5a79bad01e8451be0beb8 -> 
  custom:scripting/monoscript/fileName/NavMeshModifier.cs: 99ae5ed91bb784edc4f8312d7de046da -> 
  custom:scripting/monoscript/fileName/NavMeshSceneConverter.cs: baf486a1c1cdf03a3111dd113d13c2f4 -> 
  custom:scripting/monoscript/fileName/SystemConverterContainer.cs: eb4026ea01a117ce0888f693e9eed2cd -> 
  custom:scripting/monoscript/fileName/NavMeshLink.cs: 0b3d0eeb07ab57d259e8f9365538df09 -> 
  custom:framework-osx-AVFoundation: e770b220cccbd017edd2c1fefb359320 -> 
  custom:scripting/monoscript/fileName/ObsoleteNavigationWindowMenuEntry.cs: c7f73386e6473f401a8e4151cac4e1e5 -> 
  custom:scripting/monoscript/fileName/InitializeConverterContext.cs: a97e19589a5774cdc2a34a28caea355f -> 
  custom:scripting/monoscript/fileName/SystemConverter.cs: c748d1769fc66e95256254a1cc1497f3 -> 
  custom:video-encoder-webm-vp8: eb34c28f22e8b96e1ab97ce403110664 -> 
  custom:audio-decoder-ogg-vorbis: bf7c407c2cedff20999df2af8eb42d56 -> 
  custom:scripting/monoscript/fileName/Models.cs: 72a9bccda329dd678eddccf95c3a65ef -> 
  custom:scripting/monoscript/fileName/RunItemContext.cs: 338b2243183036c2b60f94c1b5e817c5 -> 
  custom:scripting/monoscript/fileName/CoordinatePoller.cs: c9ac2ca40c1a1dc312a717df933e1b50 -> 
  custom:audio-encoder-webm-vorbis: bf7c407c2cedff20999df2af8eb42d56 -> 
  custom:scripting/precompiled-assembly-types:Assembly-CSharp: 24bca05b3a3f7adb1fdda3c142d15ea4 -> 
  custom:scripting/monoscript/fileName/SystemConvertersEditor.cs: c127c1335f24b77ca70195bf2136c6a2 -> 
========================================================================
Received Prepare
Caller must complete domain reload
Begin MonoManager ReloadAssembly
Thread 0x16b14b000 may have been prematurely finalized
- Loaded All Assemblies, in  0.355 seconds
Native extension for OSXStandalone target not found
Mono: successfully reloaded assembly
- Finished resetting the current domain, in  0.873 seconds
Domain Reload Profiling: 1228ms
	BeginReloadAssembly (114ms)
		ExecutionOrderSort (0ms)
		DisableScriptedObjects (4ms)
		BackupInstance (0ms)
		ReleaseScriptingObjects (0ms)
		CreateAndSetChildDomain (48ms)
	RebuildCommonClasses (24ms)
	RebuildNativeTypeToScriptingClass (8ms)
	initialDomainReloadingComplete (23ms)
	LoadAllAssembliesAndSetupDomain (185ms)
		LoadAssemblies (208ms)
		RebuildTransferFunctionScriptingTraits (0ms)
		AnalyzeDomain (15ms)
			TypeCache.Refresh (10ms)
				TypeCache.ScanAssembly (0ms)
			ScanForSourceGeneratedMonoScriptInfo (0ms)
			ResolveRequiredComponents (4ms)
	FinalizeReload (873ms)
		ReleaseScriptCaches (0ms)
		RebuildScriptCaches (0ms)
		SetupLoadedEditorAssemblies (384ms)
			LogAssemblyErrors (0ms)
			InitializePlatformSupportModulesInManaged (3ms)
			SetLoadedEditorAssemblies (3ms)
			RefreshPlugins (0ms)
			BeforeProcessingInitializeOnLoad (36ms)
			ProcessInitializeOnLoadAttributes (330ms)
			ProcessInitializeOnLoadMethodAttributes (11ms)
			AfterProcessingInitializeOnLoad (1ms)
			EditorAssembliesLoaded (0ms)
		ExecutionOrderSort2 (0ms)
		AwakeInstancesAfterBackupRestoration (3ms)
Refreshing native plugins compatible for Editor in 0.66 ms, found 2 plugins.
Preloading 0 native plugins for Editor in 0.00 ms.
Unloading 3272 Unused Serialized files (Serialized files now loaded: 0)
Unloading 13 unused Assets / (27.8 KB). Loaded Objects now: 4002.
Memory consumption went from 0.82 GB to 0.82 GB.
Total: 3.428708 ms (FindLiveObjects: 0.155750 ms CreateObjectMapping: 0.043541 ms MarkObjects: 3.178500 ms  DeleteObjects: 0.050292 ms)

Prepare: number of updated asset objects reloaded= 0
AssetImportParameters requested are different than current active one (requested -> active):
  custom:scripting/monoscript/fileName/NavMeshSurface.cs: 34aebd278d8d3d5db6b23265b9c700f9 -> 
  custom:scripting/monoscript/fileName/ObjectAgent.cs: e91ff64fdc0e2c351aa5461de0a543bc -> 
  custom:scripting/precompiled-assembly-types:Unity.AI.Navigation: 5d8fa505e3253b9a2a456e2c28a1afb3 -> 
  custom:container-demuxer-ogg: 62fdf1f143b41e24485cea50d1cbac27 -> 
  custom:scripting/monoscript/fileName/NavMeshModifierVolumeEditor.cs: 262a50135a116189426aa01c964a744c -> 
  custom:scripting/monoscript/fileName/NavigationOverlay.cs: 2744f4e7946ebbb71339c9b1ce538d00 -> 
  custom:scripting/monoscript/fileName/ConverterItemDescriptor.cs: 8182050d34c5cb602eb7913435a7abee -> 
  custom:scripting/monoscript/fileName/BuiltInToNavMeshSurfaceConverterContainer.cs: c40a906f9f99ea8a6c5aaa215767017f -> 
  custom:video-decoder-ogg-theora: a1e56fd34408186e4bbccfd4996cb3dc -> 
  custom:scripting/monoscript/fileName/NavigationWindow.cs: 7884404b71178f59d8819c380b951d7c -> 
  custom:scripting/monoscript/fileName/NavMeshComponentsGUIUtility.cs: 08c52049b94db52661003d42fda4ecff -> 
  custom:scripting/monoscript/fileName/ConverterItemInfo.cs: 9fb131dfa28a9ed6b6d00fd9cf83ece4 -> 
  custom:CustomObjectIndexerAttribute: 9a22284fe3817be447336de3de66b15e -> 
  custom:scripting/monoscript/fileName/NavMeshAssetManager.cs: 79eb4858c2054289cd611249ab36b0a5 -> 
  custom:scripting/monoscript/fileName/NavMeshSurfaceEditor.cs: adb1294e971eab992abc2e3e7e051565 -> 
  custom:container-demuxer-webm: 4f35f7cbe854078d1ac9338744f61a02 -> 
  custom:scripting/monoscript/fileName/NavMeshModifierVolume.cs: 8dc531216c72b86c60b86e16ff3da10b -> 
  custom:scripting/monoscript/fileName/NavMeshUpdaterUtility.cs: 5eb03802e6dba19b3e13aaf384805cac -> 
  custom:scripting/monoscript/fileName/NavigationPreferences.cs: ada9399a4f085d4c824cc06527e7fcae -> 
  custom:scripting/monoscript/fileName/NavMeshUpdaterEditor.cs: 169704080eda430978bba61ddedeb304 -> 
  custom:scripting/precompiled-assembly-types:Unity.AI.Navigation.Editor.ConversionSystem: 27c718e5de2659aeeb663e092dc21158 -> 
  custom:scripting/monoscript/fileName/NavMeshModifierEditor.cs: b8675d28116f43f78881455a7301fe8c -> 
  custom:container-muxer-webm: aa71ff27fc2769a1b78a27578f13a17b -> 
  custom:video-decoder-webm-vp8: 9c59270c3fd7afecdb556c50c9e8de78 -> 
  custom:scripting/precompiled-assembly-types:Unity.AI.Navigation.Editor: 7eaf38f66973fde07200cf372b24130e -> 
  custom:scripting/monoscript/fileName/HelpUrls.cs: c1a90585e3e9c9d25f58f9141655f24f -> 
  custom:scripting/monoscript/fileName/EditorStyles.cs: 86b9f4d8fe570a8d8295bfc466c975cf -> 
  custom:SearchIndexIgnoredProperties: e643bd26f0fe6173181afceb89e7c659 -> 
  custom:scripting/precompiled-assembly-types:Unity.AI.Navigation.Updater: d2095ddf03fd615830d6dacf5841450d -> 
  custom:scripting/monoscript/fileName/NavMeshLinkEditor.cs: aed8ae070d922149bb2ba3de06889ff6 -> 
  custom:AudioImporter_EditorPlatform: 3918e3fc78b5a79bad01e8451be0beb8 -> 
  custom:scripting/monoscript/fileName/NavMeshModifier.cs: 99ae5ed91bb784edc4f8312d7de046da -> 
  custom:scripting/monoscript/fileName/NavMeshSceneConverter.cs: baf486a1c1cdf03a3111dd113d13c2f4 -> 
  custom:scripting/monoscript/fileName/SystemConverterContainer.cs: eb4026ea01a117ce0888f693e9eed2cd -> 
  custom:scripting/monoscript/fileName/NavMeshLink.cs: 0b3d0eeb07ab57d259e8f9365538df09 -> 
  custom:framework-osx-AVFoundation: e770b220cccbd017edd2c1fefb359320 -> 
  custom:scripting/monoscript/fileName/ObsoleteNavigationWindowMenuEntry.cs: c7f73386e6473f401a8e4151cac4e1e5 -> 
  custom:scripting/monoscript/fileName/InitializeConverterContext.cs: a97e19589a5774cdc2a34a28caea355f -> 
  custom:scripting/monoscript/fileName/SystemConverter.cs: c748d1769fc66e95256254a1cc1497f3 -> 
  custom:video-encoder-webm-vp8: eb34c28f22e8b96e1ab97ce403110664 -> 
  custom:audio-decoder-ogg-vorbis: bf7c407c2cedff20999df2af8eb42d56 -> 
  custom:scripting/monoscript/fileName/Models.cs: 72a9bccda329dd678eddccf95c3a65ef -> 
  custom:scripting/monoscript/fileName/RunItemContext.cs: 338b2243183036c2b60f94c1b5e817c5 -> 
  custom:scripting/monoscript/fileName/CoordinatePoller.cs: c9ac2ca40c1a1dc312a717df933e1b50 -> 
  custom:audio-encoder-webm-vorbis: bf7c407c2cedff20999df2af8eb42d56 -> 
  custom:scripting/precompiled-assembly-types:Assembly-CSharp: 24bca05b3a3f7adb1fdda3c142d15ea4 -> 
  custom:scripting/monoscript/fileName/SystemConvertersEditor.cs: c127c1335f24b77ca70195bf2136c6a2 -> 
========================================================================
Received Import Request.
  Time since last request: 3882.162334 seconds.
  path: Assets/Scripts/BoxPrefab.prefab
  artifactKey: Guid(b8738ad24000f46adb0df1a6eb54074a) Importer(815301076,1909f56bfc062723c751e8b465ee728b)
Start importing Assets/Scripts/BoxPrefab.prefab using Guid(b8738ad24000f46adb0df1a6eb54074a) Importer(815301076,1909f56bfc062723c751e8b465ee728b) [PhysX] Initialized MultithreadedTaskDispatcher with 8 workers.
[PhysX] Initialized MultithreadedTaskDispatcher with 8 workers.
 -> (artifact id: 'e41c20ec5d052be89c2f0b79bd0eaf25') in 0.115240 seconds
Number of updated asset objects reloaded before import = 0
Number of asset objects unloaded after import = 13
========================================================================
Received Prepare
Caller must complete domain reload
Begin MonoManager ReloadAssembly
Thread 0x16b14b000 may have been prematurely finalized
- Loaded All Assemblies, in  0.348 seconds
Native extension for OSXStandalone target not found
Mono: successfully reloaded assembly
- Finished resetting the current domain, in  0.874 seconds
Domain Reload Profiling: 1222ms
	BeginReloadAssembly (124ms)
		ExecutionOrderSort (0ms)
		DisableScriptedObjects (3ms)
		BackupInstance (0ms)
		ReleaseScriptingObjects (0ms)
		CreateAndSetChildDomain (56ms)
	RebuildCommonClasses (27ms)
	RebuildNativeTypeToScriptingClass (9ms)
	initialDomainReloadingComplete (18ms)
	LoadAllAssembliesAndSetupDomain (171ms)
		LoadAssemblies (189ms)
		RebuildTransferFunctionScriptingTraits (0ms)
		AnalyzeDomain (22ms)
			TypeCache.Refresh (15ms)
				TypeCache.ScanAssembly (0ms)
			ScanForSourceGeneratedMonoScriptInfo (0ms)
			ResolveRequiredComponents (6ms)
	FinalizeReload (874ms)
		ReleaseScriptCaches (0ms)
		RebuildScriptCaches (0ms)
		SetupLoadedEditorAssemblies (386ms)
			LogAssemblyErrors (0ms)
			InitializePlatformSupportModulesInManaged (4ms)
			SetLoadedEditorAssemblies (3ms)
			RefreshPlugins (0ms)
			BeforeProcessingInitializeOnLoad (36ms)
			ProcessInitializeOnLoadAttributes (330ms)
			ProcessInitializeOnLoadMethodAttributes (12ms)
			AfterProcessingInitializeOnLoad (1ms)
			EditorAssembliesLoaded (0ms)
		ExecutionOrderSort2 (0ms)
		AwakeInstancesAfterBackupRestoration (3ms)
Refreshing native plugins compatible for Editor in 0.69 ms, found 2 plugins.
Preloading 0 native plugins for Editor in 0.00 ms.
Unloading 3272 Unused Serialized files (Serialized files now loaded: 0)
Unloading 13 unused Assets / (27.7 KB). Loaded Objects now: 4006.
Memory consumption went from 0.83 GB to 0.83 GB.
Total: 3.396834 ms (FindLiveObjects: 0.140042 ms CreateObjectMapping: 0.045958 ms MarkObjects: 3.138417 ms  DeleteObjects: 0.071792 ms)

Prepare: number of updated asset objects reloaded= 0
AssetImportParameters requested are different than current active one (requested -> active):
  custom:scripting/monoscript/fileName/NavMeshSurface.cs: 34aebd278d8d3d5db6b23265b9c700f9 -> 
  custom:scripting/monoscript/fileName/ObjectAgent.cs: e91ff64fdc0e2c351aa5461de0a543bc -> 
  custom:scripting/precompiled-assembly-types:Unity.AI.Navigation: 5d8fa505e3253b9a2a456e2c28a1afb3 -> 
  custom:container-demuxer-ogg: 62fdf1f143b41e24485cea50d1cbac27 -> 
  custom:scripting/monoscript/fileName/NavMeshModifierVolumeEditor.cs: 262a50135a116189426aa01c964a744c -> 
  custom:scripting/monoscript/fileName/NavigationOverlay.cs: 2744f4e7946ebbb71339c9b1ce538d00 -> 
  custom:scripting/monoscript/fileName/ConverterItemDescriptor.cs: 8182050d34c5cb602eb7913435a7abee -> 
  custom:scripting/monoscript/fileName/BuiltInToNavMeshSurfaceConverterContainer.cs: c40a906f9f99ea8a6c5aaa215767017f -> 
  custom:video-decoder-ogg-theora: a1e56fd34408186e4bbccfd4996cb3dc -> 
  custom:scripting/monoscript/fileName/NavigationWindow.cs: 7884404b71178f59d8819c380b951d7c -> 
  custom:scripting/monoscript/fileName/NavMeshComponentsGUIUtility.cs: 08c52049b94db52661003d42fda4ecff -> 
  custom:scripting/monoscript/fileName/ConverterItemInfo.cs: 9fb131dfa28a9ed6b6d00fd9cf83ece4 -> 
  custom:CustomObjectIndexerAttribute: 9a22284fe3817be447336de3de66b15e -> 
  custom:scripting/monoscript/fileName/NavMeshAssetManager.cs: 79eb4858c2054289cd611249ab36b0a5 -> 
  custom:scripting/monoscript/fileName/NavMeshSurfaceEditor.cs: adb1294e971eab992abc2e3e7e051565 -> 
  custom:container-demuxer-webm: 4f35f7cbe854078d1ac9338744f61a02 -> 
  custom:scripting/monoscript/fileName/NavMeshModifierVolume.cs: 8dc531216c72b86c60b86e16ff3da10b -> 
  custom:scripting/monoscript/fileName/NavMeshUpdaterUtility.cs: 5eb03802e6dba19b3e13aaf384805cac -> 
  custom:scripting/monoscript/fileName/NavigationPreferences.cs: ada9399a4f085d4c824cc06527e7fcae -> 
  custom:scripting/monoscript/fileName/NavMeshUpdaterEditor.cs: 169704080eda430978bba61ddedeb304 -> 
  custom:scripting/precompiled-assembly-types:Unity.AI.Navigation.Editor.ConversionSystem: 27c718e5de2659aeeb663e092dc21158 -> 
  custom:scripting/monoscript/fileName/NavMeshModifierEditor.cs: b8675d28116f43f78881455a7301fe8c -> 
  custom:container-muxer-webm: aa71ff27fc2769a1b78a27578f13a17b -> 
  custom:video-decoder-webm-vp8: 9c59270c3fd7afecdb556c50c9e8de78 -> 
  custom:scripting/precompiled-assembly-types:Unity.AI.Navigation.Editor: 7eaf38f66973fde07200cf372b24130e -> 
  custom:scripting/monoscript/fileName/HelpUrls.cs: c1a90585e3e9c9d25f58f9141655f24f -> 
  custom:scripting/monoscript/fileName/EditorStyles.cs: 86b9f4d8fe570a8d8295bfc466c975cf -> 
  custom:SearchIndexIgnoredProperties: e643bd26f0fe6173181afceb89e7c659 -> 
  custom:scripting/precompiled-assembly-types:Unity.AI.Navigation.Updater: d2095ddf03fd615830d6dacf5841450d -> 
  custom:scripting/monoscript/fileName/NavMeshLinkEditor.cs: aed8ae070d922149bb2ba3de06889ff6 -> 
  custom:AudioImporter_EditorPlatform: 3918e3fc78b5a79bad01e8451be0beb8 -> 
  custom:scripting/monoscript/fileName/NavMeshModifier.cs: 99ae5ed91bb784edc4f8312d7de046da -> 
  custom:scripting/monoscript/fileName/NavMeshSceneConverter.cs: baf486a1c1cdf03a3111dd113d13c2f4 -> 
  custom:scripting/monoscript/fileName/SystemConverterContainer.cs: eb4026ea01a117ce0888f693e9eed2cd -> 
  custom:scripting/monoscript/fileName/NavMeshLink.cs: 0b3d0eeb07ab57d259e8f9365538df09 -> 
  custom:framework-osx-AVFoundation: e770b220cccbd017edd2c1fefb359320 -> 
  custom:scripting/monoscript/fileName/ObsoleteNavigationWindowMenuEntry.cs: c7f73386e6473f401a8e4151cac4e1e5 -> 
  custom:scripting/monoscript/fileName/InitializeConverterContext.cs: a97e19589a5774cdc2a34a28caea355f -> 
  custom:scripting/monoscript/fileName/SystemConverter.cs: c748d1769fc66e95256254a1cc1497f3 -> 
  custom:video-encoder-webm-vp8: eb34c28f22e8b96e1ab97ce403110664 -> 
  custom:audio-decoder-ogg-vorbis: bf7c407c2cedff20999df2af8eb42d56 -> 
  custom:scripting/monoscript/fileName/Models.cs: 72a9bccda329dd678eddccf95c3a65ef -> 
  custom:scripting/monoscript/fileName/RunItemContext.cs: 338b2243183036c2b60f94c1b5e817c5 -> 
  custom:scripting/monoscript/fileName/CoordinatePoller.cs: c9ac2ca40c1a1dc312a717df933e1b50 -> 
  custom:audio-encoder-webm-vorbis: bf7c407c2cedff20999df2af8eb42d56 -> 
  custom:scripting/precompiled-assembly-types:Assembly-CSharp: 24bca05b3a3f7adb1fdda3c142d15ea4 -> 
  custom:scripting/monoscript/fileName/SystemConvertersEditor.cs: c127c1335f24b77ca70195bf2136c6a2 -> 
========================================================================
Received Prepare
Caller must complete domain reload
Begin MonoManager ReloadAssembly
Thread 0x16b14b000 may have been prematurely finalized
- Loaded All Assemblies, in  0.360 seconds
Native extension for OSXStandalone target not found
Mono: successfully reloaded assembly
- Finished resetting the current domain, in  0.872 seconds
Domain Reload Profiling: 1232ms
	BeginReloadAssembly (116ms)
		ExecutionOrderSort (0ms)
		DisableScriptedObjects (6ms)
		BackupInstance (0ms)
		ReleaseScriptingObjects (0ms)
		CreateAndSetChildDomain (49ms)
	RebuildCommonClasses (24ms)
	RebuildNativeTypeToScriptingClass (8ms)
	initialDomainReloadingComplete (16ms)
	LoadAllAssembliesAndSetupDomain (195ms)
		LoadAssemblies (213ms)
		RebuildTransferFunctionScriptingTraits (0ms)
		AnalyzeDomain (20ms)
			TypeCache.Refresh (13ms)
				TypeCache.ScanAssembly (0ms)
			ScanForSourceGeneratedMonoScriptInfo (0ms)
			ResolveRequiredComponents (5ms)
	FinalizeReload (872ms)
		ReleaseScriptCaches (0ms)
		RebuildScriptCaches (0ms)
		SetupLoadedEditorAssemblies (388ms)
			LogAssemblyErrors (0ms)
			InitializePlatformSupportModulesInManaged (4ms)
			SetLoadedEditorAssemblies (3ms)
			RefreshPlugins (0ms)
			BeforeProcessingInitializeOnLoad (36ms)
			ProcessInitializeOnLoadAttributes (331ms)
			ProcessInitializeOnLoadMethodAttributes (13ms)
			AfterProcessingInitializeOnLoad (1ms)
			EditorAssembliesLoaded (0ms)
		ExecutionOrderSort2 (0ms)
		AwakeInstancesAfterBackupRestoration (3ms)
Refreshing native plugins compatible for Editor in 0.58 ms, found 2 plugins.
Preloading 0 native plugins for Editor in 0.00 ms.
Unloading 3272 Unused Serialized files (Serialized files now loaded: 0)
Unloading 13 unused Assets / (27.8 KB). Loaded Objects now: 4009.
Memory consumption went from 0.83 GB to 0.83 GB.
Total: 2.912708 ms (FindLiveObjects: 0.152375 ms CreateObjectMapping: 0.043166 ms MarkObjects: 2.674333 ms  DeleteObjects: 0.042375 ms)

Prepare: number of updated asset objects reloaded= 0
AssetImportParameters requested are different than current active one (requested -> active):
  custom:scripting/monoscript/fileName/NavMeshSurface.cs: 34aebd278d8d3d5db6b23265b9c700f9 -> 
  custom:scripting/monoscript/fileName/ObjectAgent.cs: e91ff64fdc0e2c351aa5461de0a543bc -> 
  custom:scripting/precompiled-assembly-types:Unity.AI.Navigation: 5d8fa505e3253b9a2a456e2c28a1afb3 -> 
  custom:container-demuxer-ogg: 62fdf1f143b41e24485cea50d1cbac27 -> 
  custom:scripting/monoscript/fileName/NavMeshModifierVolumeEditor.cs: 262a50135a116189426aa01c964a744c -> 
  custom:scripting/monoscript/fileName/NavigationOverlay.cs: 2744f4e7946ebbb71339c9b1ce538d00 -> 
  custom:scripting/monoscript/fileName/ConverterItemDescriptor.cs: 8182050d34c5cb602eb7913435a7abee -> 
  custom:scripting/monoscript/fileName/BuiltInToNavMeshSurfaceConverterContainer.cs: c40a906f9f99ea8a6c5aaa215767017f -> 
  custom:video-decoder-ogg-theora: a1e56fd34408186e4bbccfd4996cb3dc -> 
  custom:scripting/monoscript/fileName/NavigationWindow.cs: 7884404b71178f59d8819c380b951d7c -> 
  custom:scripting/monoscript/fileName/NavMeshComponentsGUIUtility.cs: 08c52049b94db52661003d42fda4ecff -> 
  custom:scripting/monoscript/fileName/ConverterItemInfo.cs: 9fb131dfa28a9ed6b6d00fd9cf83ece4 -> 
  custom:CustomObjectIndexerAttribute: 9a22284fe3817be447336de3de66b15e -> 
  custom:scripting/monoscript/fileName/NavMeshAssetManager.cs: 79eb4858c2054289cd611249ab36b0a5 -> 
  custom:scripting/monoscript/fileName/NavMeshSurfaceEditor.cs: adb1294e971eab992abc2e3e7e051565 -> 
  custom:container-demuxer-webm: 4f35f7cbe854078d1ac9338744f61a02 -> 
  custom:scripting/monoscript/fileName/NavMeshModifierVolume.cs: 8dc531216c72b86c60b86e16ff3da10b -> 
  custom:scripting/monoscript/fileName/NavMeshUpdaterUtility.cs: 5eb03802e6dba19b3e13aaf384805cac -> 
  custom:scripting/monoscript/fileName/NavigationPreferences.cs: ada9399a4f085d4c824cc06527e7fcae -> 
  custom:scripting/monoscript/fileName/NavMeshUpdaterEditor.cs: 169704080eda430978bba61ddedeb304 -> 
  custom:scripting/precompiled-assembly-types:Unity.AI.Navigation.Editor.ConversionSystem: 27c718e5de2659aeeb663e092dc21158 -> 
  custom:scripting/monoscript/fileName/NavMeshModifierEditor.cs: b8675d28116f43f78881455a7301fe8c -> 
  custom:container-muxer-webm: aa71ff27fc2769a1b78a27578f13a17b -> 
  custom:video-decoder-webm-vp8: 9c59270c3fd7afecdb556c50c9e8de78 -> 
  custom:scripting/precompiled-assembly-types:Unity.AI.Navigation.Editor: 7eaf38f66973fde07200cf372b24130e -> 
  custom:scripting/monoscript/fileName/HelpUrls.cs: c1a90585e3e9c9d25f58f9141655f24f -> 
  custom:scripting/monoscript/fileName/EditorStyles.cs: 86b9f4d8fe570a8d8295bfc466c975cf -> 
  custom:SearchIndexIgnoredProperties: e643bd26f0fe6173181afceb89e7c659 -> 
  custom:scripting/precompiled-assembly-types:Unity.AI.Navigation.Updater: d2095ddf03fd615830d6dacf5841450d -> 
  custom:scripting/monoscript/fileName/NavMeshLinkEditor.cs: aed8ae070d922149bb2ba3de06889ff6 -> 
  custom:AudioImporter_EditorPlatform: 3918e3fc78b5a79bad01e8451be0beb8 -> 
  custom:scripting/monoscript/fileName/NavMeshModifier.cs: 99ae5ed91bb784edc4f8312d7de046da -> 
  custom:scripting/monoscript/fileName/NavMeshSceneConverter.cs: baf486a1c1cdf03a3111dd113d13c2f4 -> 
  custom:scripting/monoscript/fileName/SystemConverterContainer.cs: eb4026ea01a117ce0888f693e9eed2cd -> 
  custom:scripting/monoscript/fileName/NavMeshLink.cs: 0b3d0eeb07ab57d259e8f9365538df09 -> 
  custom:framework-osx-AVFoundation: e770b220cccbd017edd2c1fefb359320 -> 
  custom:scripting/monoscript/fileName/ObsoleteNavigationWindowMenuEntry.cs: c7f73386e6473f401a8e4151cac4e1e5 -> 
  custom:scripting/monoscript/fileName/InitializeConverterContext.cs: a97e19589a5774cdc2a34a28caea355f -> 
  custom:scripting/monoscript/fileName/SystemConverter.cs: c748d1769fc66e95256254a1cc1497f3 -> 
  custom:video-encoder-webm-vp8: eb34c28f22e8b96e1ab97ce403110664 -> 
  custom:audio-decoder-ogg-vorbis: bf7c407c2cedff20999df2af8eb42d56 -> 
  custom:scripting/monoscript/fileName/Models.cs: 72a9bccda329dd678eddccf95c3a65ef -> 
  custom:scripting/monoscript/fileName/RunItemContext.cs: 338b2243183036c2b60f94c1b5e817c5 -> 
  custom:scripting/monoscript/fileName/CoordinatePoller.cs: c9ac2ca40c1a1dc312a717df933e1b50 -> 
  custom:audio-encoder-webm-vorbis: bf7c407c2cedff20999df2af8eb42d56 -> 
  custom:scripting/precompiled-assembly-types:Assembly-CSharp: 24bca05b3a3f7adb1fdda3c142d15ea4 -> 
  custom:scripting/monoscript/fileName/SystemConvertersEditor.cs: c127c1335f24b77ca70195bf2136c6a2 -> 
========================================================================
Received Prepare
Caller must complete domain reload
Begin MonoManager ReloadAssembly
Thread 0x16b14b000 may have been prematurely finalized
- Loaded All Assemblies, in  0.389 seconds
Native extension for OSXStandalone target not found
Mono: successfully reloaded assembly
- Finished resetting the current domain, in  0.867 seconds
Domain Reload Profiling: 1257ms
	BeginReloadAssembly (102ms)
		ExecutionOrderSort (0ms)
		DisableScriptedObjects (4ms)
		BackupInstance (0ms)
		ReleaseScriptingObjects (0ms)
		CreateAndSetChildDomain (37ms)
	RebuildCommonClasses (24ms)
	RebuildNativeTypeToScriptingClass (8ms)
	initialDomainReloadingComplete (15ms)
	LoadAllAssembliesAndSetupDomain (239ms)
		LoadAssemblies (249ms)
		RebuildTransferFunctionScriptingTraits (0ms)
		AnalyzeDomain (25ms)
			TypeCache.Refresh (19ms)
				TypeCache.ScanAssembly (0ms)
			ScanForSourceGeneratedMonoScriptInfo (0ms)
			ResolveRequiredComponents (5ms)
	FinalizeReload (868ms)
		ReleaseScriptCaches (0ms)
		RebuildScriptCaches (0ms)
		SetupLoadedEditorAssemblies (385ms)
			LogAssemblyErrors (0ms)
			InitializePlatformSupportModulesInManaged (4ms)
			SetLoadedEditorAssemblies (4ms)
			RefreshPlugins (0ms)
			BeforeProcessingInitializeOnLoad (36ms)
			ProcessInitializeOnLoadAttributes (329ms)
			ProcessInitializeOnLoadMethodAttributes (12ms)
			AfterProcessingInitializeOnLoad (1ms)
			EditorAssembliesLoaded (0ms)
		ExecutionOrderSort2 (0ms)
		AwakeInstancesAfterBackupRestoration (3ms)
Refreshing native plugins compatible for Editor in 0.53 ms, found 2 plugins.
Preloading 0 native plugins for Editor in 0.00 ms.
Unloading 3272 Unused Serialized files (Serialized files now loaded: 0)
Unloading 13 unused Assets / (27.8 KB). Loaded Objects now: 4012.
Memory consumption went from 0.84 GB to 0.84 GB.
Total: 3.050333 ms (FindLiveObjects: 0.150500 ms CreateObjectMapping: 0.043541 ms MarkObjects: 2.808959 ms  DeleteObjects: 0.046500 ms)

Prepare: number of updated asset objects reloaded= 0
AssetImportParameters requested are different than current active one (requested -> active):
  custom:scripting/monoscript/fileName/NavMeshSurface.cs: 34aebd278d8d3d5db6b23265b9c700f9 -> 
  custom:scripting/monoscript/fileName/ObjectAgent.cs: e91ff64fdc0e2c351aa5461de0a543bc -> 
  custom:scripting/precompiled-assembly-types:Unity.AI.Navigation: 5d8fa505e3253b9a2a456e2c28a1afb3 -> 
  custom:container-demuxer-ogg: 62fdf1f143b41e24485cea50d1cbac27 -> 
  custom:scripting/monoscript/fileName/NavMeshModifierVolumeEditor.cs: 262a50135a116189426aa01c964a744c -> 
  custom:scripting/monoscript/fileName/NavigationOverlay.cs: 2744f4e7946ebbb71339c9b1ce538d00 -> 
  custom:scripting/monoscript/fileName/ConverterItemDescriptor.cs: 8182050d34c5cb602eb7913435a7abee -> 
  custom:scripting/monoscript/fileName/BuiltInToNavMeshSurfaceConverterContainer.cs: c40a906f9f99ea8a6c5aaa215767017f -> 
  custom:video-decoder-ogg-theora: a1e56fd34408186e4bbccfd4996cb3dc -> 
  custom:scripting/monoscript/fileName/NavigationWindow.cs: 7884404b71178f59d8819c380b951d7c -> 
  custom:scripting/monoscript/fileName/NavMeshComponentsGUIUtility.cs: 08c52049b94db52661003d42fda4ecff -> 
  custom:scripting/monoscript/fileName/ConverterItemInfo.cs: 9fb131dfa28a9ed6b6d00fd9cf83ece4 -> 
  custom:CustomObjectIndexerAttribute: 9a22284fe3817be447336de3de66b15e -> 
  custom:scripting/monoscript/fileName/NavMeshAssetManager.cs: 79eb4858c2054289cd611249ab36b0a5 -> 
  custom:scripting/monoscript/fileName/NavMeshSurfaceEditor.cs: adb1294e971eab992abc2e3e7e051565 -> 
  custom:container-demuxer-webm: 4f35f7cbe854078d1ac9338744f61a02 -> 
  custom:scripting/monoscript/fileName/NavMeshModifierVolume.cs: 8dc531216c72b86c60b86e16ff3da10b -> 
  custom:scripting/monoscript/fileName/NavMeshUpdaterUtility.cs: 5eb03802e6dba19b3e13aaf384805cac -> 
  custom:scripting/monoscript/fileName/NavigationPreferences.cs: ada9399a4f085d4c824cc06527e7fcae -> 
  custom:scripting/monoscript/fileName/NavMeshUpdaterEditor.cs: 169704080eda430978bba61ddedeb304 -> 
  custom:scripting/precompiled-assembly-types:Unity.AI.Navigation.Editor.ConversionSystem: 27c718e5de2659aeeb663e092dc21158 -> 
  custom:scripting/monoscript/fileName/NavMeshModifierEditor.cs: b8675d28116f43f78881455a7301fe8c -> 
  custom:container-muxer-webm: aa71ff27fc2769a1b78a27578f13a17b -> 
  custom:video-decoder-webm-vp8: 9c59270c3fd7afecdb556c50c9e8de78 -> 
  custom:scripting/precompiled-assembly-types:Unity.AI.Navigation.Editor: 7eaf38f66973fde07200cf372b24130e -> 
  custom:scripting/monoscript/fileName/HelpUrls.cs: c1a90585e3e9c9d25f58f9141655f24f -> 
  custom:scripting/monoscript/fileName/EditorStyles.cs: 86b9f4d8fe570a8d8295bfc466c975cf -> 
  custom:SearchIndexIgnoredProperties: e643bd26f0fe6173181afceb89e7c659 -> 
  custom:scripting/precompiled-assembly-types:Unity.AI.Navigation.Updater: d2095ddf03fd615830d6dacf5841450d -> 
  custom:scripting/monoscript/fileName/NavMeshLinkEditor.cs: aed8ae070d922149bb2ba3de06889ff6 -> 
  custom:AudioImporter_EditorPlatform: 3918e3fc78b5a79bad01e8451be0beb8 -> 
  custom:scripting/monoscript/fileName/NavMeshModifier.cs: 99ae5ed91bb784edc4f8312d7de046da -> 
  custom:scripting/monoscript/fileName/NavMeshSceneConverter.cs: baf486a1c1cdf03a3111dd113d13c2f4 -> 
  custom:scripting/monoscript/fileName/SystemConverterContainer.cs: eb4026ea01a117ce0888f693e9eed2cd -> 
  custom:scripting/monoscript/fileName/NavMeshLink.cs: 0b3d0eeb07ab57d259e8f9365538df09 -> 
  custom:framework-osx-AVFoundation: e770b220cccbd017edd2c1fefb359320 -> 
  custom:scripting/monoscript/fileName/ObsoleteNavigationWindowMenuEntry.cs: c7f73386e6473f401a8e4151cac4e1e5 -> 
  custom:scripting/monoscript/fileName/InitializeConverterContext.cs: a97e19589a5774cdc2a34a28caea355f -> 
  custom:scripting/monoscript/fileName/SystemConverter.cs: c748d1769fc66e95256254a1cc1497f3 -> 
  custom:video-encoder-webm-vp8: eb34c28f22e8b96e1ab97ce403110664 -> 
  custom:audio-decoder-ogg-vorbis: bf7c407c2cedff20999df2af8eb42d56 -> 
  custom:scripting/monoscript/fileName/Models.cs: 72a9bccda329dd678eddccf95c3a65ef -> 
  custom:scripting/monoscript/fileName/RunItemContext.cs: 338b2243183036c2b60f94c1b5e817c5 -> 
  custom:scripting/monoscript/fileName/CoordinatePoller.cs: c9ac2ca40c1a1dc312a717df933e1b50 -> 
  custom:audio-encoder-webm-vorbis: bf7c407c2cedff20999df2af8eb42d56 -> 
  custom:scripting/precompiled-assembly-types:Assembly-CSharp: 24bca05b3a3f7adb1fdda3c142d15ea4 -> 
  custom:scripting/monoscript/fileName/SystemConvertersEditor.cs: c127c1335f24b77ca70195bf2136c6a2 -> 
========================================================================
Received Prepare
Caller must complete domain reload
Begin MonoManager ReloadAssembly
Thread 0x16b14b000 may have been prematurely finalized
- Loaded All Assemblies, in  0.477 seconds
Native extension for OSXStandalone target not found
Mono: successfully reloaded assembly
- Finished resetting the current domain, in  1.039 seconds
Domain Reload Profiling: 1518ms
	BeginReloadAssembly (163ms)
		ExecutionOrderSort (0ms)
		DisableScriptedObjects (6ms)
		BackupInstance (0ms)
		ReleaseScriptingObjects (0ms)
		CreateAndSetChildDomain (74ms)
	RebuildCommonClasses (29ms)
	RebuildNativeTypeToScriptingClass (9ms)
	initialDomainReloadingComplete (22ms)
	LoadAllAssembliesAndSetupDomain (256ms)
		LoadAssemblies (222ms)
		RebuildTransferFunctionScriptingTraits (0ms)
		AnalyzeDomain (81ms)
			TypeCache.Refresh (70ms)
				TypeCache.ScanAssembly (0ms)
			ScanForSourceGeneratedMonoScriptInfo (1ms)
			ResolveRequiredComponents (7ms)
	FinalizeReload (1039ms)
		ReleaseScriptCaches (0ms)
		RebuildScriptCaches (0ms)
		SetupLoadedEditorAssemblies (452ms)
			LogAssemblyErrors (0ms)
			InitializePlatformSupportModulesInManaged (4ms)
			SetLoadedEditorAssemblies (8ms)
			RefreshPlugins (0ms)
			BeforeProcessingInitializeOnLoad (44ms)
			ProcessInitializeOnLoadAttributes (383ms)
			ProcessInitializeOnLoadMethodAttributes (13ms)
			AfterProcessingInitializeOnLoad (1ms)
			EditorAssembliesLoaded (0ms)
		ExecutionOrderSort2 (0ms)
		AwakeInstancesAfterBackupRestoration (3ms)
Refreshing native plugins compatible for Editor in 0.54 ms, found 2 plugins.
Preloading 0 native plugins for Editor in 0.00 ms.
Unloading 3272 Unused Serialized files (Serialized files now loaded: 0)
Unloading 13 unused Assets / (27.8 KB). Loaded Objects now: 4015.
Memory consumption went from 0.85 GB to 0.85 GB.
Total: 3.136000 ms (FindLiveObjects: 0.216792 ms CreateObjectMapping: 0.051541 ms MarkObjects: 2.823084 ms  DeleteObjects: 0.043958 ms)

Prepare: number of updated asset objects reloaded= 0
AssetImportParameters requested are different than current active one (requested -> active):
  custom:scripting/monoscript/fileName/NavMeshSurface.cs: 34aebd278d8d3d5db6b23265b9c700f9 -> 
  custom:scripting/monoscript/fileName/ObjectAgent.cs: e91ff64fdc0e2c351aa5461de0a543bc -> 
  custom:scripting/precompiled-assembly-types:Unity.AI.Navigation: 5d8fa505e3253b9a2a456e2c28a1afb3 -> 
  custom:container-demuxer-ogg: 62fdf1f143b41e24485cea50d1cbac27 -> 
  custom:scripting/monoscript/fileName/NavMeshModifierVolumeEditor.cs: 262a50135a116189426aa01c964a744c -> 
  custom:scripting/monoscript/fileName/NavigationOverlay.cs: 2744f4e7946ebbb71339c9b1ce538d00 -> 
  custom:scripting/monoscript/fileName/ConverterItemDescriptor.cs: 8182050d34c5cb602eb7913435a7abee -> 
  custom:scripting/monoscript/fileName/BuiltInToNavMeshSurfaceConverterContainer.cs: c40a906f9f99ea8a6c5aaa215767017f -> 
  custom:video-decoder-ogg-theora: a1e56fd34408186e4bbccfd4996cb3dc -> 
  custom:scripting/monoscript/fileName/NavigationWindow.cs: 7884404b71178f59d8819c380b951d7c -> 
  custom:scripting/monoscript/fileName/NavMeshComponentsGUIUtility.cs: 08c52049b94db52661003d42fda4ecff -> 
  custom:scripting/monoscript/fileName/ConverterItemInfo.cs: 9fb131dfa28a9ed6b6d00fd9cf83ece4 -> 
  custom:CustomObjectIndexerAttribute: 9a22284fe3817be447336de3de66b15e -> 
  custom:scripting/monoscript/fileName/NavMeshAssetManager.cs: 79eb4858c2054289cd611249ab36b0a5 -> 
  custom:scripting/monoscript/fileName/NavMeshSurfaceEditor.cs: adb1294e971eab992abc2e3e7e051565 -> 
  custom:container-demuxer-webm: 4f35f7cbe854078d1ac9338744f61a02 -> 
  custom:scripting/monoscript/fileName/NavMeshModifierVolume.cs: 8dc531216c72b86c60b86e16ff3da10b -> 
  custom:scripting/monoscript/fileName/NavMeshUpdaterUtility.cs: 5eb03802e6dba19b3e13aaf384805cac -> 
  custom:scripting/monoscript/fileName/NavigationPreferences.cs: ada9399a4f085d4c824cc06527e7fcae -> 
  custom:scripting/monoscript/fileName/NavMeshUpdaterEditor.cs: 169704080eda430978bba61ddedeb304 -> 
  custom:scripting/precompiled-assembly-types:Unity.AI.Navigation.Editor.ConversionSystem: 27c718e5de2659aeeb663e092dc21158 -> 
  custom:scripting/monoscript/fileName/NavMeshModifierEditor.cs: b8675d28116f43f78881455a7301fe8c -> 
  custom:container-muxer-webm: aa71ff27fc2769a1b78a27578f13a17b -> 
  custom:video-decoder-webm-vp8: 9c59270c3fd7afecdb556c50c9e8de78 -> 
  custom:scripting/precompiled-assembly-types:Unity.AI.Navigation.Editor: 7eaf38f66973fde07200cf372b24130e -> 
  custom:scripting/monoscript/fileName/HelpUrls.cs: c1a90585e3e9c9d25f58f9141655f24f -> 
  custom:scripting/monoscript/fileName/EditorStyles.cs: 86b9f4d8fe570a8d8295bfc466c975cf -> 
  custom:SearchIndexIgnoredProperties: e643bd26f0fe6173181afceb89e7c659 -> 
  custom:scripting/precompiled-assembly-types:Unity.AI.Navigation.Updater: d2095ddf03fd615830d6dacf5841450d -> 
  custom:scripting/monoscript/fileName/NavMeshLinkEditor.cs: aed8ae070d922149bb2ba3de06889ff6 -> 
  custom:AudioImporter_EditorPlatform: 3918e3fc78b5a79bad01e8451be0beb8 -> 
  custom:scripting/monoscript/fileName/NavMeshModifier.cs: 99ae5ed91bb784edc4f8312d7de046da -> 
  custom:scripting/monoscript/fileName/NavMeshSceneConverter.cs: baf486a1c1cdf03a3111dd113d13c2f4 -> 
  custom:scripting/monoscript/fileName/SystemConverterContainer.cs: eb4026ea01a117ce0888f693e9eed2cd -> 
  custom:scripting/monoscript/fileName/NavMeshLink.cs: 0b3d0eeb07ab57d259e8f9365538df09 -> 
  custom:framework-osx-AVFoundation: e770b220cccbd017edd2c1fefb359320 -> 
  custom:scripting/monoscript/fileName/ObsoleteNavigationWindowMenuEntry.cs: c7f73386e6473f401a8e4151cac4e1e5 -> 
  custom:scripting/monoscript/fileName/InitializeConverterContext.cs: a97e19589a5774cdc2a34a28caea355f -> 
  custom:scripting/monoscript/fileName/SystemConverter.cs: c748d1769fc66e95256254a1cc1497f3 -> 
  custom:video-encoder-webm-vp8: eb34c28f22e8b96e1ab97ce403110664 -> 
  custom:audio-decoder-ogg-vorbis: bf7c407c2cedff20999df2af8eb42d56 -> 
  custom:scripting/monoscript/fileName/Models.cs: 72a9bccda329dd678eddccf95c3a65ef -> 
  custom:scripting/monoscript/fileName/RunItemContext.cs: 338b2243183036c2b60f94c1b5e817c5 -> 
  custom:scripting/monoscript/fileName/CoordinatePoller.cs: c9ac2ca40c1a1dc312a717df933e1b50 -> 
  custom:audio-encoder-webm-vorbis: bf7c407c2cedff20999df2af8eb42d56 -> 
  custom:scripting/precompiled-assembly-types:Assembly-CSharp: 24bca05b3a3f7adb1fdda3c142d15ea4 -> 
  custom:scripting/monoscript/fileName/SystemConvertersEditor.cs: c127c1335f24b77ca70195bf2136c6a2 -> 
========================================================================
Received Prepare
Caller must complete domain reload
Begin MonoManager ReloadAssembly
Thread 0x16b14b000 may have been prematurely finalized
- Loaded All Assemblies, in  0.332 seconds
Native extension for OSXStandalone target not found
Mono: successfully reloaded assembly
- Finished resetting the current domain, in  0.886 seconds
Domain Reload Profiling: 1218ms
	BeginReloadAssembly (118ms)
		ExecutionOrderSort (0ms)
		DisableScriptedObjects (3ms)
		BackupInstance (0ms)
		ReleaseScriptingObjects (0ms)
		CreateAndSetChildDomain (49ms)
	RebuildCommonClasses (23ms)
	RebuildNativeTypeToScriptingClass (8ms)
	initialDomainReloadingComplete (19ms)
	LoadAllAssembliesAndSetupDomain (165ms)
		LoadAssemblies (174ms)
		RebuildTransferFunctionScriptingTraits (0ms)
		AnalyzeDomain (30ms)
			TypeCache.Refresh (26ms)
				TypeCache.ScanAssembly (0ms)
			ScanForSourceGeneratedMonoScriptInfo (0ms)
			ResolveRequiredComponents (4ms)
	FinalizeReload (886ms)
		ReleaseScriptCaches (0ms)
		RebuildScriptCaches (0ms)
		SetupLoadedEditorAssemblies (389ms)
			LogAssemblyErrors (0ms)
			InitializePlatformSupportModulesInManaged (4ms)
			SetLoadedEditorAssemblies (4ms)
			RefreshPlugins (0ms)
			BeforeProcessingInitializeOnLoad (35ms)
			ProcessInitializeOnLoadAttributes (333ms)
			ProcessInitializeOnLoadMethodAttributes (13ms)
			AfterProcessingInitializeOnLoad (1ms)
			EditorAssembliesLoaded (0ms)
		ExecutionOrderSort2 (0ms)
		AwakeInstancesAfterBackupRestoration (3ms)
Refreshing native plugins compatible for Editor in 0.68 ms, found 2 plugins.
Preloading 0 native plugins for Editor in 0.00 ms.
Unloading 3272 Unused Serialized files (Serialized files now loaded: 0)
Unloading 13 unused Assets / (27.8 KB). Loaded Objects now: 4018.
Memory consumption went from 0.86 GB to 0.86 GB.
Total: 3.491167 ms (FindLiveObjects: 0.199959 ms CreateObjectMapping: 0.043791 ms MarkObjects: 3.205375 ms  DeleteObjects: 0.041334 ms)

Prepare: number of updated asset objects reloaded= 0
AssetImportParameters requested are different than current active one (requested -> active):
  custom:scripting/monoscript/fileName/NavMeshSurface.cs: 34aebd278d8d3d5db6b23265b9c700f9 -> 
  custom:scripting/monoscript/fileName/ObjectAgent.cs: e91ff64fdc0e2c351aa5461de0a543bc -> 
  custom:scripting/precompiled-assembly-types:Unity.AI.Navigation: 5d8fa505e3253b9a2a456e2c28a1afb3 -> 
  custom:container-demuxer-ogg: 62fdf1f143b41e24485cea50d1cbac27 -> 
  custom:scripting/monoscript/fileName/NavMeshModifierVolumeEditor.cs: 262a50135a116189426aa01c964a744c -> 
  custom:scripting/monoscript/fileName/NavigationOverlay.cs: 2744f4e7946ebbb71339c9b1ce538d00 -> 
  custom:scripting/monoscript/fileName/ConverterItemDescriptor.cs: 8182050d34c5cb602eb7913435a7abee -> 
  custom:scripting/monoscript/fileName/BuiltInToNavMeshSurfaceConverterContainer.cs: c40a906f9f99ea8a6c5aaa215767017f -> 
  custom:video-decoder-ogg-theora: a1e56fd34408186e4bbccfd4996cb3dc -> 
  custom:scripting/monoscript/fileName/NavigationWindow.cs: 7884404b71178f59d8819c380b951d7c -> 
  custom:scripting/monoscript/fileName/NavMeshComponentsGUIUtility.cs: 08c52049b94db52661003d42fda4ecff -> 
  custom:scripting/monoscript/fileName/ConverterItemInfo.cs: 9fb131dfa28a9ed6b6d00fd9cf83ece4 -> 
  custom:CustomObjectIndexerAttribute: 9a22284fe3817be447336de3de66b15e -> 
  custom:scripting/monoscript/fileName/NavMeshAssetManager.cs: 79eb4858c2054289cd611249ab36b0a5 -> 
  custom:scripting/monoscript/fileName/NavMeshSurfaceEditor.cs: adb1294e971eab992abc2e3e7e051565 -> 
  custom:container-demuxer-webm: 4f35f7cbe854078d1ac9338744f61a02 -> 
  custom:scripting/monoscript/fileName/NavMeshModifierVolume.cs: 8dc531216c72b86c60b86e16ff3da10b -> 
  custom:scripting/monoscript/fileName/NavMeshUpdaterUtility.cs: 5eb03802e6dba19b3e13aaf384805cac -> 
  custom:scripting/monoscript/fileName/NavigationPreferences.cs: ada9399a4f085d4c824cc06527e7fcae -> 
  custom:scripting/monoscript/fileName/NavMeshUpdaterEditor.cs: 169704080eda430978bba61ddedeb304 -> 
  custom:scripting/precompiled-assembly-types:Unity.AI.Navigation.Editor.ConversionSystem: 27c718e5de2659aeeb663e092dc21158 -> 
  custom:scripting/monoscript/fileName/NavMeshModifierEditor.cs: b8675d28116f43f78881455a7301fe8c -> 
  custom:container-muxer-webm: aa71ff27fc2769a1b78a27578f13a17b -> 
  custom:video-decoder-webm-vp8: 9c59270c3fd7afecdb556c50c9e8de78 -> 
  custom:scripting/precompiled-assembly-types:Unity.AI.Navigation.Editor: 7eaf38f66973fde07200cf372b24130e -> 
  custom:scripting/monoscript/fileName/HelpUrls.cs: c1a90585e3e9c9d25f58f9141655f24f -> 
  custom:scripting/monoscript/fileName/EditorStyles.cs: 86b9f4d8fe570a8d8295bfc466c975cf -> 
  custom:SearchIndexIgnoredProperties: e643bd26f0fe6173181afceb89e7c659 -> 
  custom:scripting/precompiled-assembly-types:Unity.AI.Navigation.Updater: d2095ddf03fd615830d6dacf5841450d -> 
  custom:scripting/monoscript/fileName/NavMeshLinkEditor.cs: aed8ae070d922149bb2ba3de06889ff6 -> 
  custom:AudioImporter_EditorPlatform: 3918e3fc78b5a79bad01e8451be0beb8 -> 
  custom:scripting/monoscript/fileName/NavMeshModifier.cs: 99ae5ed91bb784edc4f8312d7de046da -> 
  custom:scripting/monoscript/fileName/NavMeshSceneConverter.cs: baf486a1c1cdf03a3111dd113d13c2f4 -> 
  custom:scripting/monoscript/fileName/SystemConverterContainer.cs: eb4026ea01a117ce0888f693e9eed2cd -> 
  custom:scripting/monoscript/fileName/NavMeshLink.cs: 0b3d0eeb07ab57d259e8f9365538df09 -> 
  custom:framework-osx-AVFoundation: e770b220cccbd017edd2c1fefb359320 -> 
  custom:scripting/monoscript/fileName/ObsoleteNavigationWindowMenuEntry.cs: c7f73386e6473f401a8e4151cac4e1e5 -> 
  custom:scripting/monoscript/fileName/InitializeConverterContext.cs: a97e19589a5774cdc2a34a28caea355f -> 
  custom:scripting/monoscript/fileName/SystemConverter.cs: c748d1769fc66e95256254a1cc1497f3 -> 
  custom:video-encoder-webm-vp8: eb34c28f22e8b96e1ab97ce403110664 -> 
  custom:audio-decoder-ogg-vorbis: bf7c407c2cedff20999df2af8eb42d56 -> 
  custom:scripting/monoscript/fileName/Models.cs: 72a9bccda329dd678eddccf95c3a65ef -> 
  custom:scripting/monoscript/fileName/RunItemContext.cs: 338b2243183036c2b60f94c1b5e817c5 -> 
  custom:scripting/monoscript/fileName/CoordinatePoller.cs: c9ac2ca40c1a1dc312a717df933e1b50 -> 
  custom:audio-encoder-webm-vorbis: bf7c407c2cedff20999df2af8eb42d56 -> 
  custom:scripting/precompiled-assembly-types:Assembly-CSharp: 24bca05b3a3f7adb1fdda3c142d15ea4 -> 
  custom:scripting/monoscript/fileName/SystemConvertersEditor.cs: c127c1335f24b77ca70195bf2136c6a2 -> 
========================================================================
Received Prepare
Caller must complete domain reload
Begin MonoManager ReloadAssembly
Thread 0x16b14b000 may have been prematurely finalized
- Loaded All Assemblies, in  0.582 seconds
Native extension for OSXStandalone target not found
Mono: successfully reloaded assembly
- Finished resetting the current domain, in  1.063 seconds
Domain Reload Profiling: 1646ms
	BeginReloadAssembly (209ms)
		ExecutionOrderSort (0ms)
		DisableScriptedObjects (11ms)
		BackupInstance (0ms)
		ReleaseScriptingObjects (0ms)
		CreateAndSetChildDomain (95ms)
	RebuildCommonClasses (33ms)
	RebuildNativeTypeToScriptingClass (13ms)
	initialDomainReloadingComplete (28ms)
	LoadAllAssembliesAndSetupDomain (300ms)
		LoadAssemblies (259ms)
		RebuildTransferFunctionScriptingTraits (0ms)
		AnalyzeDomain (99ms)
			TypeCache.Refresh (72ms)
				TypeCache.ScanAssembly (0ms)
			ScanForSourceGeneratedMonoScriptInfo (1ms)
			ResolveRequiredComponents (25ms)
	FinalizeReload (1063ms)
		ReleaseScriptCaches (0ms)
		RebuildScriptCaches (0ms)
		SetupLoadedEditorAssemblies (425ms)
			LogAssemblyErrors (0ms)
			InitializePlatformSupportModulesInManaged (3ms)
			SetLoadedEditorAssemblies (5ms)
			RefreshPlugins (0ms)
			BeforeProcessingInitializeOnLoad (42ms)
			ProcessInitializeOnLoadAttributes (359ms)
			ProcessInitializeOnLoadMethodAttributes (15ms)
			AfterProcessingInitializeOnLoad (1ms)
			EditorAssembliesLoaded (0ms)
		ExecutionOrderSort2 (0ms)
		AwakeInstancesAfterBackupRestoration (4ms)
Refreshing native plugins compatible for Editor in 0.58 ms, found 2 plugins.
Preloading 0 native plugins for Editor in 0.00 ms.
Unloading 3272 Unused Serialized files (Serialized files now loaded: 0)
Unloading 13 unused Assets / (27.7 KB). Loaded Objects now: 4021.
Memory consumption went from 0.87 GB to 0.87 GB.
Total: 3.446459 ms (FindLiveObjects: 0.265666 ms CreateObjectMapping: 0.046625 ms MarkObjects: 3.093417 ms  DeleteObjects: 0.038500 ms)

Prepare: number of updated asset objects reloaded= 0
AssetImportParameters requested are different than current active one (requested -> active):
  custom:scripting/monoscript/fileName/NavMeshSurface.cs: 34aebd278d8d3d5db6b23265b9c700f9 -> 
  custom:scripting/monoscript/fileName/ObjectAgent.cs: e91ff64fdc0e2c351aa5461de0a543bc -> 
  custom:scripting/precompiled-assembly-types:Unity.AI.Navigation: 5d8fa505e3253b9a2a456e2c28a1afb3 -> 
  custom:container-demuxer-ogg: 62fdf1f143b41e24485cea50d1cbac27 -> 
  custom:scripting/monoscript/fileName/NavMeshModifierVolumeEditor.cs: 262a50135a116189426aa01c964a744c -> 
  custom:scripting/monoscript/fileName/NavigationOverlay.cs: 2744f4e7946ebbb71339c9b1ce538d00 -> 
  custom:scripting/monoscript/fileName/ConverterItemDescriptor.cs: 8182050d34c5cb602eb7913435a7abee -> 
  custom:scripting/monoscript/fileName/BuiltInToNavMeshSurfaceConverterContainer.cs: c40a906f9f99ea8a6c5aaa215767017f -> 
  custom:video-decoder-ogg-theora: a1e56fd34408186e4bbccfd4996cb3dc -> 
  custom:scripting/monoscript/fileName/NavigationWindow.cs: 7884404b71178f59d8819c380b951d7c -> 
  custom:scripting/monoscript/fileName/NavMeshComponentsGUIUtility.cs: 08c52049b94db52661003d42fda4ecff -> 
  custom:scripting/monoscript/fileName/ConverterItemInfo.cs: 9fb131dfa28a9ed6b6d00fd9cf83ece4 -> 
  custom:CustomObjectIndexerAttribute: 9a22284fe3817be447336de3de66b15e -> 
  custom:scripting/monoscript/fileName/NavMeshAssetManager.cs: 79eb4858c2054289cd611249ab36b0a5 -> 
  custom:scripting/monoscript/fileName/NavMeshSurfaceEditor.cs: adb1294e971eab992abc2e3e7e051565 -> 
  custom:container-demuxer-webm: 4f35f7cbe854078d1ac9338744f61a02 -> 
  custom:scripting/monoscript/fileName/NavMeshModifierVolume.cs: 8dc531216c72b86c60b86e16ff3da10b -> 
  custom:scripting/monoscript/fileName/NavMeshUpdaterUtility.cs: 5eb03802e6dba19b3e13aaf384805cac -> 
  custom:scripting/monoscript/fileName/NavigationPreferences.cs: ada9399a4f085d4c824cc06527e7fcae -> 
  custom:scripting/monoscript/fileName/NavMeshUpdaterEditor.cs: 169704080eda430978bba61ddedeb304 -> 
  custom:scripting/precompiled-assembly-types:Unity.AI.Navigation.Editor.ConversionSystem: 27c718e5de2659aeeb663e092dc21158 -> 
  custom:scripting/monoscript/fileName/NavMeshModifierEditor.cs: b8675d28116f43f78881455a7301fe8c -> 
  custom:container-muxer-webm: aa71ff27fc2769a1b78a27578f13a17b -> 
  custom:video-decoder-webm-vp8: 9c59270c3fd7afecdb556c50c9e8de78 -> 
  custom:scripting/precompiled-assembly-types:Unity.AI.Navigation.Editor: 7eaf38f66973fde07200cf372b24130e -> 
  custom:scripting/monoscript/fileName/HelpUrls.cs: c1a90585e3e9c9d25f58f9141655f24f -> 
  custom:scripting/monoscript/fileName/EditorStyles.cs: 86b9f4d8fe570a8d8295bfc466c975cf -> 
  custom:SearchIndexIgnoredProperties: e643bd26f0fe6173181afceb89e7c659 -> 
  custom:scripting/precompiled-assembly-types:Unity.AI.Navigation.Updater: d2095ddf03fd615830d6dacf5841450d -> 
  custom:scripting/monoscript/fileName/NavMeshLinkEditor.cs: aed8ae070d922149bb2ba3de06889ff6 -> 
  custom:AudioImporter_EditorPlatform: 3918e3fc78b5a79bad01e8451be0beb8 -> 
  custom:scripting/monoscript/fileName/NavMeshModifier.cs: 99ae5ed91bb784edc4f8312d7de046da -> 
  custom:scripting/monoscript/fileName/NavMeshSceneConverter.cs: baf486a1c1cdf03a3111dd113d13c2f4 -> 
  custom:scripting/monoscript/fileName/SystemConverterContainer.cs: eb4026ea01a117ce0888f693e9eed2cd -> 
  custom:scripting/monoscript/fileName/NavMeshLink.cs: 0b3d0eeb07ab57d259e8f9365538df09 -> 
  custom:framework-osx-AVFoundation: e770b220cccbd017edd2c1fefb359320 -> 
  custom:scripting/monoscript/fileName/ObsoleteNavigationWindowMenuEntry.cs: c7f73386e6473f401a8e4151cac4e1e5 -> 
  custom:scripting/monoscript/fileName/InitializeConverterContext.cs: a97e19589a5774cdc2a34a28caea355f -> 
  custom:scripting/monoscript/fileName/SystemConverter.cs: c748d1769fc66e95256254a1cc1497f3 -> 
  custom:video-encoder-webm-vp8: eb34c28f22e8b96e1ab97ce403110664 -> 
  custom:audio-decoder-ogg-vorbis: bf7c407c2cedff20999df2af8eb42d56 -> 
  custom:scripting/monoscript/fileName/Models.cs: 72a9bccda329dd678eddccf95c3a65ef -> 
  custom:scripting/monoscript/fileName/RunItemContext.cs: 338b2243183036c2b60f94c1b5e817c5 -> 
  custom:scripting/monoscript/fileName/CoordinatePoller.cs: c9ac2ca40c1a1dc312a717df933e1b50 -> 
  custom:audio-encoder-webm-vorbis: bf7c407c2cedff20999df2af8eb42d56 -> 
  custom:scripting/precompiled-assembly-types:Assembly-CSharp: 24bca05b3a3f7adb1fdda3c142d15ea4 -> 
  custom:scripting/monoscript/fileName/SystemConvertersEditor.cs: c127c1335f24b77ca70195bf2136c6a2 -> 
========================================================================
Received Prepare
Caller must complete domain reload
Begin MonoManager ReloadAssembly
Thread 0x16b14b000 may have been prematurely finalized
- Loaded All Assemblies, in  0.360 seconds
Native extension for OSXStandalone target not found
Mono: successfully reloaded assembly
- Finished resetting the current domain, in  0.920 seconds
Domain Reload Profiling: 1281ms
	BeginReloadAssembly (139ms)
		ExecutionOrderSort (0ms)
		DisableScriptedObjects (3ms)
		BackupInstance (0ms)
		ReleaseScriptingObjects (0ms)
		CreateAndSetChildDomain (50ms)
	RebuildCommonClasses (28ms)
	RebuildNativeTypeToScriptingClass (8ms)
	initialDomainReloadingComplete (19ms)
	LoadAllAssembliesAndSetupDomain (166ms)
		LoadAssemblies (193ms)
		RebuildTransferFunctionScriptingTraits (0ms)
		AnalyzeDomain (28ms)
			TypeCache.Refresh (16ms)
				TypeCache.ScanAssembly (0ms)
			ScanForSourceGeneratedMonoScriptInfo (6ms)
			ResolveRequiredComponents (5ms)
	FinalizeReload (921ms)
		ReleaseScriptCaches (0ms)
		RebuildScriptCaches (0ms)
		SetupLoadedEditorAssemblies (377ms)
			LogAssemblyErrors (0ms)
			InitializePlatformSupportModulesInManaged (3ms)
			SetLoadedEditorAssemblies (3ms)
			RefreshPlugins (0ms)
			BeforeProcessingInitializeOnLoad (35ms)
			ProcessInitializeOnLoadAttributes (323ms)
			ProcessInitializeOnLoadMethodAttributes (11ms)
			AfterProcessingInitializeOnLoad (2ms)
			EditorAssembliesLoaded (0ms)
		ExecutionOrderSort2 (0ms)
		AwakeInstancesAfterBackupRestoration (3ms)
Refreshing native plugins compatible for Editor in 0.53 ms, found 2 plugins.
Preloading 0 native plugins for Editor in 0.00 ms.
Unloading 3272 Unused Serialized files (Serialized files now loaded: 0)
Unloading 13 unused Assets / (27.8 KB). Loaded Objects now: 4024.
Memory consumption went from 0.88 GB to 0.88 GB.
Total: 2.763834 ms (FindLiveObjects: 0.130583 ms CreateObjectMapping: 0.047834 ms MarkObjects: 2.532083 ms  DeleteObjects: 0.052125 ms)

Prepare: number of updated asset objects reloaded= 0
AssetImportParameters requested are different than current active one (requested -> active):
  custom:scripting/monoscript/fileName/NavMeshSurface.cs: 34aebd278d8d3d5db6b23265b9c700f9 -> 
  custom:scripting/monoscript/fileName/ObjectAgent.cs: e91ff64fdc0e2c351aa5461de0a543bc -> 
  custom:scripting/precompiled-assembly-types:Unity.AI.Navigation: 5d8fa505e3253b9a2a456e2c28a1afb3 -> 
  custom:container-demuxer-ogg: 62fdf1f143b41e24485cea50d1cbac27 -> 
  custom:scripting/monoscript/fileName/NavMeshModifierVolumeEditor.cs: 262a50135a116189426aa01c964a744c -> 
  custom:scripting/monoscript/fileName/NavigationOverlay.cs: 2744f4e7946ebbb71339c9b1ce538d00 -> 
  custom:scripting/monoscript/fileName/ConverterItemDescriptor.cs: 8182050d34c5cb602eb7913435a7abee -> 
  custom:scripting/monoscript/fileName/BuiltInToNavMeshSurfaceConverterContainer.cs: c40a906f9f99ea8a6c5aaa215767017f -> 
  custom:video-decoder-ogg-theora: a1e56fd34408186e4bbccfd4996cb3dc -> 
  custom:scripting/monoscript/fileName/NavigationWindow.cs: 7884404b71178f59d8819c380b951d7c -> 
  custom:scripting/monoscript/fileName/NavMeshComponentsGUIUtility.cs: 08c52049b94db52661003d42fda4ecff -> 
  custom:scripting/monoscript/fileName/ConverterItemInfo.cs: 9fb131dfa28a9ed6b6d00fd9cf83ece4 -> 
  custom:CustomObjectIndexerAttribute: 9a22284fe3817be447336de3de66b15e -> 
  custom:scripting/monoscript/fileName/NavMeshAssetManager.cs: 79eb4858c2054289cd611249ab36b0a5 -> 
  custom:scripting/monoscript/fileName/NavMeshSurfaceEditor.cs: adb1294e971eab992abc2e3e7e051565 -> 
  custom:container-demuxer-webm: 4f35f7cbe854078d1ac9338744f61a02 -> 
  custom:scripting/monoscript/fileName/NavMeshModifierVolume.cs: 8dc531216c72b86c60b86e16ff3da10b -> 
  custom:scripting/monoscript/fileName/NavMeshUpdaterUtility.cs: 5eb03802e6dba19b3e13aaf384805cac -> 
  custom:scripting/monoscript/fileName/NavigationPreferences.cs: ada9399a4f085d4c824cc06527e7fcae -> 
  custom:scripting/monoscript/fileName/NavMeshUpdaterEditor.cs: 169704080eda430978bba61ddedeb304 -> 
  custom:scripting/precompiled-assembly-types:Unity.AI.Navigation.Editor.ConversionSystem: 27c718e5de2659aeeb663e092dc21158 -> 
  custom:scripting/monoscript/fileName/NavMeshModifierEditor.cs: b8675d28116f43f78881455a7301fe8c -> 
  custom:container-muxer-webm: aa71ff27fc2769a1b78a27578f13a17b -> 
  custom:video-decoder-webm-vp8: 9c59270c3fd7afecdb556c50c9e8de78 -> 
  custom:scripting/precompiled-assembly-types:Unity.AI.Navigation.Editor: 7eaf38f66973fde07200cf372b24130e -> 
  custom:scripting/monoscript/fileName/HelpUrls.cs: c1a90585e3e9c9d25f58f9141655f24f -> 
  custom:scripting/monoscript/fileName/EditorStyles.cs: 86b9f4d8fe570a8d8295bfc466c975cf -> 
  custom:SearchIndexIgnoredProperties: e643bd26f0fe6173181afceb89e7c659 -> 
  custom:scripting/precompiled-assembly-types:Unity.AI.Navigation.Updater: d2095ddf03fd615830d6dacf5841450d -> 
  custom:scripting/monoscript/fileName/NavMeshLinkEditor.cs: aed8ae070d922149bb2ba3de06889ff6 -> 
  custom:AudioImporter_EditorPlatform: 3918e3fc78b5a79bad01e8451be0beb8 -> 
  custom:scripting/monoscript/fileName/NavMeshModifier.cs: 99ae5ed91bb784edc4f8312d7de046da -> 
  custom:scripting/monoscript/fileName/NavMeshSceneConverter.cs: baf486a1c1cdf03a3111dd113d13c2f4 -> 
  custom:scripting/monoscript/fileName/SystemConverterContainer.cs: eb4026ea01a117ce0888f693e9eed2cd -> 
  custom:scripting/monoscript/fileName/NavMeshLink.cs: 0b3d0eeb07ab57d259e8f9365538df09 -> 
  custom:framework-osx-AVFoundation: e770b220cccbd017edd2c1fefb359320 -> 
  custom:scripting/monoscript/fileName/ObsoleteNavigationWindowMenuEntry.cs: c7f73386e6473f401a8e4151cac4e1e5 -> 
  custom:scripting/monoscript/fileName/InitializeConverterContext.cs: a97e19589a5774cdc2a34a28caea355f -> 
  custom:scripting/monoscript/fileName/SystemConverter.cs: c748d1769fc66e95256254a1cc1497f3 -> 
  custom:video-encoder-webm-vp8: eb34c28f22e8b96e1ab97ce403110664 -> 
  custom:audio-decoder-ogg-vorbis: bf7c407c2cedff20999df2af8eb42d56 -> 
  custom:scripting/monoscript/fileName/Models.cs: 72a9bccda329dd678eddccf95c3a65ef -> 
  custom:scripting/monoscript/fileName/RunItemContext.cs: 338b2243183036c2b60f94c1b5e817c5 -> 
  custom:scripting/monoscript/fileName/CoordinatePoller.cs: c9ac2ca40c1a1dc312a717df933e1b50 -> 
  custom:audio-encoder-webm-vorbis: bf7c407c2cedff20999df2af8eb42d56 -> 
  custom:scripting/precompiled-assembly-types:Assembly-CSharp: 24bca05b3a3f7adb1fdda3c142d15ea4 -> 
  custom:scripting/monoscript/fileName/SystemConvertersEditor.cs: c127c1335f24b77ca70195bf2136c6a2 -> 
========================================================================
Received Import Request.
  Time since last request: 5330.572451 seconds.
  path: Assets/Scripts/BoxPrefab.prefab
  artifactKey: Guid(b8738ad24000f46adb0df1a6eb54074a) Importer(815301076,1909f56bfc062723c751e8b465ee728b)
Start importing Assets/Scripts/BoxPrefab.prefab using Guid(b8738ad24000f46adb0df1a6eb54074a) Importer(815301076,1909f56bfc062723c751e8b465ee728b) [PhysX] Initialized MultithreadedTaskDispatcher with 8 workers.
[PhysX] Initialized MultithreadedTaskDispatcher with 8 workers.
 -> (artifact id: '9c334eea5f2bb45a96937332c9c9a6e4') in 0.051957 seconds
Number of updated asset objects reloaded before import = 0
Number of asset objects unloaded after import = 13
========================================================================
Received Prepare
Caller must complete domain reload
Begin MonoManager ReloadAssembly
Thread 0x16b14b000 may have been prematurely finalized
- Loaded All Assemblies, in  0.316 seconds
Native extension for OSXStandalone target not found
Mono: successfully reloaded assembly
- Finished resetting the current domain, in  0.922 seconds
Domain Reload Profiling: 1239ms
	BeginReloadAssembly (124ms)
		ExecutionOrderSort (0ms)
		DisableScriptedObjects (5ms)
		BackupInstance (0ms)
		ReleaseScriptingObjects (0ms)
		CreateAndSetChildDomain (54ms)
	RebuildCommonClasses (25ms)
	RebuildNativeTypeToScriptingClass (9ms)
	initialDomainReloadingComplete (16ms)
	LoadAllAssembliesAndSetupDomain (143ms)
		LoadAssemblies (169ms)
		RebuildTransferFunctionScriptingTraits (0ms)
		AnalyzeDomain (15ms)
			TypeCache.Refresh (10ms)
				TypeCache.ScanAssembly (0ms)
			ScanForSourceGeneratedMonoScriptInfo (0ms)
			ResolveRequiredComponents (4ms)
	FinalizeReload (923ms)
		ReleaseScriptCaches (0ms)
		RebuildScriptCaches (0ms)
		SetupLoadedEditorAssemblies (395ms)
			LogAssemblyErrors (0ms)
			InitializePlatformSupportModulesInManaged (5ms)
			SetLoadedEditorAssemblies (4ms)
			RefreshPlugins (0ms)
			BeforeProcessingInitializeOnLoad (37ms)
			ProcessInitializeOnLoadAttributes (335ms)
			ProcessInitializeOnLoadMethodAttributes (14ms)
			AfterProcessingInitializeOnLoad (1ms)
			EditorAssembliesLoaded (0ms)
		ExecutionOrderSort2 (0ms)
		AwakeInstancesAfterBackupRestoration (3ms)
Refreshing native plugins compatible for Editor in 0.59 ms, found 2 plugins.
Preloading 0 native plugins for Editor in 0.00 ms.
Unloading 3272 Unused Serialized files (Serialized files now loaded: 0)
Unloading 13 unused Assets / (27.7 KB). Loaded Objects now: 4027.
Memory consumption went from 0.89 GB to 0.88 GB.
Total: 2.905709 ms (FindLiveObjects: 0.181708 ms CreateObjectMapping: 0.042875 ms MarkObjects: 2.633292 ms  DeleteObjects: 0.045834 ms)

Prepare: number of updated asset objects reloaded= 0
AssetImportParameters requested are different than current active one (requested -> active):
  custom:scripting/monoscript/fileName/NavMeshSurface.cs: 34aebd278d8d3d5db6b23265b9c700f9 -> 
  custom:scripting/monoscript/fileName/ObjectAgent.cs: e91ff64fdc0e2c351aa5461de0a543bc -> 
  custom:scripting/precompiled-assembly-types:Unity.AI.Navigation: 5d8fa505e3253b9a2a456e2c28a1afb3 -> 
  custom:container-demuxer-ogg: 62fdf1f143b41e24485cea50d1cbac27 -> 
  custom:scripting/monoscript/fileName/NavMeshModifierVolumeEditor.cs: 262a50135a116189426aa01c964a744c -> 
  custom:scripting/monoscript/fileName/NavigationOverlay.cs: 2744f4e7946ebbb71339c9b1ce538d00 -> 
  custom:scripting/monoscript/fileName/ConverterItemDescriptor.cs: 8182050d34c5cb602eb7913435a7abee -> 
  custom:scripting/monoscript/fileName/BuiltInToNavMeshSurfaceConverterContainer.cs: c40a906f9f99ea8a6c5aaa215767017f -> 
  custom:video-decoder-ogg-theora: a1e56fd34408186e4bbccfd4996cb3dc -> 
  custom:scripting/monoscript/fileName/NavigationWindow.cs: 7884404b71178f59d8819c380b951d7c -> 
  custom:scripting/monoscript/fileName/NavMeshComponentsGUIUtility.cs: 08c52049b94db52661003d42fda4ecff -> 
  custom:scripting/monoscript/fileName/ConverterItemInfo.cs: 9fb131dfa28a9ed6b6d00fd9cf83ece4 -> 
  custom:CustomObjectIndexerAttribute: 9a22284fe3817be447336de3de66b15e -> 
  custom:scripting/monoscript/fileName/NavMeshAssetManager.cs: 79eb4858c2054289cd611249ab36b0a5 -> 
  custom:scripting/monoscript/fileName/NavMeshSurfaceEditor.cs: adb1294e971eab992abc2e3e7e051565 -> 
  custom:container-demuxer-webm: 4f35f7cbe854078d1ac9338744f61a02 -> 
  custom:scripting/monoscript/fileName/NavMeshModifierVolume.cs: 8dc531216c72b86c60b86e16ff3da10b -> 
  custom:scripting/monoscript/fileName/NavMeshUpdaterUtility.cs: 5eb03802e6dba19b3e13aaf384805cac -> 
  custom:scripting/monoscript/fileName/NavigationPreferences.cs: ada9399a4f085d4c824cc06527e7fcae -> 
  custom:scripting/monoscript/fileName/NavMeshUpdaterEditor.cs: 169704080eda430978bba61ddedeb304 -> 
  custom:scripting/precompiled-assembly-types:Unity.AI.Navigation.Editor.ConversionSystem: 27c718e5de2659aeeb663e092dc21158 -> 
  custom:scripting/monoscript/fileName/NavMeshModifierEditor.cs: b8675d28116f43f78881455a7301fe8c -> 
  custom:container-muxer-webm: aa71ff27fc2769a1b78a27578f13a17b -> 
  custom:video-decoder-webm-vp8: 9c59270c3fd7afecdb556c50c9e8de78 -> 
  custom:scripting/precompiled-assembly-types:Unity.AI.Navigation.Editor: 7eaf38f66973fde07200cf372b24130e -> 
  custom:scripting/monoscript/fileName/HelpUrls.cs: c1a90585e3e9c9d25f58f9141655f24f -> 
  custom:scripting/monoscript/fileName/EditorStyles.cs: 86b9f4d8fe570a8d8295bfc466c975cf -> 
  custom:SearchIndexIgnoredProperties: e643bd26f0fe6173181afceb89e7c659 -> 
  custom:scripting/precompiled-assembly-types:Unity.AI.Navigation.Updater: d2095ddf03fd615830d6dacf5841450d -> 
  custom:scripting/monoscript/fileName/NavMeshLinkEditor.cs: aed8ae070d922149bb2ba3de06889ff6 -> 
  custom:AudioImporter_EditorPlatform: 3918e3fc78b5a79bad01e8451be0beb8 -> 
  custom:scripting/monoscript/fileName/NavMeshModifier.cs: 99ae5ed91bb784edc4f8312d7de046da -> 
  custom:scripting/monoscript/fileName/NavMeshSceneConverter.cs: baf486a1c1cdf03a3111dd113d13c2f4 -> 
  custom:scripting/monoscript/fileName/SystemConverterContainer.cs: eb4026ea01a117ce0888f693e9eed2cd -> 
  custom:scripting/monoscript/fileName/NavMeshLink.cs: 0b3d0eeb07ab57d259e8f9365538df09 -> 
  custom:framework-osx-AVFoundation: e770b220cccbd017edd2c1fefb359320 -> 
  custom:scripting/monoscript/fileName/ObsoleteNavigationWindowMenuEntry.cs: c7f73386e6473f401a8e4151cac4e1e5 -> 
  custom:scripting/monoscript/fileName/InitializeConverterContext.cs: a97e19589a5774cdc2a34a28caea355f -> 
  custom:scripting/monoscript/fileName/SystemConverter.cs: c748d1769fc66e95256254a1cc1497f3 -> 
  custom:video-encoder-webm-vp8: eb34c28f22e8b96e1ab97ce403110664 -> 
  custom:audio-decoder-ogg-vorbis: bf7c407c2cedff20999df2af8eb42d56 -> 
  custom:scripting/monoscript/fileName/Models.cs: 72a9bccda329dd678eddccf95c3a65ef -> 
  custom:scripting/monoscript/fileName/RunItemContext.cs: 338b2243183036c2b60f94c1b5e817c5 -> 
  custom:scripting/monoscript/fileName/CoordinatePoller.cs: c9ac2ca40c1a1dc312a717df933e1b50 -> 
  custom:audio-encoder-webm-vorbis: bf7c407c2cedff20999df2af8eb42d56 -> 
  custom:scripting/precompiled-assembly-types:Assembly-CSharp: 24bca05b3a3f7adb1fdda3c142d15ea4 -> 
  custom:scripting/monoscript/fileName/SystemConvertersEditor.cs: c127c1335f24b77ca70195bf2136c6a2 -> 
========================================================================
Received Prepare
Caller must complete domain reload
Begin MonoManager ReloadAssembly
Thread 0x16b14b000 may have been prematurely finalized
- Loaded All Assemblies, in  0.291 seconds
Native extension for OSXStandalone target not found
Mono: successfully reloaded assembly
- Finished resetting the current domain, in  1.048 seconds
Domain Reload Profiling: 1339ms
	BeginReloadAssembly (109ms)
		ExecutionOrderSort (0ms)
		DisableScriptedObjects (4ms)
		BackupInstance (0ms)
		ReleaseScriptingObjects (0ms)
		CreateAndSetChildDomain (43ms)
	RebuildCommonClasses (24ms)
	RebuildNativeTypeToScriptingClass (8ms)
	initialDomainReloadingComplete (16ms)
	LoadAllAssembliesAndSetupDomain (134ms)
		LoadAssemblies (158ms)
		RebuildTransferFunctionScriptingTraits (0ms)
		AnalyzeDomain (14ms)
			TypeCache.Refresh (7ms)
				TypeCache.ScanAssembly (0ms)
			ScanForSourceGeneratedMonoScriptInfo (0ms)
			ResolveRequiredComponents (5ms)
	FinalizeReload (1048ms)
		ReleaseScriptCaches (0ms)
		RebuildScriptCaches (0ms)
		SetupLoadedEditorAssemblies (535ms)
			LogAssemblyErrors (0ms)
			InitializePlatformSupportModulesInManaged (5ms)
			SetLoadedEditorAssemblies (4ms)
			RefreshPlugins (0ms)
			BeforeProcessingInitializeOnLoad (36ms)
			ProcessInitializeOnLoadAttributes (474ms)
			ProcessInitializeOnLoadMethodAttributes (15ms)
			AfterProcessingInitializeOnLoad (1ms)
			EditorAssembliesLoaded (0ms)
		ExecutionOrderSort2 (0ms)
		AwakeInstancesAfterBackupRestoration (3ms)
Refreshing native plugins compatible for Editor in 0.97 ms, found 2 plugins.
Preloading 0 native plugins for Editor in 0.00 ms.
Unloading 3272 Unused Serialized files (Serialized files now loaded: 0)
Unloading 13 unused Assets / (27.7 KB). Loaded Objects now: 4030.
Memory consumption went from 0.89 GB to 0.89 GB.
Total: 3.155500 ms (FindLiveObjects: 0.158875 ms CreateObjectMapping: 0.043750 ms MarkObjects: 2.908375 ms  DeleteObjects: 0.043875 ms)

Prepare: number of updated asset objects reloaded= 0
AssetImportParameters requested are different than current active one (requested -> active):
  custom:scripting/monoscript/fileName/NavMeshSurface.cs: 34aebd278d8d3d5db6b23265b9c700f9 -> 
  custom:scripting/monoscript/fileName/ObjectAgent.cs: e91ff64fdc0e2c351aa5461de0a543bc -> 
  custom:scripting/precompiled-assembly-types:Unity.AI.Navigation: 5d8fa505e3253b9a2a456e2c28a1afb3 -> 
  custom:container-demuxer-ogg: 62fdf1f143b41e24485cea50d1cbac27 -> 
  custom:scripting/monoscript/fileName/NavMeshModifierVolumeEditor.cs: 262a50135a116189426aa01c964a744c -> 
  custom:scripting/monoscript/fileName/NavigationOverlay.cs: 2744f4e7946ebbb71339c9b1ce538d00 -> 
  custom:scripting/monoscript/fileName/ConverterItemDescriptor.cs: 8182050d34c5cb602eb7913435a7abee -> 
  custom:scripting/monoscript/fileName/BuiltInToNavMeshSurfaceConverterContainer.cs: c40a906f9f99ea8a6c5aaa215767017f -> 
  custom:video-decoder-ogg-theora: a1e56fd34408186e4bbccfd4996cb3dc -> 
  custom:scripting/monoscript/fileName/NavigationWindow.cs: 7884404b71178f59d8819c380b951d7c -> 
  custom:scripting/monoscript/fileName/NavMeshComponentsGUIUtility.cs: 08c52049b94db52661003d42fda4ecff -> 
  custom:scripting/monoscript/fileName/ConverterItemInfo.cs: 9fb131dfa28a9ed6b6d00fd9cf83ece4 -> 
  custom:CustomObjectIndexerAttribute: 9a22284fe3817be447336de3de66b15e -> 
  custom:scripting/monoscript/fileName/NavMeshAssetManager.cs: 79eb4858c2054289cd611249ab36b0a5 -> 
  custom:scripting/monoscript/fileName/NavMeshSurfaceEditor.cs: adb1294e971eab992abc2e3e7e051565 -> 
  custom:container-demuxer-webm: 4f35f7cbe854078d1ac9338744f61a02 -> 
  custom:scripting/monoscript/fileName/NavMeshModifierVolume.cs: 8dc531216c72b86c60b86e16ff3da10b -> 
  custom:scripting/monoscript/fileName/NavMeshUpdaterUtility.cs: 5eb03802e6dba19b3e13aaf384805cac -> 
  custom:scripting/monoscript/fileName/NavigationPreferences.cs: ada9399a4f085d4c824cc06527e7fcae -> 
  custom:scripting/monoscript/fileName/NavMeshUpdaterEditor.cs: 169704080eda430978bba61ddedeb304 -> 
  custom:scripting/precompiled-assembly-types:Unity.AI.Navigation.Editor.ConversionSystem: 27c718e5de2659aeeb663e092dc21158 -> 
  custom:scripting/monoscript/fileName/NavMeshModifierEditor.cs: b8675d28116f43f78881455a7301fe8c -> 
  custom:container-muxer-webm: aa71ff27fc2769a1b78a27578f13a17b -> 
  custom:video-decoder-webm-vp8: 9c59270c3fd7afecdb556c50c9e8de78 -> 
  custom:scripting/precompiled-assembly-types:Unity.AI.Navigation.Editor: 7eaf38f66973fde07200cf372b24130e -> 
  custom:scripting/monoscript/fileName/HelpUrls.cs: c1a90585e3e9c9d25f58f9141655f24f -> 
  custom:scripting/monoscript/fileName/EditorStyles.cs: 86b9f4d8fe570a8d8295bfc466c975cf -> 
  custom:SearchIndexIgnoredProperties: e643bd26f0fe6173181afceb89e7c659 -> 
  custom:scripting/precompiled-assembly-types:Unity.AI.Navigation.Updater: d2095ddf03fd615830d6dacf5841450d -> 
  custom:scripting/monoscript/fileName/NavMeshLinkEditor.cs: aed8ae070d922149bb2ba3de06889ff6 -> 
  custom:AudioImporter_EditorPlatform: 3918e3fc78b5a79bad01e8451be0beb8 -> 
  custom:scripting/monoscript/fileName/NavMeshModifier.cs: 99ae5ed91bb784edc4f8312d7de046da -> 
  custom:scripting/monoscript/fileName/NavMeshSceneConverter.cs: baf486a1c1cdf03a3111dd113d13c2f4 -> 
  custom:scripting/monoscript/fileName/SystemConverterContainer.cs: eb4026ea01a117ce0888f693e9eed2cd -> 
  custom:scripting/monoscript/fileName/NavMeshLink.cs: 0b3d0eeb07ab57d259e8f9365538df09 -> 
  custom:framework-osx-AVFoundation: e770b220cccbd017edd2c1fefb359320 -> 
  custom:scripting/monoscript/fileName/ObsoleteNavigationWindowMenuEntry.cs: c7f73386e6473f401a8e4151cac4e1e5 -> 
  custom:scripting/monoscript/fileName/InitializeConverterContext.cs: a97e19589a5774cdc2a34a28caea355f -> 
  custom:scripting/monoscript/fileName/SystemConverter.cs: c748d1769fc66e95256254a1cc1497f3 -> 
  custom:video-encoder-webm-vp8: eb34c28f22e8b96e1ab97ce403110664 -> 
  custom:audio-decoder-ogg-vorbis: bf7c407c2cedff20999df2af8eb42d56 -> 
  custom:scripting/monoscript/fileName/Models.cs: 72a9bccda329dd678eddccf95c3a65ef -> 
  custom:scripting/monoscript/fileName/RunItemContext.cs: 338b2243183036c2b60f94c1b5e817c5 -> 
  custom:scripting/monoscript/fileName/CoordinatePoller.cs: c9ac2ca40c1a1dc312a717df933e1b50 -> 
  custom:audio-encoder-webm-vorbis: bf7c407c2cedff20999df2af8eb42d56 -> 
  custom:scripting/precompiled-assembly-types:Assembly-CSharp: 24bca05b3a3f7adb1fdda3c142d15ea4 -> 
  custom:scripting/monoscript/fileName/SystemConvertersEditor.cs: c127c1335f24b77ca70195bf2136c6a2 -> 
========================================================================
Received Prepare
Caller must complete domain reload
Begin MonoManager ReloadAssembly
Thread 0x16b14b000 may have been prematurely finalized
- Loaded All Assemblies, in  0.412 seconds
Native extension for OSXStandalone target not found
Mono: successfully reloaded assembly
- Finished resetting the current domain, in  1.026 seconds
Domain Reload Profiling: 1440ms
	BeginReloadAssembly (129ms)
		ExecutionOrderSort (0ms)
		DisableScriptedObjects (4ms)
		BackupInstance (0ms)
		ReleaseScriptingObjects (0ms)
		CreateAndSetChildDomain (52ms)
	RebuildCommonClasses (24ms)
	RebuildNativeTypeToScriptingClass (8ms)
	initialDomainReloadingComplete (19ms)
	LoadAllAssembliesAndSetupDomain (234ms)
		LoadAssemblies (201ms)
		RebuildTransferFunctionScriptingTraits (0ms)
		AnalyzeDomain (70ms)
			TypeCache.Refresh (48ms)
				TypeCache.ScanAssembly (0ms)
			ScanForSourceGeneratedMonoScriptInfo (0ms)
			ResolveRequiredComponents (19ms)
	FinalizeReload (1027ms)
		ReleaseScriptCaches (0ms)
		RebuildScriptCaches (0ms)
		SetupLoadedEditorAssemblies (430ms)
			LogAssemblyErrors (0ms)
			InitializePlatformSupportModulesInManaged (7ms)
			SetLoadedEditorAssemblies (5ms)
			RefreshPlugins (0ms)
			BeforeProcessingInitializeOnLoad (45ms)
			ProcessInitializeOnLoadAttributes (359ms)
			ProcessInitializeOnLoadMethodAttributes (12ms)
			AfterProcessingInitializeOnLoad (1ms)
			EditorAssembliesLoaded (0ms)
		ExecutionOrderSort2 (0ms)
		AwakeInstancesAfterBackupRestoration (3ms)
Refreshing native plugins compatible for Editor in 0.60 ms, found 2 plugins.
Preloading 0 native plugins for Editor in 0.00 ms.
Unloading 3272 Unused Serialized files (Serialized files now loaded: 0)
Unloading 13 unused Assets / (27.7 KB). Loaded Objects now: 4033.
Memory consumption went from 0.90 GB to 0.90 GB.
Total: 3.000000 ms (FindLiveObjects: 0.151209 ms CreateObjectMapping: 0.049708 ms MarkObjects: 2.755875 ms  DeleteObjects: 0.042334 ms)

Prepare: number of updated asset objects reloaded= 0
AssetImportParameters requested are different than current active one (requested -> active):
  custom:scripting/monoscript/fileName/NavMeshSurface.cs: 34aebd278d8d3d5db6b23265b9c700f9 -> 
  custom:scripting/monoscript/fileName/ObjectAgent.cs: e91ff64fdc0e2c351aa5461de0a543bc -> 
  custom:scripting/precompiled-assembly-types:Unity.AI.Navigation: 5d8fa505e3253b9a2a456e2c28a1afb3 -> 
  custom:container-demuxer-ogg: 62fdf1f143b41e24485cea50d1cbac27 -> 
  custom:scripting/monoscript/fileName/NavMeshModifierVolumeEditor.cs: 262a50135a116189426aa01c964a744c -> 
  custom:scripting/monoscript/fileName/NavigationOverlay.cs: 2744f4e7946ebbb71339c9b1ce538d00 -> 
  custom:scripting/monoscript/fileName/ConverterItemDescriptor.cs: 8182050d34c5cb602eb7913435a7abee -> 
  custom:scripting/monoscript/fileName/BuiltInToNavMeshSurfaceConverterContainer.cs: c40a906f9f99ea8a6c5aaa215767017f -> 
  custom:video-decoder-ogg-theora: a1e56fd34408186e4bbccfd4996cb3dc -> 
  custom:scripting/monoscript/fileName/NavigationWindow.cs: 7884404b71178f59d8819c380b951d7c -> 
  custom:scripting/monoscript/fileName/NavMeshComponentsGUIUtility.cs: 08c52049b94db52661003d42fda4ecff -> 
  custom:scripting/monoscript/fileName/ConverterItemInfo.cs: 9fb131dfa28a9ed6b6d00fd9cf83ece4 -> 
  custom:CustomObjectIndexerAttribute: 9a22284fe3817be447336de3de66b15e -> 
  custom:scripting/monoscript/fileName/NavMeshAssetManager.cs: 79eb4858c2054289cd611249ab36b0a5 -> 
  custom:scripting/monoscript/fileName/NavMeshSurfaceEditor.cs: adb1294e971eab992abc2e3e7e051565 -> 
  custom:container-demuxer-webm: 4f35f7cbe854078d1ac9338744f61a02 -> 
  custom:scripting/monoscript/fileName/NavMeshModifierVolume.cs: 8dc531216c72b86c60b86e16ff3da10b -> 
  custom:scripting/monoscript/fileName/NavMeshUpdaterUtility.cs: 5eb03802e6dba19b3e13aaf384805cac -> 
  custom:scripting/monoscript/fileName/NavigationPreferences.cs: ada9399a4f085d4c824cc06527e7fcae -> 
  custom:scripting/monoscript/fileName/NavMeshUpdaterEditor.cs: 169704080eda430978bba61ddedeb304 -> 
  custom:scripting/precompiled-assembly-types:Unity.AI.Navigation.Editor.ConversionSystem: 27c718e5de2659aeeb663e092dc21158 -> 
  custom:scripting/monoscript/fileName/NavMeshModifierEditor.cs: b8675d28116f43f78881455a7301fe8c -> 
  custom:container-muxer-webm: aa71ff27fc2769a1b78a27578f13a17b -> 
  custom:video-decoder-webm-vp8: 9c59270c3fd7afecdb556c50c9e8de78 -> 
  custom:scripting/precompiled-assembly-types:Unity.AI.Navigation.Editor: 7eaf38f66973fde07200cf372b24130e -> 
  custom:scripting/monoscript/fileName/HelpUrls.cs: c1a90585e3e9c9d25f58f9141655f24f -> 
  custom:scripting/monoscript/fileName/EditorStyles.cs: 86b9f4d8fe570a8d8295bfc466c975cf -> 
  custom:SearchIndexIgnoredProperties: e643bd26f0fe6173181afceb89e7c659 -> 
  custom:scripting/precompiled-assembly-types:Unity.AI.Navigation.Updater: d2095ddf03fd615830d6dacf5841450d -> 
  custom:scripting/monoscript/fileName/NavMeshLinkEditor.cs: aed8ae070d922149bb2ba3de06889ff6 -> 
  custom:AudioImporter_EditorPlatform: 3918e3fc78b5a79bad01e8451be0beb8 -> 
  custom:scripting/monoscript/fileName/NavMeshModifier.cs: 99ae5ed91bb784edc4f8312d7de046da -> 
  custom:scripting/monoscript/fileName/NavMeshSceneConverter.cs: baf486a1c1cdf03a3111dd113d13c2f4 -> 
  custom:scripting/monoscript/fileName/SystemConverterContainer.cs: eb4026ea01a117ce0888f693e9eed2cd -> 
  custom:scripting/monoscript/fileName/NavMeshLink.cs: 0b3d0eeb07ab57d259e8f9365538df09 -> 
  custom:framework-osx-AVFoundation: e770b220cccbd017edd2c1fefb359320 -> 
  custom:scripting/monoscript/fileName/ObsoleteNavigationWindowMenuEntry.cs: c7f73386e6473f401a8e4151cac4e1e5 -> 
  custom:scripting/monoscript/fileName/InitializeConverterContext.cs: a97e19589a5774cdc2a34a28caea355f -> 
  custom:scripting/monoscript/fileName/SystemConverter.cs: c748d1769fc66e95256254a1cc1497f3 -> 
  custom:video-encoder-webm-vp8: eb34c28f22e8b96e1ab97ce403110664 -> 
  custom:audio-decoder-ogg-vorbis: bf7c407c2cedff20999df2af8eb42d56 -> 
  custom:scripting/monoscript/fileName/Models.cs: 72a9bccda329dd678eddccf95c3a65ef -> 
  custom:scripting/monoscript/fileName/RunItemContext.cs: 338b2243183036c2b60f94c1b5e817c5 -> 
  custom:scripting/monoscript/fileName/CoordinatePoller.cs: c9ac2ca40c1a1dc312a717df933e1b50 -> 
  custom:audio-encoder-webm-vorbis: bf7c407c2cedff20999df2af8eb42d56 -> 
  custom:scripting/precompiled-assembly-types:Assembly-CSharp: 24bca05b3a3f7adb1fdda3c142d15ea4 -> 
  custom:scripting/monoscript/fileName/SystemConvertersEditor.cs: c127c1335f24b77ca70195bf2136c6a2 -> 
========================================================================
Received Prepare
Caller must complete domain reload
Begin MonoManager ReloadAssembly
Thread 0x16b14b000 may have been prematurely finalized
- Loaded All Assemblies, in  0.295 seconds
Native extension for OSXStandalone target not found
Mono: successfully reloaded assembly
- Finished resetting the current domain, in  0.975 seconds
Domain Reload Profiling: 1271ms
	BeginReloadAssembly (109ms)
		ExecutionOrderSort (0ms)
		DisableScriptedObjects (4ms)
		BackupInstance (0ms)
		ReleaseScriptingObjects (0ms)
		CreateAndSetChildDomain (42ms)
	RebuildCommonClasses (24ms)
	RebuildNativeTypeToScriptingClass (9ms)
	initialDomainReloadingComplete (15ms)
	LoadAllAssembliesAndSetupDomain (139ms)
		LoadAssemblies (160ms)
		RebuildTransferFunctionScriptingTraits (0ms)
		AnalyzeDomain (16ms)
			TypeCache.Refresh (8ms)
				TypeCache.ScanAssembly (0ms)
			ScanForSourceGeneratedMonoScriptInfo (0ms)
			ResolveRequiredComponents (6ms)
	FinalizeReload (976ms)
		ReleaseScriptCaches (0ms)
		RebuildScriptCaches (0ms)
		SetupLoadedEditorAssemblies (412ms)
			LogAssemblyErrors (0ms)
			InitializePlatformSupportModulesInManaged (4ms)
			SetLoadedEditorAssemblies (4ms)
			RefreshPlugins (0ms)
			BeforeProcessingInitializeOnLoad (39ms)
			ProcessInitializeOnLoadAttributes (352ms)
			ProcessInitializeOnLoadMethodAttributes (12ms)
			AfterProcessingInitializeOnLoad (1ms)
			EditorAssembliesLoaded (0ms)
		ExecutionOrderSort2 (0ms)
		AwakeInstancesAfterBackupRestoration (3ms)
Refreshing native plugins compatible for Editor in 0.65 ms, found 2 plugins.
Preloading 0 native plugins for Editor in 0.00 ms.
Unloading 3272 Unused Serialized files (Serialized files now loaded: 0)
Unloading 13 unused Assets / (27.7 KB). Loaded Objects now: 4036.
Memory consumption went from 0.91 GB to 0.91 GB.
Total: 2.995083 ms (FindLiveObjects: 0.191375 ms CreateObjectMapping: 0.053166 ms MarkObjects: 2.673834 ms  DeleteObjects: 0.076083 ms)

Prepare: number of updated asset objects reloaded= 0
AssetImportParameters requested are different than current active one (requested -> active):
  custom:scripting/monoscript/fileName/NavMeshSurface.cs: 34aebd278d8d3d5db6b23265b9c700f9 -> 
  custom:scripting/monoscript/fileName/ObjectAgent.cs: e91ff64fdc0e2c351aa5461de0a543bc -> 
  custom:scripting/precompiled-assembly-types:Unity.AI.Navigation: 5d8fa505e3253b9a2a456e2c28a1afb3 -> 
  custom:container-demuxer-ogg: 62fdf1f143b41e24485cea50d1cbac27 -> 
  custom:scripting/monoscript/fileName/NavMeshModifierVolumeEditor.cs: 262a50135a116189426aa01c964a744c -> 
  custom:scripting/monoscript/fileName/NavigationOverlay.cs: 2744f4e7946ebbb71339c9b1ce538d00 -> 
  custom:scripting/monoscript/fileName/ConverterItemDescriptor.cs: 8182050d34c5cb602eb7913435a7abee -> 
  custom:scripting/monoscript/fileName/BuiltInToNavMeshSurfaceConverterContainer.cs: c40a906f9f99ea8a6c5aaa215767017f -> 
  custom:video-decoder-ogg-theora: a1e56fd34408186e4bbccfd4996cb3dc -> 
  custom:scripting/monoscript/fileName/NavigationWindow.cs: 7884404b71178f59d8819c380b951d7c -> 
  custom:scripting/monoscript/fileName/NavMeshComponentsGUIUtility.cs: 08c52049b94db52661003d42fda4ecff -> 
  custom:scripting/monoscript/fileName/ConverterItemInfo.cs: 9fb131dfa28a9ed6b6d00fd9cf83ece4 -> 
  custom:CustomObjectIndexerAttribute: 9a22284fe3817be447336de3de66b15e -> 
  custom:scripting/monoscript/fileName/NavMeshAssetManager.cs: 79eb4858c2054289cd611249ab36b0a5 -> 
  custom:scripting/monoscript/fileName/NavMeshSurfaceEditor.cs: adb1294e971eab992abc2e3e7e051565 -> 
  custom:container-demuxer-webm: 4f35f7cbe854078d1ac9338744f61a02 -> 
  custom:scripting/monoscript/fileName/NavMeshModifierVolume.cs: 8dc531216c72b86c60b86e16ff3da10b -> 
  custom:scripting/monoscript/fileName/NavMeshUpdaterUtility.cs: 5eb03802e6dba19b3e13aaf384805cac -> 
  custom:scripting/monoscript/fileName/NavigationPreferences.cs: ada9399a4f085d4c824cc06527e7fcae -> 
  custom:scripting/monoscript/fileName/NavMeshUpdaterEditor.cs: 169704080eda430978bba61ddedeb304 -> 
  custom:scripting/precompiled-assembly-types:Unity.AI.Navigation.Editor.ConversionSystem: 27c718e5de2659aeeb663e092dc21158 -> 
  custom:scripting/monoscript/fileName/NavMeshModifierEditor.cs: b8675d28116f43f78881455a7301fe8c -> 
  custom:container-muxer-webm: aa71ff27fc2769a1b78a27578f13a17b -> 
  custom:video-decoder-webm-vp8: 9c59270c3fd7afecdb556c50c9e8de78 -> 
  custom:scripting/precompiled-assembly-types:Unity.AI.Navigation.Editor: 7eaf38f66973fde07200cf372b24130e -> 
  custom:scripting/monoscript/fileName/HelpUrls.cs: c1a90585e3e9c9d25f58f9141655f24f -> 
  custom:scripting/monoscript/fileName/EditorStyles.cs: 86b9f4d8fe570a8d8295bfc466c975cf -> 
  custom:SearchIndexIgnoredProperties: e643bd26f0fe6173181afceb89e7c659 -> 
  custom:scripting/precompiled-assembly-types:Unity.AI.Navigation.Updater: d2095ddf03fd615830d6dacf5841450d -> 
  custom:scripting/monoscript/fileName/NavMeshLinkEditor.cs: aed8ae070d922149bb2ba3de06889ff6 -> 
  custom:AudioImporter_EditorPlatform: 3918e3fc78b5a79bad01e8451be0beb8 -> 
  custom:scripting/monoscript/fileName/NavMeshModifier.cs: 99ae5ed91bb784edc4f8312d7de046da -> 
  custom:scripting/monoscript/fileName/NavMeshSceneConverter.cs: baf486a1c1cdf03a3111dd113d13c2f4 -> 
  custom:scripting/monoscript/fileName/SystemConverterContainer.cs: eb4026ea01a117ce0888f693e9eed2cd -> 
  custom:scripting/monoscript/fileName/NavMeshLink.cs: 0b3d0eeb07ab57d259e8f9365538df09 -> 
  custom:framework-osx-AVFoundation: e770b220cccbd017edd2c1fefb359320 -> 
  custom:scripting/monoscript/fileName/ObsoleteNavigationWindowMenuEntry.cs: c7f73386e6473f401a8e4151cac4e1e5 -> 
  custom:scripting/monoscript/fileName/InitializeConverterContext.cs: a97e19589a5774cdc2a34a28caea355f -> 
  custom:scripting/monoscript/fileName/SystemConverter.cs: c748d1769fc66e95256254a1cc1497f3 -> 
  custom:video-encoder-webm-vp8: eb34c28f22e8b96e1ab97ce403110664 -> 
  custom:audio-decoder-ogg-vorbis: bf7c407c2cedff20999df2af8eb42d56 -> 
  custom:scripting/monoscript/fileName/Models.cs: 72a9bccda329dd678eddccf95c3a65ef -> 
  custom:scripting/monoscript/fileName/RunItemContext.cs: 338b2243183036c2b60f94c1b5e817c5 -> 
  custom:scripting/monoscript/fileName/CoordinatePoller.cs: c9ac2ca40c1a1dc312a717df933e1b50 -> 
  custom:audio-encoder-webm-vorbis: bf7c407c2cedff20999df2af8eb42d56 -> 
  custom:scripting/precompiled-assembly-types:Assembly-CSharp: 24bca05b3a3f7adb1fdda3c142d15ea4 -> 
  custom:scripting/monoscript/fileName/SystemConvertersEditor.cs: c127c1335f24b77ca70195bf2136c6a2 -> 
========================================================================
Received Prepare
Caller must complete domain reload
Begin MonoManager ReloadAssembly
Thread 0x16b14b000 may have been prematurely finalized
- Loaded All Assemblies, in  0.292 seconds
Native extension for OSXStandalone target not found
Mono: successfully reloaded assembly
- Finished resetting the current domain, in  0.961 seconds
Domain Reload Profiling: 1253ms
	BeginReloadAssembly (109ms)
		ExecutionOrderSort (0ms)
		DisableScriptedObjects (4ms)
		BackupInstance (0ms)
		ReleaseScriptingObjects (0ms)
		CreateAndSetChildDomain (42ms)
	RebuildCommonClasses (24ms)
	RebuildNativeTypeToScriptingClass (9ms)
	initialDomainReloadingComplete (15ms)
	LoadAllAssembliesAndSetupDomain (135ms)
		LoadAssemblies (161ms)
		RebuildTransferFunctionScriptingTraits (0ms)
		AnalyzeDomain (11ms)
			TypeCache.Refresh (7ms)
				TypeCache.ScanAssembly (0ms)
			ScanForSourceGeneratedMonoScriptInfo (0ms)
			ResolveRequiredComponents (4ms)
	FinalizeReload (961ms)
		ReleaseScriptCaches (0ms)
		RebuildScriptCaches (0ms)
		SetupLoadedEditorAssemblies (416ms)
			LogAssemblyErrors (0ms)
			InitializePlatformSupportModulesInManaged (4ms)
			SetLoadedEditorAssemblies (3ms)
			RefreshPlugins (0ms)
			BeforeProcessingInitializeOnLoad (37ms)
			ProcessInitializeOnLoadAttributes (359ms)
			ProcessInitializeOnLoadMethodAttributes (12ms)
			AfterProcessingInitializeOnLoad (1ms)
			EditorAssembliesLoaded (0ms)
		ExecutionOrderSort2 (0ms)
		AwakeInstancesAfterBackupRestoration (3ms)
Refreshing native plugins compatible for Editor in 0.60 ms, found 2 plugins.
Preloading 0 native plugins for Editor in 0.00 ms.
Unloading 3272 Unused Serialized files (Serialized files now loaded: 0)
Unloading 13 unused Assets / (27.8 KB). Loaded Objects now: 4039.
Memory consumption went from 0.92 GB to 0.92 GB.
Total: 3.804708 ms (FindLiveObjects: 0.168417 ms CreateObjectMapping: 0.049750 ms MarkObjects: 3.418291 ms  DeleteObjects: 0.167125 ms)

Prepare: number of updated asset objects reloaded= 0
AssetImportParameters requested are different than current active one (requested -> active):
  custom:scripting/monoscript/fileName/NavMeshSurface.cs: 34aebd278d8d3d5db6b23265b9c700f9 -> 
  custom:scripting/monoscript/fileName/ObjectAgent.cs: e91ff64fdc0e2c351aa5461de0a543bc -> 
  custom:scripting/precompiled-assembly-types:Unity.AI.Navigation: 5d8fa505e3253b9a2a456e2c28a1afb3 -> 
  custom:container-demuxer-ogg: 62fdf1f143b41e24485cea50d1cbac27 -> 
  custom:scripting/monoscript/fileName/NavMeshModifierVolumeEditor.cs: 262a50135a116189426aa01c964a744c -> 
  custom:scripting/monoscript/fileName/NavigationOverlay.cs: 2744f4e7946ebbb71339c9b1ce538d00 -> 
  custom:scripting/monoscript/fileName/ConverterItemDescriptor.cs: 8182050d34c5cb602eb7913435a7abee -> 
  custom:scripting/monoscript/fileName/BuiltInToNavMeshSurfaceConverterContainer.cs: c40a906f9f99ea8a6c5aaa215767017f -> 
  custom:video-decoder-ogg-theora: a1e56fd34408186e4bbccfd4996cb3dc -> 
  custom:scripting/monoscript/fileName/NavigationWindow.cs: 7884404b71178f59d8819c380b951d7c -> 
  custom:scripting/monoscript/fileName/NavMeshComponentsGUIUtility.cs: 08c52049b94db52661003d42fda4ecff -> 
  custom:scripting/monoscript/fileName/ConverterItemInfo.cs: 9fb131dfa28a9ed6b6d00fd9cf83ece4 -> 
  custom:CustomObjectIndexerAttribute: 9a22284fe3817be447336de3de66b15e -> 
  custom:scripting/monoscript/fileName/NavMeshAssetManager.cs: 79eb4858c2054289cd611249ab36b0a5 -> 
  custom:scripting/monoscript/fileName/NavMeshSurfaceEditor.cs: adb1294e971eab992abc2e3e7e051565 -> 
  custom:container-demuxer-webm: 4f35f7cbe854078d1ac9338744f61a02 -> 
  custom:scripting/monoscript/fileName/NavMeshModifierVolume.cs: 8dc531216c72b86c60b86e16ff3da10b -> 
  custom:scripting/monoscript/fileName/NavMeshUpdaterUtility.cs: 5eb03802e6dba19b3e13aaf384805cac -> 
  custom:scripting/monoscript/fileName/NavigationPreferences.cs: ada9399a4f085d4c824cc06527e7fcae -> 
  custom:scripting/monoscript/fileName/NavMeshUpdaterEditor.cs: 169704080eda430978bba61ddedeb304 -> 
  custom:scripting/precompiled-assembly-types:Unity.AI.Navigation.Editor.ConversionSystem: 27c718e5de2659aeeb663e092dc21158 -> 
  custom:scripting/monoscript/fileName/NavMeshModifierEditor.cs: b8675d28116f43f78881455a7301fe8c -> 
  custom:container-muxer-webm: aa71ff27fc2769a1b78a27578f13a17b -> 
  custom:video-decoder-webm-vp8: 9c59270c3fd7afecdb556c50c9e8de78 -> 
  custom:scripting/precompiled-assembly-types:Unity.AI.Navigation.Editor: 7eaf38f66973fde07200cf372b24130e -> 
  custom:scripting/monoscript/fileName/HelpUrls.cs: c1a90585e3e9c9d25f58f9141655f24f -> 
  custom:scripting/monoscript/fileName/EditorStyles.cs: 86b9f4d8fe570a8d8295bfc466c975cf -> 
  custom:SearchIndexIgnoredProperties: e643bd26f0fe6173181afceb89e7c659 -> 
  custom:scripting/precompiled-assembly-types:Unity.AI.Navigation.Updater: d2095ddf03fd615830d6dacf5841450d -> 
  custom:scripting/monoscript/fileName/NavMeshLinkEditor.cs: aed8ae070d922149bb2ba3de06889ff6 -> 
  custom:AudioImporter_EditorPlatform: 3918e3fc78b5a79bad01e8451be0beb8 -> 
  custom:scripting/monoscript/fileName/NavMeshModifier.cs: 99ae5ed91bb784edc4f8312d7de046da -> 
  custom:scripting/monoscript/fileName/NavMeshSceneConverter.cs: baf486a1c1cdf03a3111dd113d13c2f4 -> 
  custom:scripting/monoscript/fileName/SystemConverterContainer.cs: eb4026ea01a117ce0888f693e9eed2cd -> 
  custom:scripting/monoscript/fileName/NavMeshLink.cs: 0b3d0eeb07ab57d259e8f9365538df09 -> 
  custom:framework-osx-AVFoundation: e770b220cccbd017edd2c1fefb359320 -> 
  custom:scripting/monoscript/fileName/ObsoleteNavigationWindowMenuEntry.cs: c7f73386e6473f401a8e4151cac4e1e5 -> 
  custom:scripting/monoscript/fileName/InitializeConverterContext.cs: a97e19589a5774cdc2a34a28caea355f -> 
  custom:scripting/monoscript/fileName/SystemConverter.cs: c748d1769fc66e95256254a1cc1497f3 -> 
  custom:video-encoder-webm-vp8: eb34c28f22e8b96e1ab97ce403110664 -> 
  custom:audio-decoder-ogg-vorbis: bf7c407c2cedff20999df2af8eb42d56 -> 
  custom:scripting/monoscript/fileName/Models.cs: 72a9bccda329dd678eddccf95c3a65ef -> 
  custom:scripting/monoscript/fileName/RunItemContext.cs: 338b2243183036c2b60f94c1b5e817c5 -> 
  custom:scripting/monoscript/fileName/CoordinatePoller.cs: c9ac2ca40c1a1dc312a717df933e1b50 -> 
  custom:audio-encoder-webm-vorbis: bf7c407c2cedff20999df2af8eb42d56 -> 
  custom:scripting/precompiled-assembly-types:Assembly-CSharp: 24bca05b3a3f7adb1fdda3c142d15ea4 -> 
  custom:scripting/monoscript/fileName/SystemConvertersEditor.cs: c127c1335f24b77ca70195bf2136c6a2 -> 
========================================================================
Received Prepare
Caller must complete domain reload
Begin MonoManager ReloadAssembly
Thread 0x16b14b000 may have been prematurely finalized
- Loaded All Assemblies, in  0.366 seconds
Native extension for OSXStandalone target not found
Mono: successfully reloaded assembly
- Finished resetting the current domain, in  1.070 seconds
Domain Reload Profiling: 1437ms
	BeginReloadAssembly (129ms)
		ExecutionOrderSort (0ms)
		DisableScriptedObjects (4ms)
		BackupInstance (0ms)
		ReleaseScriptingObjects (0ms)
		CreateAndSetChildDomain (57ms)
	RebuildCommonClasses (24ms)
	RebuildNativeTypeToScriptingClass (9ms)
	initialDomainReloadingComplete (17ms)
	LoadAllAssembliesAndSetupDomain (189ms)
		LoadAssemblies (205ms)
		RebuildTransferFunctionScriptingTraits (0ms)
		AnalyzeDomain (24ms)
			TypeCache.Refresh (18ms)
				TypeCache.ScanAssembly (0ms)
			ScanForSourceGeneratedMonoScriptInfo (0ms)
			ResolveRequiredComponents (5ms)
	FinalizeReload (1071ms)
		ReleaseScriptCaches (0ms)
		RebuildScriptCaches (0ms)
		SetupLoadedEditorAssemblies (415ms)
			LogAssemblyErrors (0ms)
			InitializePlatformSupportModulesInManaged (5ms)
			SetLoadedEditorAssemblies (4ms)
			RefreshPlugins (0ms)
			BeforeProcessingInitializeOnLoad (38ms)
			ProcessInitializeOnLoadAttributes (355ms)
			ProcessInitializeOnLoadMethodAttributes (13ms)
			AfterProcessingInitializeOnLoad (1ms)
			EditorAssembliesLoaded (0ms)
		ExecutionOrderSort2 (0ms)
		AwakeInstancesAfterBackupRestoration (3ms)
Refreshing native plugins compatible for Editor in 0.63 ms, found 2 plugins.
Preloading 0 native plugins for Editor in 0.00 ms.
Unloading 3272 Unused Serialized files (Serialized files now loaded: 0)
Unloading 13 unused Assets / (27.7 KB). Loaded Objects now: 4042.
Memory consumption went from 0.93 GB to 0.93 GB.
Total: 3.368042 ms (FindLiveObjects: 0.231458 ms CreateObjectMapping: 0.048833 ms MarkObjects: 3.026875 ms  DeleteObjects: 0.060167 ms)

Prepare: number of updated asset objects reloaded= 0
AssetImportParameters requested are different than current active one (requested -> active):
  custom:scripting/monoscript/fileName/NavMeshSurface.cs: 34aebd278d8d3d5db6b23265b9c700f9 -> 
  custom:scripting/monoscript/fileName/ObjectAgent.cs: e91ff64fdc0e2c351aa5461de0a543bc -> 
  custom:scripting/precompiled-assembly-types:Unity.AI.Navigation: 5d8fa505e3253b9a2a456e2c28a1afb3 -> 
  custom:container-demuxer-ogg: 62fdf1f143b41e24485cea50d1cbac27 -> 
  custom:scripting/monoscript/fileName/NavMeshModifierVolumeEditor.cs: 262a50135a116189426aa01c964a744c -> 
  custom:scripting/monoscript/fileName/NavigationOverlay.cs: 2744f4e7946ebbb71339c9b1ce538d00 -> 
  custom:scripting/monoscript/fileName/ConverterItemDescriptor.cs: 8182050d34c5cb602eb7913435a7abee -> 
  custom:scripting/monoscript/fileName/BuiltInToNavMeshSurfaceConverterContainer.cs: c40a906f9f99ea8a6c5aaa215767017f -> 
  custom:video-decoder-ogg-theora: a1e56fd34408186e4bbccfd4996cb3dc -> 
  custom:scripting/monoscript/fileName/NavigationWindow.cs: 7884404b71178f59d8819c380b951d7c -> 
  custom:scripting/monoscript/fileName/NavMeshComponentsGUIUtility.cs: 08c52049b94db52661003d42fda4ecff -> 
  custom:scripting/monoscript/fileName/ConverterItemInfo.cs: 9fb131dfa28a9ed6b6d00fd9cf83ece4 -> 
  custom:CustomObjectIndexerAttribute: 9a22284fe3817be447336de3de66b15e -> 
  custom:scripting/monoscript/fileName/NavMeshAssetManager.cs: 79eb4858c2054289cd611249ab36b0a5 -> 
  custom:scripting/monoscript/fileName/NavMeshSurfaceEditor.cs: adb1294e971eab992abc2e3e7e051565 -> 
  custom:container-demuxer-webm: 4f35f7cbe854078d1ac9338744f61a02 -> 
  custom:scripting/monoscript/fileName/NavMeshModifierVolume.cs: 8dc531216c72b86c60b86e16ff3da10b -> 
  custom:scripting/monoscript/fileName/NavMeshUpdaterUtility.cs: 5eb03802e6dba19b3e13aaf384805cac -> 
  custom:scripting/monoscript/fileName/NavigationPreferences.cs: ada9399a4f085d4c824cc06527e7fcae -> 
  custom:scripting/monoscript/fileName/NavMeshUpdaterEditor.cs: 169704080eda430978bba61ddedeb304 -> 
  custom:scripting/precompiled-assembly-types:Unity.AI.Navigation.Editor.ConversionSystem: 27c718e5de2659aeeb663e092dc21158 -> 
  custom:scripting/monoscript/fileName/NavMeshModifierEditor.cs: b8675d28116f43f78881455a7301fe8c -> 
  custom:container-muxer-webm: aa71ff27fc2769a1b78a27578f13a17b -> 
  custom:video-decoder-webm-vp8: 9c59270c3fd7afecdb556c50c9e8de78 -> 
  custom:scripting/precompiled-assembly-types:Unity.AI.Navigation.Editor: 7eaf38f66973fde07200cf372b24130e -> 
  custom:scripting/monoscript/fileName/HelpUrls.cs: c1a90585e3e9c9d25f58f9141655f24f -> 
  custom:scripting/monoscript/fileName/EditorStyles.cs: 86b9f4d8fe570a8d8295bfc466c975cf -> 
  custom:SearchIndexIgnoredProperties: e643bd26f0fe6173181afceb89e7c659 -> 
  custom:scripting/precompiled-assembly-types:Unity.AI.Navigation.Updater: d2095ddf03fd615830d6dacf5841450d -> 
  custom:scripting/monoscript/fileName/NavMeshLinkEditor.cs: aed8ae070d922149bb2ba3de06889ff6 -> 
  custom:AudioImporter_EditorPlatform: 3918e3fc78b5a79bad01e8451be0beb8 -> 
  custom:scripting/monoscript/fileName/NavMeshModifier.cs: 99ae5ed91bb784edc4f8312d7de046da -> 
  custom:scripting/monoscript/fileName/NavMeshSceneConverter.cs: baf486a1c1cdf03a3111dd113d13c2f4 -> 
  custom:scripting/monoscript/fileName/SystemConverterContainer.cs: eb4026ea01a117ce0888f693e9eed2cd -> 
  custom:scripting/monoscript/fileName/NavMeshLink.cs: 0b3d0eeb07ab57d259e8f9365538df09 -> 
  custom:framework-osx-AVFoundation: e770b220cccbd017edd2c1fefb359320 -> 
  custom:scripting/monoscript/fileName/ObsoleteNavigationWindowMenuEntry.cs: c7f73386e6473f401a8e4151cac4e1e5 -> 
  custom:scripting/monoscript/fileName/InitializeConverterContext.cs: a97e19589a5774cdc2a34a28caea355f -> 
  custom:scripting/monoscript/fileName/SystemConverter.cs: c748d1769fc66e95256254a1cc1497f3 -> 
  custom:video-encoder-webm-vp8: eb34c28f22e8b96e1ab97ce403110664 -> 
  custom:audio-decoder-ogg-vorbis: bf7c407c2cedff20999df2af8eb42d56 -> 
  custom:scripting/monoscript/fileName/Models.cs: 72a9bccda329dd678eddccf95c3a65ef -> 
  custom:scripting/monoscript/fileName/RunItemContext.cs: 338b2243183036c2b60f94c1b5e817c5 -> 
  custom:scripting/monoscript/fileName/CoordinatePoller.cs: c9ac2ca40c1a1dc312a717df933e1b50 -> 
  custom:audio-encoder-webm-vorbis: bf7c407c2cedff20999df2af8eb42d56 -> 
  custom:scripting/precompiled-assembly-types:Assembly-CSharp: 24bca05b3a3f7adb1fdda3c142d15ea4 -> 
  custom:scripting/monoscript/fileName/SystemConvertersEditor.cs: c127c1335f24b77ca70195bf2136c6a2 -> 
========================================================================
Received Prepare
Caller must complete domain reload
Begin MonoManager ReloadAssembly
Thread 0x16b14b000 may have been prematurely finalized
- Loaded All Assemblies, in  0.324 seconds
Native extension for OSXStandalone target not found
Mono: successfully reloaded assembly
- Finished resetting the current domain, in  0.909 seconds
Domain Reload Profiling: 1233ms
	BeginReloadAssembly (111ms)
		ExecutionOrderSort (0ms)
		DisableScriptedObjects (5ms)
		BackupInstance (0ms)
		ReleaseScriptingObjects (0ms)
		CreateAndSetChildDomain (41ms)
	RebuildCommonClasses (25ms)
	RebuildNativeTypeToScriptingClass (8ms)
	initialDomainReloadingComplete (15ms)
	LoadAllAssembliesAndSetupDomain (164ms)
		LoadAssemblies (193ms)
		RebuildTransferFunctionScriptingTraits (0ms)
		AnalyzeDomain (11ms)
			TypeCache.Refresh (7ms)
				TypeCache.ScanAssembly (0ms)
			ScanForSourceGeneratedMonoScriptInfo (0ms)
			ResolveRequiredComponents (4ms)
	FinalizeReload (910ms)
		ReleaseScriptCaches (0ms)
		RebuildScriptCaches (0ms)
		SetupLoadedEditorAssemblies (399ms)
			LogAssemblyErrors (0ms)
			InitializePlatformSupportModulesInManaged (3ms)
			SetLoadedEditorAssemblies (3ms)
			RefreshPlugins (0ms)
			BeforeProcessingInitializeOnLoad (38ms)
			ProcessInitializeOnLoadAttributes (341ms)
			ProcessInitializeOnLoadMethodAttributes (13ms)
			AfterProcessingInitializeOnLoad (1ms)
			EditorAssembliesLoaded (0ms)
		ExecutionOrderSort2 (0ms)
		AwakeInstancesAfterBackupRestoration (3ms)
Refreshing native plugins compatible for Editor in 0.89 ms, found 2 plugins.
Preloading 0 native plugins for Editor in 0.00 ms.
Unloading 3272 Unused Serialized files (Serialized files now loaded: 0)
Unloading 13 unused Assets / (27.7 KB). Loaded Objects now: 4045.
Memory consumption went from 0.94 GB to 0.94 GB.
Total: 3.176333 ms (FindLiveObjects: 0.203750 ms CreateObjectMapping: 0.048250 ms MarkObjects: 2.881167 ms  DeleteObjects: 0.042209 ms)

Prepare: number of updated asset objects reloaded= 0
AssetImportParameters requested are different than current active one (requested -> active):
  custom:scripting/monoscript/fileName/NavMeshSurface.cs: 34aebd278d8d3d5db6b23265b9c700f9 -> 
  custom:scripting/monoscript/fileName/ObjectAgent.cs: e91ff64fdc0e2c351aa5461de0a543bc -> 
  custom:scripting/precompiled-assembly-types:Unity.AI.Navigation: 5d8fa505e3253b9a2a456e2c28a1afb3 -> 
  custom:container-demuxer-ogg: 62fdf1f143b41e24485cea50d1cbac27 -> 
  custom:scripting/monoscript/fileName/NavMeshModifierVolumeEditor.cs: 262a50135a116189426aa01c964a744c -> 
  custom:scripting/monoscript/fileName/NavigationOverlay.cs: 2744f4e7946ebbb71339c9b1ce538d00 -> 
  custom:scripting/monoscript/fileName/ConverterItemDescriptor.cs: 8182050d34c5cb602eb7913435a7abee -> 
  custom:scripting/monoscript/fileName/BuiltInToNavMeshSurfaceConverterContainer.cs: c40a906f9f99ea8a6c5aaa215767017f -> 
  custom:video-decoder-ogg-theora: a1e56fd34408186e4bbccfd4996cb3dc -> 
  custom:scripting/monoscript/fileName/NavigationWindow.cs: 7884404b71178f59d8819c380b951d7c -> 
  custom:scripting/monoscript/fileName/NavMeshComponentsGUIUtility.cs: 08c52049b94db52661003d42fda4ecff -> 
  custom:scripting/monoscript/fileName/ConverterItemInfo.cs: 9fb131dfa28a9ed6b6d00fd9cf83ece4 -> 
  custom:CustomObjectIndexerAttribute: 9a22284fe3817be447336de3de66b15e -> 
  custom:scripting/monoscript/fileName/NavMeshAssetManager.cs: 79eb4858c2054289cd611249ab36b0a5 -> 
  custom:scripting/monoscript/fileName/NavMeshSurfaceEditor.cs: adb1294e971eab992abc2e3e7e051565 -> 
  custom:container-demuxer-webm: 4f35f7cbe854078d1ac9338744f61a02 -> 
  custom:scripting/monoscript/fileName/NavMeshModifierVolume.cs: 8dc531216c72b86c60b86e16ff3da10b -> 
  custom:scripting/monoscript/fileName/NavMeshUpdaterUtility.cs: 5eb03802e6dba19b3e13aaf384805cac -> 
  custom:scripting/monoscript/fileName/NavigationPreferences.cs: ada9399a4f085d4c824cc06527e7fcae -> 
  custom:scripting/monoscript/fileName/NavMeshUpdaterEditor.cs: 169704080eda430978bba61ddedeb304 -> 
  custom:scripting/precompiled-assembly-types:Unity.AI.Navigation.Editor.ConversionSystem: 27c718e5de2659aeeb663e092dc21158 -> 
  custom:scripting/monoscript/fileName/NavMeshModifierEditor.cs: b8675d28116f43f78881455a7301fe8c -> 
  custom:container-muxer-webm: aa71ff27fc2769a1b78a27578f13a17b -> 
  custom:video-decoder-webm-vp8: 9c59270c3fd7afecdb556c50c9e8de78 -> 
  custom:scripting/precompiled-assembly-types:Unity.AI.Navigation.Editor: 7eaf38f66973fde07200cf372b24130e -> 
  custom:scripting/monoscript/fileName/HelpUrls.cs: c1a90585e3e9c9d25f58f9141655f24f -> 
  custom:scripting/monoscript/fileName/EditorStyles.cs: 86b9f4d8fe570a8d8295bfc466c975cf -> 
  custom:SearchIndexIgnoredProperties: e643bd26f0fe6173181afceb89e7c659 -> 
  custom:scripting/precompiled-assembly-types:Unity.AI.Navigation.Updater: d2095ddf03fd615830d6dacf5841450d -> 
  custom:scripting/monoscript/fileName/NavMeshLinkEditor.cs: aed8ae070d922149bb2ba3de06889ff6 -> 
  custom:AudioImporter_EditorPlatform: 3918e3fc78b5a79bad01e8451be0beb8 -> 
  custom:scripting/monoscript/fileName/NavMeshModifier.cs: 99ae5ed91bb784edc4f8312d7de046da -> 
  custom:scripting/monoscript/fileName/NavMeshSceneConverter.cs: baf486a1c1cdf03a3111dd113d13c2f4 -> 
  custom:scripting/monoscript/fileName/SystemConverterContainer.cs: eb4026ea01a117ce0888f693e9eed2cd -> 
  custom:scripting/monoscript/fileName/NavMeshLink.cs: 0b3d0eeb07ab57d259e8f9365538df09 -> 
  custom:framework-osx-AVFoundation: e770b220cccbd017edd2c1fefb359320 -> 
  custom:scripting/monoscript/fileName/ObsoleteNavigationWindowMenuEntry.cs: c7f73386e6473f401a8e4151cac4e1e5 -> 
  custom:scripting/monoscript/fileName/InitializeConverterContext.cs: a97e19589a5774cdc2a34a28caea355f -> 
  custom:scripting/monoscript/fileName/SystemConverter.cs: c748d1769fc66e95256254a1cc1497f3 -> 
  custom:video-encoder-webm-vp8: eb34c28f22e8b96e1ab97ce403110664 -> 
  custom:audio-decoder-ogg-vorbis: bf7c407c2cedff20999df2af8eb42d56 -> 
  custom:scripting/monoscript/fileName/Models.cs: 72a9bccda329dd678eddccf95c3a65ef -> 
  custom:scripting/monoscript/fileName/RunItemContext.cs: 338b2243183036c2b60f94c1b5e817c5 -> 
  custom:scripting/monoscript/fileName/CoordinatePoller.cs: c9ac2ca40c1a1dc312a717df933e1b50 -> 
  custom:audio-encoder-webm-vorbis: bf7c407c2cedff20999df2af8eb42d56 -> 
  custom:scripting/precompiled-assembly-types:Assembly-CSharp: 24bca05b3a3f7adb1fdda3c142d15ea4 -> 
  custom:scripting/monoscript/fileName/SystemConvertersEditor.cs: c127c1335f24b77ca70195bf2136c6a2 -> 
========================================================================
Received Prepare
Caller must complete domain reload
Begin MonoManager ReloadAssembly
Thread 0x16b14b000 may have been prematurely finalized
- Loaded All Assemblies, in  0.297 seconds
Native extension for OSXStandalone target not found
Mono: successfully reloaded assembly
- Finished resetting the current domain, in  0.894 seconds
Domain Reload Profiling: 1192ms
	BeginReloadAssembly (115ms)
		ExecutionOrderSort (0ms)
		DisableScriptedObjects (4ms)
		BackupInstance (0ms)
		ReleaseScriptingObjects (0ms)
		CreateAndSetChildDomain (45ms)
	RebuildCommonClasses (26ms)
	RebuildNativeTypeToScriptingClass (8ms)
	initialDomainReloadingComplete (16ms)
	LoadAllAssembliesAndSetupDomain (132ms)
		LoadAssemblies (155ms)
		RebuildTransferFunctionScriptingTraits (0ms)
		AnalyzeDomain (13ms)
			TypeCache.Refresh (7ms)
				TypeCache.ScanAssembly (0ms)
			ScanForSourceGeneratedMonoScriptInfo (0ms)
			ResolveRequiredComponents (6ms)
	FinalizeReload (895ms)
		ReleaseScriptCaches (0ms)
		RebuildScriptCaches (0ms)
		SetupLoadedEditorAssemblies (410ms)
			LogAssemblyErrors (0ms)
			InitializePlatformSupportModulesInManaged (3ms)
			SetLoadedEditorAssemblies (3ms)
			RefreshPlugins (0ms)
			BeforeProcessingInitializeOnLoad (36ms)
			ProcessInitializeOnLoadAttributes (353ms)
			ProcessInitializeOnLoadMethodAttributes (13ms)
			AfterProcessingInitializeOnLoad (2ms)
			EditorAssembliesLoaded (0ms)
		ExecutionOrderSort2 (0ms)
		AwakeInstancesAfterBackupRestoration (3ms)
Refreshing native plugins compatible for Editor in 0.55 ms, found 2 plugins.
Preloading 0 native plugins for Editor in 0.00 ms.
Unloading 3272 Unused Serialized files (Serialized files now loaded: 0)
Unloading 13 unused Assets / (27.8 KB). Loaded Objects now: 4048.
Memory consumption went from 0.94 GB to 0.94 GB.
Total: 3.061542 ms (FindLiveObjects: 0.215625 ms CreateObjectMapping: 0.049542 ms MarkObjects: 2.747041 ms  DeleteObjects: 0.048417 ms)

Prepare: number of updated asset objects reloaded= 0
AssetImportParameters requested are different than current active one (requested -> active):
  custom:scripting/monoscript/fileName/NavMeshSurface.cs: 34aebd278d8d3d5db6b23265b9c700f9 -> 
  custom:scripting/monoscript/fileName/ObjectAgent.cs: e91ff64fdc0e2c351aa5461de0a543bc -> 
  custom:scripting/precompiled-assembly-types:Unity.AI.Navigation: 5d8fa505e3253b9a2a456e2c28a1afb3 -> 
  custom:container-demuxer-ogg: 62fdf1f143b41e24485cea50d1cbac27 -> 
  custom:scripting/monoscript/fileName/NavMeshModifierVolumeEditor.cs: 262a50135a116189426aa01c964a744c -> 
  custom:scripting/monoscript/fileName/NavigationOverlay.cs: 2744f4e7946ebbb71339c9b1ce538d00 -> 
  custom:scripting/monoscript/fileName/ConverterItemDescriptor.cs: 8182050d34c5cb602eb7913435a7abee -> 
  custom:scripting/monoscript/fileName/BuiltInToNavMeshSurfaceConverterContainer.cs: c40a906f9f99ea8a6c5aaa215767017f -> 
  custom:video-decoder-ogg-theora: a1e56fd34408186e4bbccfd4996cb3dc -> 
  custom:scripting/monoscript/fileName/NavigationWindow.cs: 7884404b71178f59d8819c380b951d7c -> 
  custom:scripting/monoscript/fileName/NavMeshComponentsGUIUtility.cs: 08c52049b94db52661003d42fda4ecff -> 
  custom:scripting/monoscript/fileName/ConverterItemInfo.cs: 9fb131dfa28a9ed6b6d00fd9cf83ece4 -> 
  custom:CustomObjectIndexerAttribute: 9a22284fe3817be447336de3de66b15e -> 
  custom:scripting/monoscript/fileName/NavMeshAssetManager.cs: 79eb4858c2054289cd611249ab36b0a5 -> 
  custom:scripting/monoscript/fileName/NavMeshSurfaceEditor.cs: adb1294e971eab992abc2e3e7e051565 -> 
  custom:container-demuxer-webm: 4f35f7cbe854078d1ac9338744f61a02 -> 
  custom:scripting/monoscript/fileName/NavMeshModifierVolume.cs: 8dc531216c72b86c60b86e16ff3da10b -> 
  custom:scripting/monoscript/fileName/NavMeshUpdaterUtility.cs: 5eb03802e6dba19b3e13aaf384805cac -> 
  custom:scripting/monoscript/fileName/NavigationPreferences.cs: ada9399a4f085d4c824cc06527e7fcae -> 
  custom:scripting/monoscript/fileName/NavMeshUpdaterEditor.cs: 169704080eda430978bba61ddedeb304 -> 
  custom:scripting/precompiled-assembly-types:Unity.AI.Navigation.Editor.ConversionSystem: 27c718e5de2659aeeb663e092dc21158 -> 
  custom:scripting/monoscript/fileName/NavMeshModifierEditor.cs: b8675d28116f43f78881455a7301fe8c -> 
  custom:container-muxer-webm: aa71ff27fc2769a1b78a27578f13a17b -> 
  custom:video-decoder-webm-vp8: 9c59270c3fd7afecdb556c50c9e8de78 -> 
  custom:scripting/precompiled-assembly-types:Unity.AI.Navigation.Editor: 7eaf38f66973fde07200cf372b24130e -> 
  custom:scripting/monoscript/fileName/HelpUrls.cs: c1a90585e3e9c9d25f58f9141655f24f -> 
  custom:scripting/monoscript/fileName/EditorStyles.cs: 86b9f4d8fe570a8d8295bfc466c975cf -> 
  custom:SearchIndexIgnoredProperties: e643bd26f0fe6173181afceb89e7c659 -> 
  custom:scripting/precompiled-assembly-types:Unity.AI.Navigation.Updater: d2095ddf03fd615830d6dacf5841450d -> 
  custom:scripting/monoscript/fileName/NavMeshLinkEditor.cs: aed8ae070d922149bb2ba3de06889ff6 -> 
  custom:AudioImporter_EditorPlatform: 3918e3fc78b5a79bad01e8451be0beb8 -> 
  custom:scripting/monoscript/fileName/NavMeshModifier.cs: 99ae5ed91bb784edc4f8312d7de046da -> 
  custom:scripting/monoscript/fileName/NavMeshSceneConverter.cs: baf486a1c1cdf03a3111dd113d13c2f4 -> 
  custom:scripting/monoscript/fileName/SystemConverterContainer.cs: eb4026ea01a117ce0888f693e9eed2cd -> 
  custom:scripting/monoscript/fileName/NavMeshLink.cs: 0b3d0eeb07ab57d259e8f9365538df09 -> 
  custom:framework-osx-AVFoundation: e770b220cccbd017edd2c1fefb359320 -> 
  custom:scripting/monoscript/fileName/ObsoleteNavigationWindowMenuEntry.cs: c7f73386e6473f401a8e4151cac4e1e5 -> 
  custom:scripting/monoscript/fileName/InitializeConverterContext.cs: a97e19589a5774cdc2a34a28caea355f -> 
  custom:scripting/monoscript/fileName/SystemConverter.cs: c748d1769fc66e95256254a1cc1497f3 -> 
  custom:video-encoder-webm-vp8: eb34c28f22e8b96e1ab97ce403110664 -> 
  custom:audio-decoder-ogg-vorbis: bf7c407c2cedff20999df2af8eb42d56 -> 
  custom:scripting/monoscript/fileName/Models.cs: 72a9bccda329dd678eddccf95c3a65ef -> 
  custom:scripting/monoscript/fileName/RunItemContext.cs: 338b2243183036c2b60f94c1b5e817c5 -> 
  custom:scripting/monoscript/fileName/CoordinatePoller.cs: c9ac2ca40c1a1dc312a717df933e1b50 -> 
  custom:audio-encoder-webm-vorbis: bf7c407c2cedff20999df2af8eb42d56 -> 
  custom:scripting/precompiled-assembly-types:Assembly-CSharp: 24bca05b3a3f7adb1fdda3c142d15ea4 -> 
  custom:scripting/monoscript/fileName/SystemConvertersEditor.cs: c127c1335f24b77ca70195bf2136c6a2 -> 
========================================================================
Received Prepare
Caller must complete domain reload
Begin MonoManager ReloadAssembly
Thread 0x16b14b000 may have been prematurely finalized
- Loaded All Assemblies, in  0.352 seconds
Native extension for OSXStandalone target not found
Mono: successfully reloaded assembly
- Finished resetting the current domain, in  1.031 seconds
Domain Reload Profiling: 1383ms
	BeginReloadAssembly (141ms)
		ExecutionOrderSort (0ms)
		DisableScriptedObjects (4ms)
		BackupInstance (0ms)
		ReleaseScriptingObjects (0ms)
		CreateAndSetChildDomain (68ms)
	RebuildCommonClasses (25ms)
	RebuildNativeTypeToScriptingClass (8ms)
	initialDomainReloadingComplete (16ms)
	LoadAllAssembliesAndSetupDomain (162ms)
		LoadAssemblies (179ms)
		RebuildTransferFunctionScriptingTraits (0ms)
		AnalyzeDomain (26ms)
			TypeCache.Refresh (20ms)
				TypeCache.ScanAssembly (0ms)
			ScanForSourceGeneratedMonoScriptInfo (0ms)
			ResolveRequiredComponents (5ms)
	FinalizeReload (1031ms)
		ReleaseScriptCaches (0ms)
		RebuildScriptCaches (0ms)
		SetupLoadedEditorAssemblies (410ms)
			LogAssemblyErrors (0ms)
			InitializePlatformSupportModulesInManaged (4ms)
			SetLoadedEditorAssemblies (3ms)
			RefreshPlugins (0ms)
			BeforeProcessingInitializeOnLoad (42ms)
			ProcessInitializeOnLoadAttributes (347ms)
			ProcessInitializeOnLoadMethodAttributes (13ms)
			AfterProcessingInitializeOnLoad (1ms)
			EditorAssembliesLoaded (0ms)
		ExecutionOrderSort2 (0ms)
		AwakeInstancesAfterBackupRestoration (3ms)
Refreshing native plugins compatible for Editor in 0.93 ms, found 2 plugins.
Preloading 0 native plugins for Editor in 0.00 ms.
Unloading 3272 Unused Serialized files (Serialized files now loaded: 0)
Unloading 13 unused Assets / (27.7 KB). Loaded Objects now: 4051.
Memory consumption went from 0.95 GB to 0.95 GB.
Total: 4.037000 ms (FindLiveObjects: 0.169583 ms CreateObjectMapping: 0.048042 ms MarkObjects: 3.760333 ms  DeleteObjects: 0.058292 ms)

Prepare: number of updated asset objects reloaded= 0
AssetImportParameters requested are different than current active one (requested -> active):
  custom:scripting/monoscript/fileName/NavMeshSurface.cs: 34aebd278d8d3d5db6b23265b9c700f9 -> 
  custom:scripting/monoscript/fileName/ObjectAgent.cs: e91ff64fdc0e2c351aa5461de0a543bc -> 
  custom:scripting/precompiled-assembly-types:Unity.AI.Navigation: 5d8fa505e3253b9a2a456e2c28a1afb3 -> 
  custom:container-demuxer-ogg: 62fdf1f143b41e24485cea50d1cbac27 -> 
  custom:scripting/monoscript/fileName/NavMeshModifierVolumeEditor.cs: 262a50135a116189426aa01c964a744c -> 
  custom:scripting/monoscript/fileName/NavigationOverlay.cs: 2744f4e7946ebbb71339c9b1ce538d00 -> 
  custom:scripting/monoscript/fileName/ConverterItemDescriptor.cs: 8182050d34c5cb602eb7913435a7abee -> 
  custom:scripting/monoscript/fileName/BuiltInToNavMeshSurfaceConverterContainer.cs: c40a906f9f99ea8a6c5aaa215767017f -> 
  custom:video-decoder-ogg-theora: a1e56fd34408186e4bbccfd4996cb3dc -> 
  custom:scripting/monoscript/fileName/NavigationWindow.cs: 7884404b71178f59d8819c380b951d7c -> 
  custom:scripting/monoscript/fileName/NavMeshComponentsGUIUtility.cs: 08c52049b94db52661003d42fda4ecff -> 
  custom:scripting/monoscript/fileName/ConverterItemInfo.cs: 9fb131dfa28a9ed6b6d00fd9cf83ece4 -> 
  custom:CustomObjectIndexerAttribute: 9a22284fe3817be447336de3de66b15e -> 
  custom:scripting/monoscript/fileName/NavMeshAssetManager.cs: 79eb4858c2054289cd611249ab36b0a5 -> 
  custom:scripting/monoscript/fileName/NavMeshSurfaceEditor.cs: adb1294e971eab992abc2e3e7e051565 -> 
  custom:container-demuxer-webm: 4f35f7cbe854078d1ac9338744f61a02 -> 
  custom:scripting/monoscript/fileName/NavMeshModifierVolume.cs: 8dc531216c72b86c60b86e16ff3da10b -> 
  custom:scripting/monoscript/fileName/NavMeshUpdaterUtility.cs: 5eb03802e6dba19b3e13aaf384805cac -> 
  custom:scripting/monoscript/fileName/NavigationPreferences.cs: ada9399a4f085d4c824cc06527e7fcae -> 
  custom:scripting/monoscript/fileName/NavMeshUpdaterEditor.cs: 169704080eda430978bba61ddedeb304 -> 
  custom:scripting/precompiled-assembly-types:Unity.AI.Navigation.Editor.ConversionSystem: 27c718e5de2659aeeb663e092dc21158 -> 
  custom:scripting/monoscript/fileName/NavMeshModifierEditor.cs: b8675d28116f43f78881455a7301fe8c -> 
  custom:container-muxer-webm: aa71ff27fc2769a1b78a27578f13a17b -> 
  custom:video-decoder-webm-vp8: 9c59270c3fd7afecdb556c50c9e8de78 -> 
  custom:scripting/precompiled-assembly-types:Unity.AI.Navigation.Editor: 7eaf38f66973fde07200cf372b24130e -> 
  custom:scripting/monoscript/fileName/HelpUrls.cs: c1a90585e3e9c9d25f58f9141655f24f -> 
  custom:scripting/monoscript/fileName/EditorStyles.cs: 86b9f4d8fe570a8d8295bfc466c975cf -> 
  custom:SearchIndexIgnoredProperties: e643bd26f0fe6173181afceb89e7c659 -> 
  custom:scripting/precompiled-assembly-types:Unity.AI.Navigation.Updater: d2095ddf03fd615830d6dacf5841450d -> 
  custom:scripting/monoscript/fileName/NavMeshLinkEditor.cs: aed8ae070d922149bb2ba3de06889ff6 -> 
  custom:AudioImporter_EditorPlatform: 3918e3fc78b5a79bad01e8451be0beb8 -> 
  custom:scripting/monoscript/fileName/NavMeshModifier.cs: 99ae5ed91bb784edc4f8312d7de046da -> 
  custom:scripting/monoscript/fileName/NavMeshSceneConverter.cs: baf486a1c1cdf03a3111dd113d13c2f4 -> 
  custom:scripting/monoscript/fileName/SystemConverterContainer.cs: eb4026ea01a117ce0888f693e9eed2cd -> 
  custom:scripting/monoscript/fileName/NavMeshLink.cs: 0b3d0eeb07ab57d259e8f9365538df09 -> 
  custom:framework-osx-AVFoundation: e770b220cccbd017edd2c1fefb359320 -> 
  custom:scripting/monoscript/fileName/ObsoleteNavigationWindowMenuEntry.cs: c7f73386e6473f401a8e4151cac4e1e5 -> 
  custom:scripting/monoscript/fileName/InitializeConverterContext.cs: a97e19589a5774cdc2a34a28caea355f -> 
  custom:scripting/monoscript/fileName/SystemConverter.cs: c748d1769fc66e95256254a1cc1497f3 -> 
  custom:video-encoder-webm-vp8: eb34c28f22e8b96e1ab97ce403110664 -> 
  custom:audio-decoder-ogg-vorbis: bf7c407c2cedff20999df2af8eb42d56 -> 
  custom:scripting/monoscript/fileName/Models.cs: 72a9bccda329dd678eddccf95c3a65ef -> 
  custom:scripting/monoscript/fileName/RunItemContext.cs: 338b2243183036c2b60f94c1b5e817c5 -> 
  custom:scripting/monoscript/fileName/CoordinatePoller.cs: c9ac2ca40c1a1dc312a717df933e1b50 -> 
  custom:audio-encoder-webm-vorbis: bf7c407c2cedff20999df2af8eb42d56 -> 
  custom:scripting/precompiled-assembly-types:Assembly-CSharp: 24bca05b3a3f7adb1fdda3c142d15ea4 -> 
  custom:scripting/monoscript/fileName/SystemConvertersEditor.cs: c127c1335f24b77ca70195bf2136c6a2 -> 
